{
    "intervention_year": 2011,
    "crisis_year": 2019,
    "r_squared": 0.9116802859191613,
    "beta_policy1": -5.130339169440547,
    "beta_policy2": -1.6966774862773129,
    "p_values": {
        "const": 1.0296427130295755e-82,
        "time": 2.2541272168983496e-48,
        "policy1": 6.925489435877076e-08,
        "trend_after_p1": 1.4509082940769205e-17,
        "policy2": 0.6305545637802537,
        "trend_after_p2": 2.413968328158057e-12
    }
}