codigo_provincia,provincia,codigo_canton,canton,anio,vab,participacion_provincial
01,AZUAY,0101,Cuenca,2007,1968.338784984955,84.39341012673636
01,AZUAY,0101,Cuenca,2008,2242.683432128813,84.83068657593964
01,AZUAY,0101,Cuenca,2009,2388.1466031869954,85.69258007862294
01,AZUAY,0101,Cuenca,2010,2635.2829245378657,86.53768625500136
01,AZUAY,0101,Cuenca,2011,2881.0198307301653,86.46689014381548
01,AZUAY,0101,Cuenca,2012,3027.1950783437305,86.99737606469306
01,AZUAY,0101,Cuenca,2013,3368.263442940266,88.34657178808324
01,AZUAY,0101,Cuenca,2014,3467.1305095346524,88.22874165912192
01,AZUAY,0101,Cuenca,2015,3768.547845559982,87.52578512558664
01,AZUAY,0101,Cuenca,2016,3763.837890107637,87.52801433021239
01,AZUAY,0101,Cuenca,2017,4035.9975865722863,87.63145170794022
01,AZUAY,0101,Cuenca,2018,3997.61996,85.9515277257354
01,AZUAY,0101,Cuenca,2019,3924.2377200000005,84.29555538589108
01,AZUAY,0101,Cuenca,2020,3488.7119500000003,83.2536011074211
01,AZUAY,0101,Cuenca,2021,3757.9798400000004,81.58715279334893
01,AZUAY,0101,Cuenca,2022,4174.47089,82.10529704763833
01,AZUAY,0101,Cuenca,2023,4139.07493,83.30154531591765
01,AZUAY,0101,Cuenca,2024,4557.407629999999,85.48727244475187
01,AZUAY,0102,Girón,2007,19.551693783625893,0.8382876589847382
01,AZUAY,0102,Girón,2008,20.29136385381796,0.7675315662575039
01,AZUAY,0102,Girón,2009,21.589436891731225,0.7746821519366297
01,AZUAY,0102,Girón,2010,23.391888693584587,0.7681451983119888
01,AZUAY,0102,Girón,2011,19.868786475398963,0.5963139021586815
01,AZUAY,0102,Girón,2012,20.522078517203198,0.5897759926879615
01,AZUAY,0102,Girón,2013,21.498575665738834,0.563888630022583
01,AZUAY,0102,Girón,2014,23.011627149289872,0.5855813334189233
01,AZUAY,0102,Girón,2015,22.98271560345471,0.5337812626899358
01,AZUAY,0102,Girón,2016,23.009286787075023,0.5350807453531095
01,AZUAY,0102,Girón,2017,24.01925119111433,0.521517123255426
01,AZUAY,0102,Girón,2018,20.64174,0.44381134416724827
01,AZUAY,0102,Girón,2019,24.15174,0.5187974027311579
01,AZUAY,0102,Girón,2020,20.60122,0.4916214857481214
01,AZUAY,0102,Girón,2021,21.31083,0.46266611780522066
01,AZUAY,0102,Girón,2022,24.35896,0.4791025495860005
01,AZUAY,0102,Girón,2023,20.4875,0.41232411553850823
01,AZUAY,0102,Girón,2024,25.07995,0.470446510958853
01,AZUAY,0103,Gualaceo,2007,66.54637635909197,2.853205797376963
01,AZUAY,0103,Gualaceo,2008,70.54044030640608,2.668229450859836
01,AZUAY,0103,Gualaceo,2009,67.83944052270701,2.4342461562967355
01,AZUAY,0103,Gualaceo,2010,66.43048196088878,2.1814508613749872
01,AZUAY,0103,Gualaceo,2011,66.79296895795272,2.0046305296700666
01,AZUAY,0103,Gualaceo,2012,70.51658600479105,2.0265486011603815
01,AZUAY,0103,Gualaceo,2013,75.97097715542944,1.9926515549549928
01,AZUAY,0103,Gualaceo,2014,77.60922402896257,1.9749369567675399
01,AZUAY,0103,Gualaceo,2015,84.88434620704665,1.9714673532398481
01,AZUAY,0103,Gualaceo,2016,77.71334334110907,1.8072230601341828
01,AZUAY,0103,Gualaceo,2017,82.99601759898837,1.802048032034135
01,AZUAY,0103,Gualaceo,2018,94.3896,2.029440117519594
01,AZUAY,0103,Gualaceo,2019,101.92595,2.1894454863668567
01,AZUAY,0103,Gualaceo,2020,95.37825000000001,2.2760786484031414
01,AZUAY,0103,Gualaceo,2021,109.26994999999998,2.3722916263360254
01,AZUAY,0103,Gualaceo,2022,120.88867000000003,2.3776905915958917
01,AZUAY,0103,Gualaceo,2023,113.86847999999998,2.29167640286586
01,AZUAY,0103,Gualaceo,2024,133.23928999999998,2.4992856486211013
01,AZUAY,0104,Nabón,2007,22.050830300034537,0.9454392604269615
01,AZUAY,0104,Nabón,2008,19.565038324045005,0.7400579190696854
01,AZUAY,0104,Nabón,2009,20.724961259253188,0.7436626377814756
01,AZUAY,0104,Nabón,2010,19.071574046119366,0.6262742705250623
01,AZUAY,0104,Nabón,2011,16.345770530885577,0.49057904070444935
01,AZUAY,0104,Nabón,2012,16.494697707692897,0.4740346698550787
01,AZUAY,0104,Nabón,2013,16.281235222754198,0.42704240353305173
01,AZUAY,0104,Nabón,2014,16.33727328682122,0.41573775785869843
01,AZUAY,0104,Nabón,2015,18.95929741352277,0.4403360285058299
01,AZUAY,0104,Nabón,2016,19.65349009881003,0.45704172529017634
01,AZUAY,0104,Nabón,2017,21.593044146712714,0.46883819050474695
01,AZUAY,0104,Nabón,2018,21.181189999999997,0.4554098833219427
01,AZUAY,0104,Nabón,2019,23.091829999999998,0.49602974478482426
01,AZUAY,0104,Nabón,2020,24.12572,0.5757291224084383
01,AZUAY,0104,Nabón,2021,23.402620000000006,0.5080796638080645
01,AZUAY,0104,Nabón,2022,25.904480000000007,0.5095005046890163
01,AZUAY,0104,Nabón,2023,23.033720000000002,0.46356843082668203
01,AZUAY,0104,Nabón,2024,31.194220000000005,0.5851372096468642
01,AZUAY,0105,Paute,2007,51.069209497041136,2.189615311555706
01,AZUAY,0105,Paute,2008,58.336461048296606,2.206607482911713
01,AZUAY,0105,Paute,2009,65.33663264937843,2.3444392475330926
01,AZUAY,0105,Paute,2010,68.05550293111045,2.234813463761788
01,AZUAY,0105,Paute,2011,72.08620053419112,2.163494161334963
01,AZUAY,0105,Paute,2012,70.99064155228686,2.040172298237615
01,AZUAY,0105,Paute,2013,68.87574730927531,1.8065499499068383
01,AZUAY,0105,Paute,2014,65.84367854322875,1.6755368418065422
01,AZUAY,0105,Paute,2015,66.7898828040202,1.5512173841059806
01,AZUAY,0105,Paute,2016,65.10101493447165,1.5139234830150592
01,AZUAY,0105,Paute,2017,65.33629287104624,1.4186118972304746
01,AZUAY,0105,Paute,2018,77.74043999999999,1.6714719385358654
01,AZUAY,0105,Paute,2019,88.45680999999999,1.9001183054257587
01,AZUAY,0105,Paute,2020,78.04188,1.8623685876941563
01,AZUAY,0105,Paute,2021,73.73266999999998,1.600763939476475
01,AZUAY,0105,Paute,2022,74.60309,1.4673258064381178
01,AZUAY,0105,Paute,2023,62.63786000000001,1.2606272226345288
01,AZUAY,0105,Paute,2024,79.13286000000002,1.4843641191148862
01,AZUAY,0106,Pucará,2007,11.584420872471183,0.4966872518231958
01,AZUAY,0106,Pucará,2008,11.287877793518028,0.42696994568711727
01,AZUAY,0106,Pucará,2009,11.152327966566705,0.4001729860565235
01,AZUAY,0106,Pucará,2010,10.975415708806466,0.36041180712824833
01,AZUAY,0106,Pucará,2011,11.732645401737301,0.35212717046492875
01,AZUAY,0106,Pucará,2012,11.172975899030728,0.32109578698890767
01,AZUAY,0106,Pucará,2013,11.582224553803348,0.3037915086935896
01,AZUAY,0106,Pucará,2014,11.608863510375024,0.29541299838475216
01,AZUAY,0106,Pucará,2015,11.68037318649642,0.27128057692366564
01,AZUAY,0106,Pucará,2016,11.04299006182106,0.25680462883905586
01,AZUAY,0106,Pucará,2017,11.470359348027856,0.24904976272126442
01,AZUAY,0106,Pucará,2018,19.513870000000004,0.41956137780075436
01,AZUAY,0106,Pucará,2019,23.673309999999994,0.5085203692176855
01,AZUAY,0106,Pucará,2020,23.14593,0.5523477005547252
01,AZUAY,0106,Pucará,2021,25.329320000000003,0.5499090439483648
01,AZUAY,0106,Pucará,2022,23.95617,0.47118030184029436
01,AZUAY,0106,Pucará,2023,28.267060000000004,0.5688927645332006
01,AZUAY,0106,Pucará,2024,17.15743,0.32183688885028694
01,AZUAY,0107,San Fernando,2007,7.051111508683792,0.3023195752382893
01,AZUAY,0107,San Fernando,2008,8.248809395266191,0.31201557670146507
01,AZUAY,0107,San Fernando,2009,9.563472721925642,0.34316094789142626
01,AZUAY,0107,San Fernando,2010,9.071678449438625,0.2978966911499437
01,AZUAY,0107,San Fernando,2011,8.807394620618243,0.264332794585875
01,AZUAY,0107,San Fernando,2012,7.316196652129788,0.21025731577788714
01,AZUAY,0107,San Fernando,2013,7.300000619695741,0.19147256137365007
01,AZUAY,0107,San Fernando,2014,7.766946160605585,0.1976469834059848
01,AZUAY,0107,San Fernando,2015,7.607869833578356,0.17669532339936778
01,AZUAY,0107,San Fernando,2016,6.905274350143867,0.160582089324829
01,AZUAY,0107,San Fernando,2017,6.748298916900602,0.14652219630026006
01,AZUAY,0107,San Fernando,2018,6.40191,0.13764538659714484
01,AZUAY,0107,San Fernando,2019,7.432930000000002,0.15966488454589634
01,AZUAY,0107,San Fernando,2020,8.21229,0.19597568547855124
01,AZUAY,0107,San Fernando,2021,6.846540000000001,0.1486409530833926
01,AZUAY,0107,San Fernando,2022,7.843190000000001,0.1542632495758203
01,AZUAY,0107,San Fernando,2023,5.832020000000002,0.11737315379147732
01,AZUAY,0107,San Fernando,2024,8.37749,0.15714389147875818
01,AZUAY,0108,Santa Isabel,2007,29.31196863101783,1.2567638300733004
01,AZUAY,0108,Santa Isabel,2008,30.436846352330104,1.1512898059017034
01,AZUAY,0108,Santa Isabel,2009,33.32940987389206,1.1959412880181988
01,AZUAY,0108,Santa Isabel,2010,34.73113599567695,1.1405045439668466
01,AZUAY,0108,Santa Isabel,2011,34.39064540789028,1.0321526171881015
01,AZUAY,0108,Santa Isabel,2012,34.06140666677936,0.9788774520284739
01,AZUAY,0108,Santa Isabel,2013,36.1431113022606,0.9480018506279518
01,AZUAY,0108,Santa Isabel,2014,34.78938344393749,0.8852921791995834
01,AZUAY,0108,Santa Isabel,2015,37.38173440822568,0.8682032940860623
01,AZUAY,0108,Santa Isabel,2016,37.91795558327684,0.8817816963871683
01,AZUAY,0108,Santa Isabel,2017,42.31508365482492,0.9187647242783669
01,AZUAY,0108,Santa Isabel,2018,48.356579999999994,1.0396991130171718
01,AZUAY,0108,Santa Isabel,2019,50.67821,1.0886057784269039
01,AZUAY,0108,Santa Isabel,2020,43.9419,1.0486166433150743
01,AZUAY,0108,Santa Isabel,2021,50.39206,1.0940305360423666
01,AZUAY,0108,Santa Isabel,2022,56.821349999999995,1.1175868615046984
01,AZUAY,0108,Santa Isabel,2023,50.17151000000001,1.0097339102370433
01,AZUAY,0108,Santa Isabel,2024,64.69847,1.2136056681084302
01,AZUAY,0109,Sigsig,2007,35.23320332635491,1.5106394290871472
01,AZUAY,0109,Sigsig,2008,35.91864251083852,1.358641643942529
01,AZUAY,0109,Sigsig,2009,35.109100880456175,1.259800983185857
01,AZUAY,0109,Sigsig,2010,32.42853670445772,1.064891556390015
01,AZUAY,0109,Sigsig,2011,32.22643327043078,0.9671989882190861
01,AZUAY,0109,Sigsig,2012,34.3716097235743,0.9877922564232974
01,AZUAY,0109,Sigsig,2013,34.24904741783241,0.8983222297278777
01,AZUAY,0109,Sigsig,2014,35.95043962933596,0.914837800845939
01,AZUAY,0109,Sigsig,2015,39.86270528276614,0.9258246730805487
01,AZUAY,0109,Sigsig,2016,39.79644935433632,0.9254660511636186
01,AZUAY,0109,Sigsig,2017,44.72650644662355,0.9711226544788149
01,AZUAY,0109,Sigsig,2018,37.72737,0.8111639227892183
01,AZUAY,0109,Sigsig,2019,39.395230000000005,0.8462389460964963
01,AZUAY,0109,Sigsig,2020,36.18279,0.863455512746928
01,AZUAY,0109,Sigsig,2021,35.59493,0.7727792899970851
01,AZUAY,0109,Sigsig,2022,38.010369999999995,0.7476043795674044
01,AZUAY,0109,Sigsig,2023,32.96414,0.663424520804762
01,AZUAY,0109,Sigsig,2024,42.15006999999999,0.7906456499383538
01,AZUAY,0110,Oña,2007,4.778108869777956,0.2048635654356879
01,AZUAY,0110,Oña,2008,5.325539932827316,0.20144136368836227
01,AZUAY,0110,Oña,2009,6.287047518910352,0.22559474458283407
01,AZUAY,0110,Oña,2010,5.635154375125537,0.18504776727099573
01,AZUAY,0110,Oña,2011,5.839234057783213,0.17525058467591495
01,AZUAY,0110,Oña,2012,5.426857129584056,0.15596032575809327
01,AZUAY,0110,Oña,2013,5.302948129827924,0.13909164041852914
01,AZUAY,0110,Oña,2014,5.030159507445782,0.12800344332759944
01,AZUAY,0110,Oña,2015,5.44866349912743,0.1265470335498395
01,AZUAY,0110,Oña,2016,5.342289218110708,0.12423488494759825
01,AZUAY,0110,Oña,2017,5.255273323907543,0.11410493208127745
01,AZUAY,0110,Oña,2018,5.979769999999999,0.12856909163234234
01,AZUAY,0110,Oña,2019,7.447349999999999,0.15997463690938574
01,AZUAY,0110,Oña,2020,7.422140000000001,0.17711977709235482
01,AZUAY,0110,Oña,2021,7.594469999999999,0.16487879410084982
01,AZUAY,0110,Oña,2022,7.72274,0.15189418693531206
01,AZUAY,0110,Oña,2023,6.123709999999999,0.12324360266329801
01,AZUAY,0110,Oña,2024,7.96839,0.14947004573212525
01,AZUAY,0111,Chordeleg,2007,17.157035885214864,0.7356156252497654
01,AZUAY,0111,Chordeleg,2008,17.17891078165594,0.6498013831811206
01,AZUAY,0111,Chordeleg,2009,16.603971754182567,0.5957913878778206
01,AZUAY,0111,Chordeleg,2010,15.063873492193183,0.4946689958464513
01,AZUAY,0111,Chordeleg,2011,14.236953406758833,0.42728796000437275
01,AZUAY,0111,Chordeleg,2012,14.966921107008686,0.4301284953163427
01,AZUAY,0111,Chordeleg,2013,14.853870656689557,0.3896038930840243
01,AZUAY,0111,Chordeleg,2014,16.41385257124986,0.4176864857429573
01,AZUAY,0111,Chordeleg,2015,18.902726296475986,0.4390221453768723
01,AZUAY,0111,Chordeleg,2016,19.400144076541608,0.45115016595232754
01,AZUAY,0111,Chordeleg,2017,21.321173884567536,0.4629352172653021
01,AZUAY,0111,Chordeleg,2018,20.149109999999997,0.43321946661830557
01,AZUAY,0111,Chordeleg,2019,22.83407,0.49049286758558397
01,AZUAY,0111,Chordeleg,2020,21.264550000000003,0.507450998764404
01,AZUAY,0111,Chordeleg,2021,20.65682,0.44846731523836647
01,AZUAY,0111,Chordeleg,2022,23.060589999999998,0.45356564746431816
01,AZUAY,0111,Chordeleg,2023,17.862350000000003,0.359491283230715
01,AZUAY,0111,Chordeleg,2024,25.345419999999997,0.47542616344078564
01,AZUAY,0112,El Pan,2007,5.1319912242929995,0.220036430447049
01,AZUAY,0112,El Pan,2008,4.913121490377923,0.1858414180480842
01,AZUAY,0112,El Pan,2009,5.995760883091267,0.21514266290055842
01,AZUAY,0112,El Pan,2010,5.53581105706609,0.18178552138092047
01,AZUAY,0112,El Pan,2011,5.964844949829041,0.1790204938891537
01,AZUAY,0112,El Pan,2012,5.367335440915278,0.15424975521370785
01,AZUAY,0112,El Pan,2013,4.996897811994059,0.13106421120067901
01,AZUAY,0112,El Pan,2014,5.387950318199663,0.13710821539291432
01,AZUAY,0112,El Pan,2015,5.526246641243512,0.12834892799419967
01,AZUAY,0112,El Pan,2016,5.355741269982291,0.12454771228590662
01,AZUAY,0112,El Pan,2017,6.060695826371642,0.1315926390521614
01,AZUAY,0112,El Pan,2018,5.69505,0.12244741943264897
01,AZUAY,0112,El Pan,2019,6.765959999999999,0.14533787110091878
01,AZUAY,0112,El Pan,2020,6.2773200000000005,0.1498001276097434
01,AZUAY,0112,El Pan,2021,5.126429999999999,0.1112967193816579
01,AZUAY,0112,El Pan,2022,5.62908,0.11071517748801935
01,AZUAY,0112,El Pan,2023,4.005559999999999,0.08061447146974626
01,AZUAY,0112,El Pan,2024,5.741599999999999,0.10770020224607106
01,AZUAY,0113,Sevilla De Oro,2007,64.54548262266692,2.767416579074572
01,AZUAY,0113,Sevilla De Oro,2008,69.11455364489534,2.6142945339908
01,AZUAY,0113,Sevilla De Oro,2009,53.908151035939404,1.9343571886972726
01,AZUAY,0113,Sevilla De Oro,2010,78.84250875579677,2.589038248127693
01,AZUAY,0113,Sevilla De Oro,2011,133.01777274493205,3.992208946439664
01,AZUAY,0113,Sevilla De Oro,2012,126.73156264683422,3.642088841160882
01,AZUAY,0113,Sevilla De Oro,2013,107.3481800852888,2.8156478431349483
01,AZUAY,0113,Sevilla De Oro,2014,117.42606402513465,2.9881637966699013
01,AZUAY,0113,Sevilla De Oro,2015,172.98090303448024,4.017539373332834
01,AZUAY,0113,Sevilla De Oro,2016,178.48814080421485,4.150740016498827
01,AZUAY,0113,Sevilla De Oro,2017,186.68074323232116,4.053298889422551
01,AZUAY,0113,Sevilla De Oro,2018,140.42372999999998,3.0192049877713187
01,AZUAY,0113,Sevilla De Oro,2019,161.80250999999998,3.4756386886982957
01,AZUAY,0113,Sevilla De Oro,2020,148.31584000000007,3.5393658055581505
01,AZUAY,0113,Sevilla De Oro,2021,149.58721,3.247594473045596
01,AZUAY,0113,Sevilla De Oro,2022,159.80233999999996,3.1430614658347027
01,AZUAY,0113,Sevilla De Oro,2023,147.42311000000004,2.9669849147375826
01,AZUAY,0113,Sevilla De Oro,2024,10.31674,0.1935200962310386
01,AZUAY,0114,Guachapala,2007,7.783180486912558,0.3337073617270839
01,AZUAY,0114,Guachapala,2008,7.666060594093363,0.28997279518509567
01,AZUAY,0114,Guachapala,2009,9.447488726014896,0.33899915654907037
01,AZUAY,0114,Guachapala,2010,9.55314014280951,0.3137069787576919
01,AZUAY,0114,Guachapala,2011,7.289866641550813,0.21878783732574586
01,AZUAY,0114,Guachapala,2012,6.614588578688358,0.19009407560487368
01,AZUAY,0114,Guachapala,2013,6.711447005890592,0.1760353205004175
01,AZUAY,0114,Guachapala,2014,7.212278048408635,0.18353223651572545
01,AZUAY,0114,Guachapala,2015,7.031805047139876,0.1633160259132988
01,AZUAY,0114,Guachapala,2016,6.610039408381566,0.15371640356262656
01,AZUAY,0114,Guachapala,2017,6.5413760535437655,0.14202939110933244
01,AZUAY,0114,Guachapala,2018,7.90849,0.17003787361110262
01,AZUAY,0114,Guachapala,2019,7.592819999999999,0.16309944109224384
01,AZUAY,0114,Guachapala,2020,6.94799,0.16580480023819413
01,AZUAY,0114,Guachapala,2021,6.861879999999999,0.14897399024089097
01,AZUAY,0114,Guachapala,2022,6.532420000000001,0.12848245889670915
01,AZUAY,0114,Guachapala,2023,5.045310000000001,0.1015401090112308
01,AZUAY,0114,Guachapala,2024,7.2328199999999985,0.13567231726512255
01,AZUAY,0115,Camilo Ponce Enríquez,2007,22.203666863063972,0.9519921967631737
01,AZUAY,0115,Camilo Ponce Enríquez,2008,42.21007855243246,1.5966185386353384
01,AZUAY,0115,Camilo Ponce Enríquez,2009,41.84295871682454,1.5014283820695744
01,AZUAY,0115,Camilo Ponce Enríquez,2010,31.173478878111126,1.0236778410059972
01,AZUAY,0115,Camilo Ponce Enríquez,2011,22.31479022525764,0.6697248295235197
01,AZUAY,0115,Camilo Ponce Enríquez,2012,27.890983378754296,0.801548069093443
01,AZUAY,0115,Camilo Ponce Enríquez,2013,33.17933484206396,0.8702646147376304
01,AZUAY,0115,Camilo Ponce Enríquez,2014,38.188152414742135,0.9717813115410164
01,AZUAY,0115,Camilo Ponce Enríquez,2015,37.055891015144546,0.8606354722150961
01,AZUAY,0115,Camilo Ponce Enríquez,2016,39.97821489286944,0.9296930070331264
01,AZUAY,0115,Camilo Ponce Enríquez,2017,44.58787583456714,0.9681126423256657
01,AZUAY,0115,Camilo Ponce Enríquez,2018,147.28795,3.166790351449949
01,AZUAY,0115,Camilo Ponce Enríquez,2019,165.84526999999997,3.562480191126917
01,AZUAY,0115,Camilo Ponce Enríquez,2020,181.89395,4.340663996966903
01,AZUAY,0115,Camilo Ponce Enríquez,2021,312.40707000000003,6.7824747441467
01,AZUAY,0115,Camilo Ponce Enríquez,2022,334.68503,6.582729770945354
01,AZUAY,0115,Camilo Ponce Enríquez,2023,311.98803,6.278959781737721
01,AZUAY,0115,Camilo Ponce Enríquez,2024,316.0525300000001,5.928473143615449
02,BOLÍVAR,0201,Guaranda,2007,110.93818897814609,51.9508054665037
02,BOLÍVAR,0201,Guaranda,2008,135.10253303943858,55.70863382347111
02,BOLÍVAR,0201,Guaranda,2009,164.99363757920742,58.189310261046124
02,BOLÍVAR,0201,Guaranda,2010,172.4002390748218,60.22591350869955
02,BOLÍVAR,0201,Guaranda,2011,186.81664338259094,61.06512762977609
02,BOLÍVAR,0201,Guaranda,2012,176.66530498167978,58.596848445953675
02,BOLÍVAR,0201,Guaranda,2013,193.84212987269754,58.56466683160957
02,BOLÍVAR,0201,Guaranda,2014,195.3324668035549,56.050630080463826
02,BOLÍVAR,0201,Guaranda,2015,238.7021391828068,59.58678982576352
02,BOLÍVAR,0201,Guaranda,2016,239.4190948422487,60.070733813691646
02,BOLÍVAR,0201,Guaranda,2017,254.03593325099519,59.70572539011913
02,BOLÍVAR,0201,Guaranda,2018,217.59114000000002,52.27565981728337
02,BOLÍVAR,0201,Guaranda,2019,196.50749000000002,47.46860313148947
02,BOLÍVAR,0201,Guaranda,2020,183.80398000000002,45.098336535540334
02,BOLÍVAR,0201,Guaranda,2021,186.01693000000003,43.54877221080811
02,BOLÍVAR,0201,Guaranda,2022,215.47531999999995,45.44759225984624
02,BOLÍVAR,0201,Guaranda,2023,216.30912000000006,43.32215963817128
02,BOLÍVAR,0201,Guaranda,2024,221.45180999999997,35.35530667240904
02,BOLÍVAR,0202,Chillanes,2007,14.327166245056665,6.709211979562959
02,BOLÍVAR,0202,Chillanes,2008,16.058309141550936,6.621537314401173
02,BOLÍVAR,0202,Chillanes,2009,17.094494862187375,6.028819534414791
02,BOLÍVAR,0202,Chillanes,2010,16.579451256578043,5.791828380046585
02,BOLÍVAR,0202,Chillanes,2011,19.3735528901111,6.332671749454512
02,BOLÍVAR,0202,Chillanes,2012,19.829892768961173,6.577234966440224
02,BOLÍVAR,0202,Chillanes,2013,20.545266530998685,6.207250663953988
02,BOLÍVAR,0202,Chillanes,2014,24.135024122094944,6.9255425438880245
02,BOLÍVAR,0202,Chillanes,2015,24.28892666995813,6.063201500962599
02,BOLÍVAR,0202,Chillanes,2016,22.783112976260504,5.716329000182576
02,BOLÍVAR,0202,Chillanes,2017,22.673482832386465,5.328918323891265
02,BOLÍVAR,0202,Chillanes,2018,26.74782,6.426088576832349
02,BOLÍVAR,0202,Chillanes,2019,31.131890000000006,7.52025956437175
02,BOLÍVAR,0202,Chillanes,2020,39.02813999999999,9.57598519942921
02,BOLÍVAR,0202,Chillanes,2021,44.79315,10.486608320837027
02,BOLÍVAR,0202,Chillanes,2022,48.66517999999999,10.264355369756611
02,BOLÍVAR,0202,Chillanes,2023,47.15435000000001,9.4440228795448
02,BOLÍVAR,0202,Chillanes,2024,62.58630000000002,9.992051227720356
02,BOLÍVAR,0203,Chimbo,2007,12.3133319271923,5.76616147682084
02,BOLÍVAR,0203,Chimbo,2008,14.275638353028379,5.886464833142724
02,BOLÍVAR,0203,Chimbo,2009,16.057320795350364,5.66303304436958
02,BOLÍVAR,0203,Chimbo,2010,16.3238907784137,5.702551454812811
02,BOLÍVAR,0203,Chimbo,2011,19.964640713173193,6.52588180131147
02,BOLÍVAR,0203,Chimbo,2012,20.217894717861668,6.705928551175577
02,BOLÍVAR,0203,Chimbo,2013,21.334295837225103,6.445636604460694
02,BOLÍVAR,0203,Chimbo,2014,25.211447485258716,7.2344221107412885
02,BOLÍVAR,0203,Chimbo,2015,24.034111098725667,5.999592343795673
02,BOLÍVAR,0203,Chimbo,2016,21.6387327026324,5.429201681269069
02,BOLÍVAR,0203,Chimbo,2017,24.203087114641185,5.688419171126202
02,BOLÍVAR,0203,Chimbo,2018,31.577829999999995,7.586484903971756
02,BOLÍVAR,0203,Chimbo,2019,32.63448999999999,7.883229561420592
02,BOLÍVAR,0203,Chimbo,2020,36.88205,9.04941831521072
02,BOLÍVAR,0203,Chimbo,2021,36.73971000000001,8.60120238454182
02,BOLÍVAR,0203,Chimbo,2022,36.41501999999999,7.680577901423448
02,BOLÍVAR,0203,Chimbo,2023,37.65332,7.541166733733403
02,BOLÍVAR,0203,Chimbo,2024,48.08022000000001,7.6761211523938115
02,BOLÍVAR,0204,Echeandía,2007,16.06944281935797,7.525095781291539
02,BOLÍVAR,0204,Echeandía,2008,14.770718781125186,6.090607965484745
02,BOLÍVAR,0204,Echeandía,2009,18.22402764755123,6.427178735787074
02,BOLÍVAR,0204,Echeandía,2010,18.49406468696176,6.460675148935577
02,BOLÍVAR,0204,Echeandía,2011,19.185710312574198,6.271271272688073
02,BOLÍVAR,0204,Echeandía,2012,20.29090674173314,6.7301453859297045
02,BOLÍVAR,0204,Echeandía,2013,22.188778845287057,6.703797782906704
02,BOLÍVAR,0204,Echeandía,2014,23.99390524134539,6.8850484964227
02,BOLÍVAR,0204,Echeandía,2015,27.610719445643504,6.892414714749168
02,BOLÍVAR,0204,Echeandía,2016,24.58542055754789,6.168531607653165
02,BOLÍVAR,0204,Echeandía,2017,25.462497218762742,5.984416642302569
02,BOLÍVAR,0204,Echeandía,2018,23.30689,5.599414815506014
02,BOLÍVAR,0204,Echeandía,2019,24.57279,5.935834895369297
02,BOLÍVAR,0204,Echeandía,2020,21.589370000000002,5.297190375585438
02,BOLÍVAR,0204,Echeandía,2021,20.47501,4.793442975884066
02,BOLÍVAR,0204,Echeandía,2022,22.45075,4.7352640289743775
02,BOLÍVAR,0204,Echeandía,2023,22.65271,4.5368605764620495
02,BOLÍVAR,0204,Echeandía,2024,31.9353,5.098546384314424
02,BOLÍVAR,0205,San Miguel,2007,29.450392029574147,13.791207530366927
02,BOLÍVAR,0205,San Miguel,2008,32.753674059856934,13.505760354924256
02,BOLÍVAR,0205,San Miguel,2009,32.32539239671054,11.400392858053422
02,BOLÍVAR,0205,San Miguel,2010,31.995773730093692,11.177331955301034
02,BOLÍVAR,0205,San Miguel,2011,32.20586178141733,10.527194068472628
02,BOLÍVAR,0205,San Miguel,2012,33.51645943780223,11.116834141969834
02,BOLÍVAR,0205,San Miguel,2013,36.22861164503575,10.945590476934452
02,BOLÍVAR,0205,San Miguel,2014,38.34151271720287,11.00209289937778
02,BOLÍVAR,0205,San Miguel,2015,38.57683506809793,9.6298666246367
02,BOLÍVAR,0205,San Miguel,2016,39.14306593199985,9.821074195448915
02,BOLÍVAR,0205,San Miguel,2017,40.51361466216137,9.521860630598937
02,BOLÍVAR,0205,San Miguel,2018,57.44080999999999,13.799993157760046
02,BOLÍVAR,0205,San Miguel,2019,69.99189,16.907331363465413
02,BOLÍVAR,0205,San Miguel,2020,61.36462,15.056487265050238
02,BOLÍVAR,0205,San Miguel,2021,63.02621,14.75518417920646
02,BOLÍVAR,0205,San Miguel,2022,65.38069999999999,13.7899569902638
02,BOLÍVAR,0205,San Miguel,2023,71.4434,14.308607884372721
02,BOLÍVAR,0205,San Miguel,2024,104.17991,16.632569709653644
02,BOLÍVAR,0206,Caluma,2007,16.96789751816939,7.945829576464751
02,BOLÍVAR,0206,Caluma,2008,17.02732191558934,7.021103307611774
02,BOLÍVAR,0206,Caluma,2009,20.323848164329174,7.167735216243143
02,BOLÍVAR,0206,Caluma,2010,20.46844348281514,7.15040021678116
02,BOLÍVAR,0206,Caluma,2011,19.226149915245998,6.284489846010759
02,BOLÍVAR,0206,Caluma,2012,21.70618678424773,7.199569476689407
02,BOLÍVAR,0206,Caluma,2013,26.67955979502018,8.0605776032047
02,BOLÍVAR,0206,Caluma,2014,29.943382045685343,8.59225021761803
02,BOLÍVAR,0206,Caluma,2015,33.12679600241293,8.269383080329344
02,BOLÍVAR,0206,Caluma,2016,35.72472779561667,8.963406262107327
02,BOLÍVAR,0206,Caluma,2017,41.34449571315364,9.717141491961897
02,BOLÍVAR,0206,Caluma,2018,31.146259999999998,7.482801424454415
02,BOLÍVAR,0206,Caluma,2019,33.88895,8.186258539523813
02,BOLÍVAR,0206,Caluma,2020,33.46573,8.211186471302351
02,BOLÍVAR,0206,Caluma,2021,36.56264999999999,8.559750536004989
02,BOLÍVAR,0206,Caluma,2022,39.14864,8.257147167701188
02,BOLÍVAR,0206,Caluma,2023,41.93333,8.398362567515028
02,BOLÍVAR,0206,Caluma,2024,52.652330000000006,8.40606935733279
02,BOLÍVAR,0207,Las Naves,2007,13.478275279729727,6.311688188989276
02,BOLÍVAR,0207,Las Naves,2008,12.52813255106973,5.165892400964215
02,BOLÍVAR,0207,Las Naves,2009,14.527580854898726,5.123530350085857
02,BOLÍVAR,0207,Las Naves,2010,9.994050817042346,3.4912993354232826
02,BOLÍVAR,0207,Las Naves,2011,9.157602184959604,2.9933636322864494
02,BOLÍVAR,0207,Las Naves,2012,9.266198751349156,3.073439031841582
02,BOLÍVAR,0207,Las Naves,2013,10.169546017606281,3.0724800369298877
02,BOLÍVAR,0207,Las Naves,2014,11.535162598002888,3.3100136514883514
02,BOLÍVAR,0207,Las Naves,2015,14.256208400641775,3.5587519097629943
02,BOLÍVAR,0207,Las Naves,2016,15.267806472214255,3.8307234396472953
02,BOLÍVAR,0207,Las Naves,2017,17.246910748742064,4.0535183500000125
02,BOLÍVAR,0207,Las Naves,2018,28.427209999999995,6.829557304192053
02,BOLÍVAR,0207,Las Naves,2019,25.246109999999994,6.098482944359664
02,BOLÍVAR,0207,Las Naves,2020,31.428769999999997,7.711395837881713
02,BOLÍVAR,0207,Las Naves,2021,39.53255,9.255039392717542
02,BOLÍVAR,0207,Las Naves,2022,46.58262,9.825106282034337
02,BOLÍVAR,0207,Las Naves,2023,62.15740999999999,12.448819720200714
02,BOLÍVAR,0207,Las Naves,2024,105.47501,16.839335496175945
03,CAÑAR,0301,Azogues,2007,150.47339582758906,30.945380075889478
03,CAÑAR,0301,Azogues,2008,173.10972821275558,32.55913887122164
03,CAÑAR,0301,Azogues,2009,190.49371774172698,32.95809863445356
03,CAÑAR,0301,Azogues,2010,189.95826535990827,32.08733793922332
03,CAÑAR,0301,Azogues,2011,228.7212624038916,33.61002157270988
03,CAÑAR,0301,Azogues,2012,234.51668689783105,35.12757251263769
03,CAÑAR,0301,Azogues,2013,266.1282770262179,36.584976024610064
03,CAÑAR,0301,Azogues,2014,257.435065841132,35.220994497852374
03,CAÑAR,0301,Azogues,2015,269.36816833595736,33.82762262476103
03,CAÑAR,0301,Azogues,2016,262.3376918955842,32.46189810202366
03,CAÑAR,0301,Azogues,2017,297.03904905470705,35.11081102258649
03,CAÑAR,0301,Azogues,2018,266.41521,33.18967988948666
03,CAÑAR,0301,Azogues,2019,248.15515,31.458447504908193
03,CAÑAR,0301,Azogues,2020,216.2158,30.66776635150487
03,CAÑAR,0301,Azogues,2021,246.24996000000002,32.14135295526378
03,CAÑAR,0301,Azogues,2022,281.0844,34.45317599488638
03,CAÑAR,0301,Azogues,2023,292.40080000000006,37.26762618475901
03,CAÑAR,0301,Azogues,2024,298.61881999999997,34.82632236139679
03,CAÑAR,0302,Biblián,2007,25.345172767218624,5.212323414760476
03,CAÑAR,0302,Biblián,2008,29.25205611486964,5.501838441697869
03,CAÑAR,0302,Biblián,2009,32.559328991345104,5.633222917216015
03,CAÑAR,0302,Biblián,2010,36.53517103832628,6.17144180356115
03,CAÑAR,0302,Biblián,2011,43.65174028531246,6.4145148433332455
03,CAÑAR,0302,Biblián,2012,40.369662663452964,6.046854367932322
03,CAÑAR,0302,Biblián,2013,45.17614351957993,6.210419073150017
03,CAÑAR,0302,Biblián,2014,46.66519421120813,6.384501439941624
03,CAÑAR,0302,Biblián,2015,46.193040212833615,5.8009851047480225
03,CAÑAR,0302,Biblián,2016,47.49777313168484,5.877416471619662
03,CAÑAR,0302,Biblián,2017,52.751195351321236,6.235332550013202
03,CAÑAR,0302,Biblián,2018,43.72050000000001,5.446646231678372
03,CAÑAR,0302,Biblián,2019,49.86501999999999,6.321352242744899
03,CAÑAR,0302,Biblián,2020,42.452510000000004,6.021408508142903
03,CAÑAR,0302,Biblián,2021,43.28967000000001,5.650309802230602
03,CAÑAR,0302,Biblián,2022,44.491949999999996,5.453482952827282
03,CAÑAR,0302,Biblián,2023,39.14238999999999,4.9888507777613755
03,CAÑAR,0302,Biblián,2024,45.85577999999999,5.347915367200538
03,CAÑAR,0303,Cañar,2007,68.08242224455877,14.001388227185728
03,CAÑAR,0303,Cañar,2008,71.87416260722492,13.518367025019495
03,CAÑAR,0303,Cañar,2009,80.66231929026488,13.95571836577163
03,CAÑAR,0303,Cañar,2010,84.26170316229585,14.23330403433841
03,CAÑAR,0303,Cañar,2011,96.55789665971122,14.188943151326225
03,CAÑAR,0303,Cañar,2012,100.8966132791611,15.113010277121026
03,CAÑAR,0303,Cañar,2013,109.45822405733223,15.047354409615728
03,CAÑAR,0303,Cañar,2014,117.9176399327404,16.132909220043047
03,CAÑAR,0303,Cañar,2015,168.97123573965033,21.219638654228554
03,CAÑAR,0303,Cañar,2016,175.80808246828593,21.754647673233322
03,CAÑAR,0303,Cañar,2017,162.93401374230507,19.259236736258092
03,CAÑAR,0303,Cañar,2018,109.35514,13.623329129256541
03,CAÑAR,0303,Cañar,2019,120.37401,15.259725516638659
03,CAÑAR,0303,Cañar,2020,107.71292,15.277859729022284
03,CAÑAR,0303,Cañar,2021,108.20998999999999,14.123923032822272
03,CAÑAR,0303,Cañar,2022,122.12425,14.969056548472642
03,CAÑAR,0303,Cañar,2023,109.43542,13.947972522414776
03,CAÑAR,0303,Cañar,2024,123.48920000000001,14.401887621654257
03,CAÑAR,0304,La Troncal,2007,217.43626076439864,44.71652742750719
03,CAÑAR,0304,La Troncal,2008,228.36979623781565,42.95266353004269
03,CAÑAR,0304,La Troncal,2009,242.1503548064622,41.89542507065648
03,CAÑAR,0304,La Troncal,2010,245.9295798640988,41.54189091692998
03,CAÑAR,0304,La Troncal,2011,266.25898303139945,39.126096409044955
03,CAÑAR,0304,La Troncal,2012,248.46796359239028,37.217293675829396
03,CAÑAR,0304,La Troncal,2013,255.78730148833682,35.163389613906375
03,CAÑAR,0304,La Troncal,2014,257.2609724327111,35.19717589738289
03,CAÑAR,0304,La Troncal,2015,252.60129827244444,31.722016173149697
03,CAÑAR,0304,La Troncal,2016,261.62429829422024,32.37362214660613
03,CAÑAR,0304,La Troncal,2017,269.525916671426,31.858685098998336
03,CAÑAR,0304,La Troncal,2018,337.26878000000005,42.01653068125391
03,CAÑAR,0304,La Troncal,2019,323.2666699999999,40.98028015248315
03,CAÑAR,0304,La Troncal,2020,294.16803999999996,41.72441014394017
03,CAÑAR,0304,La Troncal,2021,323.94684,42.28260472887939
03,CAÑAR,0304,La Troncal,2022,320.72853,39.31245024864843
03,CAÑAR,0304,La Troncal,2023,303.73559,38.71228952563476
03,CAÑAR,0304,La Troncal,2024,339.93303000000003,39.64457861050542
03,CAÑAR,0305,El Tambo,2007,13.888062426606213,2.8561286062915534
03,CAÑAR,0305,El Tambo,2008,16.58196314408609,3.118798962599237
03,CAÑAR,0305,El Tambo,2009,17.96707726377307,3.1085576556132812
03,CAÑAR,0305,El Tambo,2010,19.237962025284016,3.249634795293918
03,CAÑAR,0305,El Tambo,2011,23.703217262810345,3.4831289193344808
03,CAÑAR,0305,El Tambo,2012,25.014092491841545,3.7467881687574556
03,CAÑAR,0305,El Tambo,2013,30.83593403160438,4.239053135761161
03,CAÑAR,0305,El Tambo,2014,30.84031565086361,4.219419698330562
03,CAÑAR,0305,El Tambo,2015,37.570198281371866,4.718116833369141
03,CAÑAR,0305,El Tambo,2016,37.89967268671171,4.689739030507929
03,CAÑAR,0305,El Tambo,2017,39.97223763676394,4.724825528093636
03,CAÑAR,0305,El Tambo,2018,25.210250000000002,3.14066200437254
03,CAÑAR,0305,El Tambo,2019,25.666290000000004,3.253696877178452
03,CAÑAR,0305,El Tambo,2020,22.932190000000002,3.252671843816764
03,CAÑAR,0305,El Tambo,2021,23.841,3.111805564583416
03,CAÑAR,0305,El Tambo,2022,25.34012,3.1059981062326485
03,CAÑAR,0305,El Tambo,2023,23.34474,2.975378465792128
03,CAÑAR,0305,El Tambo,2024,28.4465,3.3175637726164546
03,CAÑAR,0306,Déleg,2007,5.866659384517144,1.2064990188543396
03,CAÑAR,0306,Déleg,2008,6.2063408801287245,1.1673122977230885
03,CAÑAR,0306,Déleg,2009,7.12268390675479,1.2323247271552316
03,CAÑAR,0306,Déleg,2010,8.954079594028467,1.512503692976625
03,CAÑAR,0306,Déleg,2011,12.90203044549261,1.8959213369460146
03,CAÑAR,0306,Déleg,2012,10.17649297500658,1.524307287607336
03,CAÑAR,0306,Déleg,2013,11.29201051303162,1.55232633865588
03,CAÑAR,0306,Déleg,2014,11.937051252884798,1.6331684074379187
03,CAÑAR,0306,Déleg,2015,11.434243873418653,1.4359279685455686
03,CAÑAR,0306,Déleg,2016,12.161450689393446,1.504868668315522
03,CAÑAR,0306,Déleg,2017,12.989443184531376,1.5353869681178138
03,CAÑAR,0306,Déleg,2018,10.816650000000001,1.3475249816878547
03,CAÑAR,0306,Déleg,2019,11.45475,1.4521103090419327
03,CAÑAR,0306,Déleg,2020,12.006229999999999,1.7029479640360616
03,CAÑAR,0306,Déleg,2021,10.827269999999999,1.4132108147832338
03,CAÑAR,0306,Déleg,2022,12.09626,1.4826670375869466
03,CAÑAR,0306,Déleg,2023,8.30372,1.0583416081724366
03,CAÑAR,0306,Déleg,2024,10.61118,1.2375254021658997
03,CAÑAR,0307,Suscal,2007,5.16282603683203,1.0617532295112369
03,CAÑAR,0307,Suscal,2008,6.283798760414504,1.1818808716959828
03,CAÑAR,0307,Suscal,2009,7.032101126175466,1.216652629133794
03,CAÑAR,0307,Suscal,2010,7.127055912480668,1.2038868176765984
03,CAÑAR,0307,Suscal,2011,8.719941611321142,1.281373767305193
03,CAÑAR,0307,Suscal,2012,8.172758381759941,1.2241737101147618
03,CAÑAR,0307,Suscal,2013,8.747150854147462,1.2024814043007754
03,CAÑAR,0307,Suscal,2014,8.857437340342189,1.2118308390115957
03,CAÑAR,0307,Suscal,2015,10.158295601525126,1.2756926411979885
03,CAÑAR,0307,Suscal,2016,10.811365299744008,1.3378079076937703
03,CAÑAR,0307,Suscal,2017,10.79266662311164,1.2757220959324391
03,CAÑAR,0307,Suscal,2018,9.91844,1.23562708226411
03,CAÑAR,0307,Suscal,2019,10.052810000000001,1.2743873970047215
03,CAÑAR,0307,Suscal,2020,9.538549999999999,1.3529354595369385
03,CAÑAR,0307,Suscal,2021,9.78211,1.276793101437317
03,CAÑAR,0307,Suscal,2022,9.979160000000002,1.2231691113456686
03,CAÑAR,0307,Suscal,2023,8.23467,1.0495409154655164
03,CAÑAR,0307,Suscal,2024,10.496979999999997,1.2242068644606352
04,CARCHI,0401,Tulcán,2007,139.4382794357852,52.544954189257055
04,CARCHI,0401,Tulcán,2008,167.6256461495477,55.04156957495159
04,CARCHI,0401,Tulcán,2009,201.51970791498732,55.554073039933236
04,CARCHI,0401,Tulcán,2010,231.17944100387908,58.70543238075724
04,CARCHI,0401,Tulcán,2011,262.4308597416271,58.889731990778046
04,CARCHI,0401,Tulcán,2012,270.88674421476605,60.20053015448662
04,CARCHI,0401,Tulcán,2013,283.19569028941237,59.53697951536234
04,CARCHI,0401,Tulcán,2014,312.3789476392246,58.87892789298148
04,CARCHI,0401,Tulcán,2015,357.3584637271263,58.28254222080381
04,CARCHI,0401,Tulcán,2016,354.12552304825863,57.91468846299648
04,CARCHI,0401,Tulcán,2017,362.4482150727898,59.30300310138873
04,CARCHI,0401,Tulcán,2018,326.00546,54.42162723315449
04,CARCHI,0401,Tulcán,2019,304.44581999999997,50.34882065798221
04,CARCHI,0401,Tulcán,2020,272.07721,51.11105888742662
04,CARCHI,0401,Tulcán,2021,318.0097999999999,54.56435556737708
04,CARCHI,0401,Tulcán,2022,321.58748,53.59318105544614
04,CARCHI,0401,Tulcán,2023,290.06241000000006,53.55128410411298
04,CARCHI,0401,Tulcán,2024,312.21997,53.77038929028487
04,CARCHI,0402,Bolívar,2007,27.28878136475561,10.283315116148403
04,CARCHI,0402,Bolívar,2008,27.895398518540635,9.15973512197196
04,CARCHI,0402,Bolívar,2009,33.4291505568594,9.215602240164694
04,CARCHI,0402,Bolívar,2010,30.38928577608799,7.7170190977220425
04,CARCHI,0402,Bolívar,2011,35.77444707212813,8.027819602732968
04,CARCHI,0402,Bolívar,2012,32.107703971254885,7.13545731710078
04,CARCHI,0402,Bolívar,2013,32.9450204654191,6.926118849401789
04,CARCHI,0402,Bolívar,2014,34.921893741225176,6.582273482304835
04,CARCHI,0402,Bolívar,2015,41.384038368219855,6.749432875626199
04,CARCHI,0402,Bolívar,2016,43.42718689956336,7.102204829697609
04,CARCHI,0402,Bolívar,2017,41.13168921460926,6.729879170654665
04,CARCHI,0402,Bolívar,2018,70.89786,11.83531376605893
04,CARCHI,0402,Bolívar,2019,69.55981,11.503703347588472
04,CARCHI,0402,Bolívar,2020,56.403950000000016,10.595762908379823
04,CARCHI,0402,Bolívar,2021,59.11576,10.1431256152349
04,CARCHI,0402,Bolívar,2022,69.67541,11.611543034083423
04,CARCHI,0402,Bolívar,2023,54.354369999999996,10.034896662997713
04,CARCHI,0402,Bolívar,2024,59.41684000000001,10.232742694833293
04,CARCHI,0403,Espejo,2007,21.791283053966314,8.211675978999041
04,CARCHI,0403,Espejo,2008,24.46196328435894,8.032332074381609
04,CARCHI,0403,Espejo,2009,30.88938953563083,8.515452012987762
04,CARCHI,0403,Espejo,2010,34.46846886979104,8.752882002469246
04,CARCHI,0403,Espejo,2011,36.935380662210775,8.288334193305008
04,CARCHI,0403,Espejo,2012,36.02383372839008,8.005758624079421
04,CARCHI,0403,Espejo,2013,39.721541022854325,8.350764701890373
04,CARCHI,0403,Espejo,2014,51.16125308456751,9.643158586857913
04,CARCHI,0403,Espejo,2015,56.335728566888974,9.187943793172892
04,CARCHI,0403,Espejo,2016,59.31081688867953,9.699858550228257
04,CARCHI,0403,Espejo,2017,59.59280010438477,9.75044671885344
04,CARCHI,0403,Espejo,2018,51.985150000000004,8.67812598893166
04,CARCHI,0403,Espejo,2019,70.49149999999999,11.657784926763496
04,CARCHI,0403,Espejo,2020,50.19790000000001,9.429925508737588
04,CARCHI,0403,Espejo,2021,51.65975000000002,8.863817931151207
04,CARCHI,0403,Espejo,2022,48.884049999999995,8.146622319915817
04,CARCHI,0403,Espejo,2023,43.31952999999999,7.997645948975755
04,CARCHI,0403,Espejo,2024,51.954539999999994,8.94758859017787
04,CARCHI,0404,Mira,2007,20.3495360706089,7.66837804460433
04,CARCHI,0404,Mira,2008,20.658138683814244,6.783307947041305
04,CARCHI,0404,Mira,2009,24.786542808478522,6.83304587842368
04,CARCHI,0404,Mira,2010,23.180831447363403,5.8865127761948735
04,CARCHI,0404,Mira,2011,26.2798343029274,5.897219558649207
04,CARCHI,0404,Mira,2012,24.53361818684098,5.45222995586904
04,CARCHI,0404,Mira,2013,26.76381917259527,5.626628541568731
04,CARCHI,0404,Mira,2014,27.792835153928078,5.2385487221104015
04,CARCHI,0404,Mira,2015,33.485246182220706,5.4611978516885085
04,CARCHI,0404,Mira,2016,32.04009390949025,5.239927472949774
04,CARCHI,0404,Mira,2017,29.006792651726645,4.746029482421986
04,CARCHI,0404,Mira,2018,30.508499999999998,5.092927629011776
04,CARCHI,0404,Mira,2019,33.68657000000001,5.571037472324515
04,CARCHI,0404,Mira,2020,24.561619999999994,4.614022637877665
04,CARCHI,0404,Mira,2021,27.20674,4.668152475770183
04,CARCHI,0404,Mira,2022,30.221590000000003,5.036486944869434
04,CARCHI,0404,Mira,2023,28.490979999999997,5.260000992147174
04,CARCHI,0404,Mira,2024,31.142010000000003,5.363263602203102
04,CARCHI,0405,Montúfar,2007,47.81369025952977,18.01777943956434
04,CARCHI,0405,Montúfar,2008,53.388705560015794,17.530719308765768
04,CARCHI,0405,Montúfar,2009,58.9583371942265,16.253376926205227
04,CARCHI,0405,Montúfar,2010,61.546803484787546,15.629122098998943
04,CARCHI,0405,Montúfar,2011,69.10065829966955,15.506252777056279
04,CARCHI,0405,Montúfar,2012,70.38386010024746,15.641760930888504
04,CARCHI,0405,Montúfar,2013,74.98276472956853,15.763825089101143
04,CARCHI,0405,Montúfar,2014,83.56458599641094,15.75071966428417
04,CARCHI,0405,Montúfar,2015,99.71704814879126,16.263118573577792
04,CARCHI,0405,Montúfar,2016,97.70514719126227,15.978975793964578
04,CARCHI,0405,Montúfar,2017,88.23050471329468,14.436086803735005
04,CARCHI,0405,Montúfar,2018,94.69595000000001,15.808041041366106
04,CARCHI,0405,Montúfar,2019,106.36587,17.590637679834956
04,CARCHI,0405,Montúfar,2020,112.37837999999998,21.110838345679912
04,CARCHI,0405,Montúfar,2021,109.73734,18.828813573601042
04,CARCHI,0405,Montúfar,2022,112.62634999999999,18.769400995225453
04,CARCHI,0405,Montúfar,2023,106.71337000000001,19.70140837820842
04,CARCHI,0405,Montúfar,2024,106.73755,18.382295070335335
04,CARCHI,0406,San Pedro de Huaca,2007,8.687924540870023,3.273897231426827
04,CARCHI,0406,San Pedro de Huaca,2008,10.513872563038147,3.4523359728877634
04,CARCHI,0406,San Pedro de Huaca,2009,13.16202619323905,3.6284499022853933
04,CARCHI,0406,San Pedro de Huaca,2010,13.030822781945972,3.3090316438576566
04,CARCHI,0406,San Pedro de Huaca,2011,15.109748896836313,3.3906418774784894
04,CARCHI,0406,San Pedro de Huaca,2012,16.03825750169418,3.564263017575637
04,CARCHI,0406,San Pedro de Huaca,2013,18.054680666893024,3.795683302675619
04,CARCHI,0406,San Pedro de Huaca,2014,20.72504220506726,3.9063716514612117
04,CARCHI,0406,San Pedro de Huaca,2015,24.86785548279881,4.055764685130784
04,CARCHI,0406,San Pedro de Huaca,2016,24.851869159189246,4.064344890163299
04,CARCHI,0406,San Pedro de Huaca,2017,30.77020180408691,5.03455472294617
04,CARCHI,0406,San Pedro de Huaca,2018,24.943669999999994,4.163964341477036
04,CARCHI,0406,San Pedro de Huaca,2019,20.12362,3.3280159155063584
04,CARCHI,0406,San Pedro de Huaca,2020,16.70646,3.138391711898389
04,CARCHI,0406,San Pedro de Huaca,2021,17.08662,2.9317348368655827
04,CARCHI,0406,San Pedro de Huaca,2022,17.058100000000003,2.8427656504597314
04,CARCHI,0406,San Pedro de Huaca,2023,18.71285,3.454763913557949
04,CARCHI,0406,San Pedro de Huaca,2024,19.183190000000003,3.3037207521655327
05,COTOPAXI,0501,Latacunga,2007,430.8475048158168,56.46946148942293
05,COTOPAXI,0501,Latacunga,2008,526.0615324589126,56.9847411591737
05,COTOPAXI,0501,Latacunga,2009,607.3245398886693,60.318951794323105
05,COTOPAXI,0501,Latacunga,2010,764.5716144119923,65.13846659872395
05,COTOPAXI,0501,Latacunga,2011,873.9935843666007,66.16031171813619
05,COTOPAXI,0501,Latacunga,2012,912.3249136255232,66.70263934555166
05,COTOPAXI,0501,Latacunga,2013,968.4289367678664,65.85236085354313
05,COTOPAXI,0501,Latacunga,2014,1011.7017422902219,65.58014401341947
05,COTOPAXI,0501,Latacunga,2015,1036.1203738665233,63.754445291231384
05,COTOPAXI,0501,Latacunga,2016,1029.9220921460244,63.873896827240316
05,COTOPAXI,0501,Latacunga,2017,1096.8000393991238,62.98706849507192
05,COTOPAXI,0501,Latacunga,2018,1152.0991800000002,64.99056880180045
05,COTOPAXI,0501,Latacunga,2019,1127.9483300000002,65.05417940630613
05,COTOPAXI,0501,Latacunga,2020,989.6807100000001,63.379132271727656
05,COTOPAXI,0501,Latacunga,2021,1079.22089,64.79045828402226
05,COTOPAXI,0501,Latacunga,2022,1105.09293,65.77213549908416
05,COTOPAXI,0501,Latacunga,2023,1189.22546,67.32886650328123
05,COTOPAXI,0501,Latacunga,2024,1220.77721,65.91887858835585
05,COTOPAXI,0502,La Maná,2007,69.12923910183726,9.060493240927784
05,COTOPAXI,0502,La Maná,2008,78.00255411789003,8.449497030101835
05,COTOPAXI,0502,La Maná,2009,76.66530820512321,7.614332578705711
05,COTOPAXI,0502,La Maná,2010,75.57493118880241,6.438684144360582
05,COTOPAXI,0502,La Maná,2011,79.30823227116623,6.003542202975489
05,COTOPAXI,0502,La Maná,2012,92.09638723837148,6.733425790793291
05,COTOPAXI,0502,La Maná,2013,100.56976922796854,6.83866051778792
05,COTOPAXI,0502,La Maná,2014,120.22452457424883,7.79314822338458
05,COTOPAXI,0502,La Maná,2015,138.83483458258794,8.54276982594401
05,COTOPAXI,0502,La Maná,2016,139.6542647820052,8.661103755511217
05,COTOPAXI,0502,La Maná,2017,154.67079654557605,8.882439557114512
05,COTOPAXI,0502,La Maná,2018,150.18646,8.472103470925871
05,COTOPAXI,0502,La Maná,2019,168.02785,9.690970418082797
05,COTOPAXI,0502,La Maná,2020,188.36074999999994,12.062618548008095
05,COTOPAXI,0502,La Maná,2021,188.71903,11.329647668899502
05,COTOPAXI,0502,La Maná,2022,170.67908000000003,10.158356163421503
05,COTOPAXI,0502,La Maná,2023,178.66122999999996,10.115035801522462
05,COTOPAXI,0502,La Maná,2024,207.48266999999998,11.203538877431946
05,COTOPAXI,0503,Pangua,2007,31.788960823180588,4.166452118042928
05,COTOPAXI,0503,Pangua,2008,35.96614290032862,3.895972651885842
05,COTOPAXI,0503,Pangua,2009,39.7344032365984,3.9463868096684016
05,COTOPAXI,0503,Pangua,2010,43.876902631942514,3.7381379359006215
05,COTOPAXI,0503,Pangua,2011,46.50067130666614,3.520047473782338
05,COTOPAXI,0503,Pangua,2012,38.11371272944126,2.7866006905467446
05,COTOPAXI,0503,Pangua,2013,37.712594269285844,2.5644249900595066
05,COTOPAXI,0503,Pangua,2014,40.6928407805764,2.637775786235434
05,COTOPAXI,0503,Pangua,2015,46.12771617178017,2.838325576118879
05,COTOPAXI,0503,Pangua,2016,50.192046301626334,3.1128195146663593
05,COTOPAXI,0503,Pangua,2017,46.00943181149855,2.6422311531989493
05,COTOPAXI,0503,Pangua,2018,112.43015999999999,6.342249153304172
05,COTOPAXI,0503,Pangua,2019,97.64193,5.631477491347484
05,COTOPAXI,0503,Pangua,2020,64.40419,4.124443000271754
05,COTOPAXI,0503,Pangua,2021,67.62086000000001,4.059582750441117
05,COTOPAXI,0503,Pangua,2022,58.75829000000001,3.4971341383701393
05,COTOPAXI,0503,Pangua,2023,53.85680999999999,3.049142566105657
05,COTOPAXI,0503,Pangua,2024,62.26334,3.3620627222927273
05,COTOPAXI,0504,Pujilí,2007,79.47672549276226,10.416696950438546
05,COTOPAXI,0504,Pujilí,2008,92.62664381591462,10.033627240564542
05,COTOPAXI,0504,Pujilí,2009,92.80693921477909,9.217505509823672
05,COTOPAXI,0504,Pujilí,2010,85.18848624827184,7.2577208746449555
05,COTOPAXI,0504,Pujilí,2011,80.87762272183777,6.122343259735126
05,COTOPAXI,0504,Pujilí,2012,93.17067174628639,6.811969751410565
05,COTOPAXI,0504,Pujilí,2013,105.0192768073135,7.141223326075664
05,COTOPAXI,0504,Pujilí,2014,108.58872822390737,7.03889707557217
05,COTOPAXI,0504,Pujilí,2015,108.39967018485652,6.670036625762032
05,COTOPAXI,0504,Pujilí,2016,105.32089204348748,6.531810360646998
05,COTOPAXI,0504,Pujilí,2017,117.74704644434806,6.761981230002216
05,COTOPAXI,0504,Pujilí,2018,119.69268000000001,6.7519320295079845
05,COTOPAXI,0504,Pujilí,2019,116.73670999999999,6.732764856030177
05,COTOPAXI,0504,Pujilí,2020,110.69646,7.088999017018336
05,COTOPAXI,0504,Pujilí,2021,118.56773000000001,7.118151284484695
05,COTOPAXI,0504,Pujilí,2022,122.97195,7.318957110680821
05,COTOPAXI,0504,Pujilí,2023,111.36067999999999,6.304766093247465
05,COTOPAXI,0504,Pujilí,2024,108.70889000000001,5.870004831909446
05,COTOPAXI,0505,Salcedo,2007,99.39283284609512,13.027021588825441
05,COTOPAXI,0505,Salcedo,2008,127.48453542834918,13.80955041366646
05,COTOPAXI,0505,Salcedo,2009,123.90350106214001,12.305989329996644
05,COTOPAXI,0505,Salcedo,2010,140.4723266969776,11.967684632960388
05,COTOPAXI,0505,Salcedo,2011,178.24233681740537,13.492740422980171
05,COTOPAXI,0505,Salcedo,2012,173.22840600672572,12.665215777516572
05,COTOPAXI,0505,Salcedo,2013,199.85838845646788,13.590203903002196
05,COTOPAXI,0505,Salcedo,2014,199.5960927748668,12.938141708701997
05,COTOPAXI,0505,Salcedo,2015,223.2048727892937,13.734217770351925
05,COTOPAXI,0505,Salcedo,2016,212.639158886574,13.187494277214215
05,COTOPAXI,0505,Salcedo,2017,249.84321904809977,14.348004545872639
05,COTOPAXI,0505,Salcedo,2018,161.43108,9.106418868806895
05,COTOPAXI,0505,Salcedo,2019,153.44113000000002,8.84968445259043
05,COTOPAXI,0505,Salcedo,2020,135.65228999999997,8.687169855894993
05,COTOPAXI,0505,Salcedo,2021,143.07847999999998,8.589641264061626
05,COTOPAXI,0505,Salcedo,2022,150.95747000000003,8.984579397715388
05,COTOPAXI,0505,Salcedo,2023,164.99031,9.341046698012153
05,COTOPAXI,0505,Salcedo,2024,174.76850000000002,9.437056522843402
05,COTOPAXI,0506,Saquisilí,2007,32.158744408165624,4.2149181754723655
05,COTOPAXI,0506,Saquisilí,2008,38.00989462289207,4.11735866039995
05,COTOPAXI,0506,Saquisilí,2009,40.65228737286736,4.037550273898796
05,COTOPAXI,0506,Saquisilí,2010,39.154184508447074,3.3357810984981695
05,COTOPAXI,0506,Saquisilí,2011,40.474700000256966,3.063888358695119
05,COTOPAXI,0506,Saquisilí,2012,37.7474732604734,2.7598238933248096
05,COTOPAXI,0506,Saquisilí,2013,39.288858080405,2.6716096159512475
05,COTOPAXI,0506,Saquisilí,2014,40.35478800436553,2.615862658263688
05,COTOPAXI,0506,Saquisilí,2015,51.726233342370556,3.1828129210906373
05,COTOPAXI,0506,Saquisilí,2016,50.15174240704141,3.110319940354783
05,COTOPAXI,0506,Saquisilí,2017,47.59352719312237,2.733202634527241
05,COTOPAXI,0506,Saquisilí,2018,48.13177,2.7151404705777455
05,COTOPAXI,0506,Saquisilí,2019,44.9163,2.590538024438999
05,COTOPAXI,0506,Saquisilí,2020,44.26928000000001,2.8350037788390843
05,COTOPAXI,0506,Saquisilí,2021,43.19626000000001,2.5932647407851603
05,COTOPAXI,0506,Saquisilí,2022,45.75593,2.7232689180688268
05,COTOPAXI,0506,Saquisilí,2023,44.008250000000004,2.4915591609458363
05,COTOPAXI,0506,Saquisilí,2024,50.64591,2.7347509151868894
05,COTOPAXI,0507,Sigchos,2007,20.18033909151802,2.64495643687
05,COTOPAXI,0507,Sigchos,2008,25.010795417346834,2.7092528442076755
05,COTOPAXI,0507,Sigchos,2009,25.768282629039362,2.559283703583665
05,COTOPAXI,0507,Sigchos,2010,24.92516026705669,2.12352471491132
05,COTOPAXI,0507,Sigchos,2011,21.626834522211624,1.637126563695573
05,COTOPAXI,0507,Sigchos,2012,21.067781711009477,1.5403247508563493
05,COTOPAXI,0507,Sigchos,2013,19.728429857702395,1.3415167935803265
05,COTOPAXI,0507,Sigchos,2014,21.536496224783342,1.3960305344226616
05,COTOPAXI,0507,Sigchos,2015,20.759836583788015,1.2773919895011339
05,COTOPAXI,0507,Sigchos,2016,24.550144002024684,1.5225553243661143
05,COTOPAXI,0507,Sigchos,2017,28.64580776544436,1.645072384212524
05,COTOPAXI,0507,Sigchos,2018,28.74616,1.6215872050768787
05,COTOPAXI,0507,Sigchos,2019,25.147650000000002,1.4503853512039815
05,COTOPAXI,0507,Sigchos,2020,28.460870000000003,1.822633528240078
05,COTOPAXI,0507,Sigchos,2021,25.306359999999998,1.5192540073056309
05,COTOPAXI,0507,Sigchos,2022,25.9684,1.5455687726591618
05,COTOPAXI,0507,Sigchos,2023,24.19086,1.3695831768852018
05,COTOPAXI,0507,Sigchos,2024,27.292159999999996,1.4737075419797374
06,CHIMBORAZO,0601,Riobamba,2007,377.67868755134486,62.10001156809424
06,CHIMBORAZO,0601,Riobamba,2008,453.06251902258265,64.57991660588317
06,CHIMBORAZO,0601,Riobamba,2009,532.3660437210639,65.6760227744331
06,CHIMBORAZO,0601,Riobamba,2010,590.3898940406082,68.77696815953051
06,CHIMBORAZO,0601,Riobamba,2011,693.1109289461938,72.34145708043059
06,CHIMBORAZO,0601,Riobamba,2012,678.2864588702691,71.40852109560082
06,CHIMBORAZO,0601,Riobamba,2013,762.46799088656,72.84345909562198
06,CHIMBORAZO,0601,Riobamba,2014,870.4744235967916,74.38738102466456
06,CHIMBORAZO,0601,Riobamba,2015,990.0852156223335,75.78640810521863
06,CHIMBORAZO,0601,Riobamba,2016,1053.1828920470612,76.53869678973886
06,CHIMBORAZO,0601,Riobamba,2017,996.4437568232439,74.30848517300552
06,CHIMBORAZO,0601,Riobamba,2018,963.2059400000002,71.88207185988199
06,CHIMBORAZO,0601,Riobamba,2019,963.83256,69.92774425564221
06,CHIMBORAZO,0601,Riobamba,2020,822.5021399999999,69.72377335433038
06,CHIMBORAZO,0601,Riobamba,2021,878.6179500000001,70.19034015472411
06,CHIMBORAZO,0601,Riobamba,2022,971.8191800000001,70.04122390262746
06,CHIMBORAZO,0601,Riobamba,2023,964.5455000000001,71.74375034489489
06,CHIMBORAZO,0601,Riobamba,2024,922.6743999999998,68.89117800806551
06,CHIMBORAZO,0602,Alausí,2007,46.59997492780551,7.662224736195124
06,CHIMBORAZO,0602,Alausí,2008,45.73627167716371,6.519287044859312
06,CHIMBORAZO,0602,Alausí,2009,50.87306106705702,6.276020712913409
06,CHIMBORAZO,0602,Alausí,2010,46.72929877948487,5.443689884794607
06,CHIMBORAZO,0602,Alausí,2011,45.63480124205593,4.763000953462745
06,CHIMBORAZO,0602,Alausí,2012,46.668941782075,4.913204546800578
06,CHIMBORAZO,0602,Alausí,2013,49.56810301221226,4.735558905258834
06,CHIMBORAZO,0602,Alausí,2014,55.95391927687096,4.781605754564832
06,CHIMBORAZO,0602,Alausí,2015,59.31711998172202,4.540449035728031
06,CHIMBORAZO,0602,Alausí,2016,56.23058946186175,4.086484949223242
06,CHIMBORAZO,0602,Alausí,2017,58.400193118625666,4.355117742210761
06,CHIMBORAZO,0602,Alausí,2018,62.35753999999999,4.653614544035582
06,CHIMBORAZO,0602,Alausí,2019,69.02561,5.007929181360816
06,CHIMBORAZO,0602,Alausí,2020,55.05399,4.666944600304106
06,CHIMBORAZO,0602,Alausí,2021,52.1665,4.167436346686766
06,CHIMBORAZO,0602,Alausí,2022,61.061370000000004,4.4008321465431255
06,CHIMBORAZO,0602,Alausí,2023,54.56933000000001,4.058915196855081
06,CHIMBORAZO,0602,Alausí,2024,62.31284,4.652567528293954
06,CHIMBORAZO,0603,Colta,2007,36.9447199659926,6.074654495711358
06,CHIMBORAZO,0603,Colta,2008,39.65646836166714,5.652666711881889
06,CHIMBORAZO,0603,Colta,2009,44.05577183216194,5.434997044458967
06,CHIMBORAZO,0603,Colta,2010,40.17603998242264,4.68027357944079
06,CHIMBORAZO,0603,Colta,2011,38.00498676682134,3.966661041132955
06,CHIMBORAZO,0603,Colta,2012,41.102348284016266,4.327165707253599
06,CHIMBORAZO,0603,Colta,2013,39.11437007840373,3.736846727879401
06,CHIMBORAZO,0603,Colta,2014,46.53905515187352,3.9770478422624773
06,CHIMBORAZO,0603,Colta,2015,47.53622326227895,3.6386763069392862
06,CHIMBORAZO,0603,Colta,2016,43.685931907643294,3.174818278482706
06,CHIMBORAZO,0603,Colta,2017,51.62397677377395,3.849790303163128
06,CHIMBORAZO,0603,Colta,2018,60.153479999999995,4.489130094008736
06,CHIMBORAZO,0603,Colta,2019,64.61670000000001,4.688055020929731
06,CHIMBORAZO,0603,Colta,2020,53.320609999999995,4.520005415128332
06,CHIMBORAZO,0603,Colta,2021,52.60948000000001,4.202824784723731
06,CHIMBORAZO,0603,Colta,2022,58.247020000000006,4.197995525752867
06,CHIMBORAZO,0603,Colta,2023,55.48811,4.127254868692109
06,CHIMBORAZO,0603,Colta,2024,59.44468999999999,4.438418059961642
06,CHIMBORAZO,0604,Chambo,2007,16.48476821336117,2.7105164535076125
06,CHIMBORAZO,0604,Chambo,2008,17.444089396543713,2.486495331648064
06,CHIMBORAZO,0604,Chambo,2009,20.372531501447156,2.5132835924504318
06,CHIMBORAZO,0604,Chambo,2010,20.35945542763028,2.3717574298370283
06,CHIMBORAZO,0604,Chambo,2011,19.474439156309884,2.0325885014302156
06,CHIMBORAZO,0604,Chambo,2012,18.15197923146323,1.9110008388428783
06,CHIMBORAZO,0604,Chambo,2013,15.98946282035908,1.5275759701879517
06,CHIMBORAZO,0604,Chambo,2014,17.36715556725079,1.4841300140187954
06,CHIMBORAZO,0604,Chambo,2015,19.102567177937757,1.462212473392567
06,CHIMBORAZO,0604,Chambo,2016,20.205944109809696,1.4684407060250915
06,CHIMBORAZO,0604,Chambo,2017,18.252394812406084,1.3611483839424683
06,CHIMBORAZO,0604,Chambo,2018,27.427729999999997,2.0468748965703436
06,CHIMBORAZO,0604,Chambo,2019,28.62381,2.0767076651800327
06,CHIMBORAZO,0604,Chambo,2020,25.734240000000003,2.1814998769558747
06,CHIMBORAZO,0604,Chambo,2021,27.37031,2.1865378109339186
06,CHIMBORAZO,0604,Chambo,2022,30.91358,2.2280121888639677
06,CHIMBORAZO,0604,Chambo,2023,30.73725,2.286263934971051
06,CHIMBORAZO,0604,Chambo,2024,35.30443999999999,2.6359943014730534
06,CHIMBORAZO,0605,Chunchi,2007,14.835469616673212,2.4393296873238843
06,CHIMBORAZO,0605,Chunchi,2008,16.83111023370056,2.399120760688285
06,CHIMBORAZO,0605,Chunchi,2009,18.404378014409417,2.2704798021583574
06,CHIMBORAZO,0605,Chunchi,2010,19.96129926995703,2.325374567164026
06,CHIMBORAZO,0605,Chunchi,2011,20.97358810797367,2.1890578557785108
06,CHIMBORAZO,0605,Chunchi,2012,21.67920659015759,2.282339652935997
06,CHIMBORAZO,0605,Chunchi,2013,23.700842484694533,2.26429354504206
06,CHIMBORAZO,0605,Chunchi,2014,23.67641956624597,2.0232953385313617
06,CHIMBORAZO,0605,Chunchi,2015,24.84881433676732,1.9020609080333952
06,CHIMBORAZO,0605,Chunchi,2016,24.855483521198998,1.8063399350265863
06,CHIMBORAZO,0605,Chunchi,2017,24.310168755347657,1.8128989239384177
06,CHIMBORAZO,0605,Chunchi,2018,22.728710000000003,1.6961967297485918
06,CHIMBORAZO,0605,Chunchi,2019,20.552750000000003,1.4911380932702156
06,CHIMBORAZO,0605,Chunchi,2020,18.943060000000003,1.60580934424983
06,CHIMBORAZO,0605,Chunchi,2021,20.018289999999997,1.5992054162061133
06,CHIMBORAZO,0605,Chunchi,2022,21.92265,1.5800153658100633
06,CHIMBORAZO,0605,Chunchi,2023,18.97343,1.4112605627275632
06,CHIMBORAZO,0605,Chunchi,2024,21.063050000000004,1.572665641251979
06,CHIMBORAZO,0606,Guamote,2007,32.669978407271884,5.371777926296569
06,CHIMBORAZO,0606,Guamote,2008,36.76330773447069,5.240273136631278
06,CHIMBORAZO,0606,Guamote,2009,40.888061920322215,5.044208430559715
06,CHIMBORAZO,0606,Guamote,2010,40.10687743445331,4.672216547287068
06,CHIMBORAZO,0606,Guamote,2011,41.40516917271721,4.3215452873758045
06,CHIMBORAZO,0606,Guamote,2012,45.485938734290094,4.78866056248662
06,CHIMBORAZO,0606,Guamote,2013,50.834012316465376,4.856499343054666
06,CHIMBORAZO,0606,Guamote,2014,47.17746996607322,4.031604305667152
06,CHIMBORAZO,0606,Guamote,2015,52.34479814326515,4.006750299545931
06,CHIMBORAZO,0606,Guamote,2016,55.708646821977574,4.048553446767782
06,CHIMBORAZO,0606,Guamote,2017,64.09803882674605,4.780027106558398
06,CHIMBORAZO,0606,Guamote,2018,49.273860000000006,3.677206502000771
06,CHIMBORAZO,0606,Guamote,2019,59.43846,4.3123646184241995
06,CHIMBORAZO,0606,Guamote,2020,45.32248,3.8420013392015875
06,CHIMBORAZO,0606,Guamote,2021,47.79258,3.8180160638328244
06,CHIMBORAZO,0606,Guamote,2022,53.63738,3.8657682616742677
06,CHIMBORAZO,0606,Guamote,2023,50.044639999999994,3.7223647388953034
06,CHIMBORAZO,0606,Guamote,2024,58.57046,4.373143967009686
06,CHIMBORAZO,0607,Guano,2007,43.804423675062296,7.202564790170361
06,CHIMBORAZO,0607,Guano,2008,48.884640053536664,6.968058149627374
06,CHIMBORAZO,0607,Guano,2009,54.66625993596818,6.743973577752947
06,CHIMBORAZO,0607,Guano,2010,52.39382536869111,6.103574088093411
06,CHIMBORAZO,0607,Guano,2011,52.07164173238715,5.434827641829712
06,CHIMBORAZO,0607,Guano,2012,53.19737382564935,5.600503653554438
06,CHIMBORAZO,0607,Guano,2013,57.16182082028415,5.46103548807617
06,CHIMBORAZO,0607,Guano,2014,56.25646381494179,4.807460041859585
06,CHIMBORAZO,0607,Guano,2015,60.188767262087076,4.607169571972001
06,CHIMBORAZO,0607,Guano,2016,63.865867825854544,4.6413688730126
06,CHIMBORAZO,0607,Guano,2017,64.31537761960783,4.796234861744077
06,CHIMBORAZO,0607,Guano,2018,81.1792,6.058236193941798
06,CHIMBORAZO,0607,Guano,2019,89.3802,6.484690418757125
06,CHIMBORAZO,0607,Guano,2020,76.42823999999999,6.478846709906878
06,CHIMBORAZO,0607,Guano,2021,86.30007,6.894272156261436
06,CHIMBORAZO,0607,Guano,2022,91.8405,6.619154217381527
06,CHIMBORAZO,0607,Guano,2023,78.70886,5.854434862607604
06,CHIMBORAZO,0607,Guano,2024,83.05103,6.200977605407922
06,CHIMBORAZO,0608,Pallatanga,2007,13.452479008025728,2.2119307484205644
06,CHIMBORAZO,0608,Pallatanga,2008,14.927791356670008,2.1278200699619583
06,CHIMBORAZO,0608,Pallatanga,2009,16.9423856491555,2.090119230688903
06,CHIMBORAZO,0608,Pallatanga,2010,15.406178829619904,1.79472968883834
06,CHIMBORAZO,0608,Pallatanga,2011,11.819912128232607,1.2336692875685116
06,CHIMBORAZO,0608,Pallatanga,2012,10.946578588375752,1.1524319523562654
06,CHIMBORAZO,0608,Pallatanga,2013,12.401617212724494,1.184806059995065
06,CHIMBORAZO,0608,Pallatanga,2014,13.001588567261221,1.111065525259791
06,CHIMBORAZO,0608,Pallatanga,2015,13.94845647329992,1.0676893241547167
06,CHIMBORAZO,0608,Pallatanga,2016,15.120321650919374,1.0988497087658053
06,CHIMBORAZO,0608,Pallatanga,2017,15.253770644746961,1.1375299228139695
06,CHIMBORAZO,0608,Pallatanga,2018,26.583190000000002,1.9838486189618976
06,CHIMBORAZO,0608,Pallatanga,2019,33.13053,2.4036781128185605
06,CHIMBORAZO,0608,Pallatanga,2020,28.21145,2.391493772644803
06,CHIMBORAZO,0608,Pallatanga,2021,33.46093,2.6731004739812256
06,CHIMBORAZO,0608,Pallatanga,2022,36.96168,2.6639125446127414
06,CHIMBORAZO,0608,Pallatanga,2023,34.701769999999996,2.5811484511678944
06,CHIMBORAZO,0608,Pallatanga,2024,32.86839,2.4541074363052893
06,CHIMBORAZO,0609,Penipe,2007,12.370044120080221,2.0339508377749933
06,CHIMBORAZO,0609,Penipe,2008,13.645384772247018,1.945024745255912
06,CHIMBORAZO,0609,Penipe,2009,15.161517287941702,1.8704201112036891
06,CHIMBORAZO,0609,Penipe,2010,14.016291037903745,1.6328158936309858
06,CHIMBORAZO,0609,Penipe,2011,12.61791511487099,1.316958551086152
06,CHIMBORAZO,0609,Penipe,2012,13.31537627286082,1.401813813385154
06,CHIMBORAZO,0609,Penipe,2013,13.608644805905122,1.3001211501523664
06,CHIMBORAZO,0609,Penipe,2014,13.205181706088192,1.12846380828958
06,CHIMBORAZO,0609,Penipe,2015,12.397248651967107,0.948951596180826
06,CHIMBORAZO,0609,Penipe,2016,13.51140439132282,0.981923739665905
06,CHIMBORAZO,0609,Penipe,2017,12.495965478716828,0.9318702226184272
06,CHIMBORAZO,0609,Penipe,2018,20.78307,1.5509976311077955
06,CHIMBORAZO,0609,Penipe,2019,22.836940000000002,1.6568600877121704
06,CHIMBORAZO,0609,Penipe,2020,28.009409999999995,2.3743667762718705
06,CHIMBORAZO,0609,Penipe,2021,24.732129999999998,1.975780960827009
06,CHIMBORAZO,0609,Penipe,2022,29.267599999999998,2.1093826576797334
06,CHIMBORAZO,0609,Penipe,2023,24.56297,1.8270155087646383
06,CHIMBORAZO,0609,Penipe,2024,30.65258,2.288664717679898
06,CHIMBORAZO,0610,Cumandá,2007,13.337582045342089,2.1930387565052856
06,CHIMBORAZO,0610,Cumandá,2008,14.60169096952135,2.0813374435627594
06,CHIMBORAZO,0610,Cumandá,2009,16.864207830485636,2.0804747233804926
06,CHIMBORAZO,0610,Cumandá,2010,18.87305228846209,2.198600161383234
06,CHIMBORAZO,0610,Cumandá,2011,22.99688651405535,2.4002337999047993
06,CHIMBORAZO,0610,Cumandá,2012,21.033472523400942,2.214358176783663
06,CHIMBORAZO,0610,Cumandá,2013,21.87442029114692,2.08980371473151
06,CHIMBORAZO,0610,Cumandá,2014,26.53930357697233,2.2679463448818558
06,CHIMBORAZO,0610,Cumandá,2015,26.646069052185467,2.0396323788346162
06,CHIMBORAZO,0610,Cumandá,2016,29.646537804741325,2.1545235732914203
06,CHIMBORAZO,0610,Cumandá,2017,35.76190818959908,2.6668973600048345
06,CHIMBORAZO,0610,Cumandá,2018,26.288050000000002,1.9618229297424916
06,CHIMBORAZO,0610,Cumandá,2019,26.888840000000005,1.9508325459049471
06,CHIMBORAZO,0610,Cumandá,2020,26.13248,2.2152588110063416
06,CHIMBORAZO,0610,Cumandá,2021,28.69653,2.292485831822859
06,CHIMBORAZO,0610,Cumandá,2022,31.825040000000005,2.293703189054239
06,CHIMBORAZO,0610,Cumandá,2023,32.099529999999994,2.3875915304238764
06,CHIMBORAZO,0610,Cumandá,2024,33.37968,2.492282734551067
07,EL ORO,0701,Machala,2007,621.7631901563956,43.00557318447238
07,EL ORO,0701,Machala,2008,801.6950332223663,44.08365511276968
07,EL ORO,0701,Machala,2009,890.4652696252897,44.69745502457237
07,EL ORO,0701,Machala,2010,959.059655928071,47.21710927467604
07,EL ORO,0701,Machala,2011,1141.1198855727023,47.35224899239483
07,EL ORO,0701,Machala,2012,1413.2527506970703,52.50974957622181
07,EL ORO,0701,Machala,2013,1638.4012825350837,55.5073276062394
07,EL ORO,0701,Machala,2014,1848.0899125605556,57.45018901440946
07,EL ORO,0701,Machala,2015,1792.5995139662057,56.979194000607606
07,EL ORO,0701,Machala,2016,1709.079594005512,57.01417290075379
07,EL ORO,0701,Machala,2017,1916.5727090238972,58.19092236879938
07,EL ORO,0701,Machala,2018,1961.06279,58.37542795729298
07,EL ORO,0701,Machala,2019,1935.3399800000004,57.20294536382692
07,EL ORO,0701,Machala,2020,1815.31324,56.61065237368047
07,EL ORO,0701,Machala,2021,2021.9763400000002,56.136638755047805
07,EL ORO,0701,Machala,2022,2204.7221400000008,57.69382398408901
07,EL ORO,0701,Machala,2023,2260.42399,56.59711806647467
07,EL ORO,0701,Machala,2024,2295.23695,58.61451860755383
07,EL ORO,0702,Arenillas,2007,57.73076196282596,3.9930709117134566
07,EL ORO,0702,Arenillas,2008,67.08669578061306,3.6889672966547424
07,EL ORO,0702,Arenillas,2009,73.7278040540262,3.700812730351688
07,EL ORO,0702,Arenillas,2010,68.27183558920663,3.36120772203565
07,EL ORO,0702,Arenillas,2011,84.85724150844891,3.521261244780797
07,EL ORO,0702,Arenillas,2012,89.79974475573746,3.3365313506777996
07,EL ORO,0702,Arenillas,2013,91.26556656101947,3.091982261166887
07,EL ORO,0702,Arenillas,2014,96.29338875860526,2.9934005631550225
07,EL ORO,0702,Arenillas,2015,84.89395443906649,2.6984215167836445
07,EL ORO,0702,Arenillas,2016,76.10575945927759,2.5388559688931824
07,EL ORO,0702,Arenillas,2017,76.92869966679338,2.3357068423054748
07,EL ORO,0702,Arenillas,2018,76.15048999999999,2.2667899597990737
07,EL ORO,0702,Arenillas,2019,78.53768999999997,2.3213426253257956
07,EL ORO,0702,Arenillas,2020,72.27621,2.25393794802991
07,EL ORO,0702,Arenillas,2021,78.67832000000001,2.1843660285827347
07,EL ORO,0702,Arenillas,2022,89.81271000000001,2.3502456787021835
07,EL ORO,0702,Arenillas,2023,91.77107,2.2977893115869437
07,EL ORO,0702,Arenillas,2024,105.47625,2.6935953685653238
07,EL ORO,0703,Atahualpa,2007,13.084508897498843,0.905017881217326
07,EL ORO,0703,Atahualpa,2008,15.460893129839462,0.8501645291872291
07,EL ORO,0703,Atahualpa,2009,18.398992237693108,0.923548796448633
07,EL ORO,0703,Atahualpa,2010,17.43137316200351,0.8581938008866717
07,EL ORO,0703,Atahualpa,2011,12.453301087636603,0.516765873011736
07,EL ORO,0703,Atahualpa,2012,11.571102551267751,0.429927128737702
07,EL ORO,0703,Atahualpa,2013,12.416022093243782,0.420641886235359
07,EL ORO,0703,Atahualpa,2014,15.267314110858436,0.47460357607597614
07,EL ORO,0703,Atahualpa,2015,15.822599015092283,0.5029338298101103
07,EL ORO,0703,Atahualpa,2016,17.464460078310317,0.5826070067277892
07,EL ORO,0703,Atahualpa,2017,17.612410013362233,0.5347474577872889
07,EL ORO,0703,Atahualpa,2018,9.41919,0.28038329525443423
07,EL ORO,0703,Atahualpa,2019,10.82795,0.3200422864473918
07,EL ORO,0703,Atahualpa,2020,9.887030000000001,0.30832762412846726
07,EL ORO,0703,Atahualpa,2021,11.187929999999998,0.3106133204440769
07,EL ORO,0703,Atahualpa,2022,12.69672,0.33225154116484823
07,EL ORO,0703,Atahualpa,2023,14.05333,0.35187114486301774
07,EL ORO,0703,Atahualpa,2024,13.223750000000003,0.3377009682754715
07,EL ORO,0704,Balsas,2007,16.676432068276288,1.1534608853054515
07,EL ORO,0704,Balsas,2008,18.152273062832837,0.9981582921853842
07,EL ORO,0704,Balsas,2009,19.500759914048693,0.9788527064845117
07,EL ORO,0704,Balsas,2010,18.366710308246585,0.9042429866384026
07,EL ORO,0704,Balsas,2011,24.68701088363494,1.0244195207001894
07,EL ORO,0704,Balsas,2012,25.470340125209283,0.9463566803151499
07,EL ORO,0704,Balsas,2013,29.628612386967546,1.0037865032289328
07,EL ORO,0704,Balsas,2014,32.855328198714126,1.02134901679722
07,EL ORO,0704,Balsas,2015,35.44346038574385,1.1265984340829303
07,EL ORO,0704,Balsas,2016,37.48474454739829,1.250475234893631
07,EL ORO,0704,Balsas,2017,43.19127359931456,1.3113721369367313
07,EL ORO,0704,Balsas,2018,21.119870000000002,0.6286802523301119
07,EL ORO,0704,Balsas,2019,23.070379999999997,0.6818924324927782
07,EL ORO,0704,Balsas,2020,21.03889,0.6560990477423623
07,EL ORO,0704,Balsas,2021,22.491149999999998,0.6244274662163422
07,EL ORO,0704,Balsas,2022,25.179959999999998,0.6589166742646315
07,EL ORO,0704,Balsas,2023,26.44808,0.6622143071449033
07,EL ORO,0704,Balsas,2024,27.00273,0.6895810996941958
07,EL ORO,0705,Chilla,2007,4.903436341734444,0.339156601401282
07,EL ORO,0705,Chilla,2008,5.64541945786302,0.31043066756573406
07,EL ORO,0705,Chilla,2009,6.345687197881428,0.3185256941538716
07,EL ORO,0705,Chilla,2010,5.737114403557422,0.2824537097767412
07,EL ORO,0705,Chilla,2011,6.678041585110786,0.27711399294477207
07,EL ORO,0705,Chilla,2012,6.01095481858037,0.2233384878125702
07,EL ORO,0705,Chilla,2013,5.93892315833513,0.20120452595588775
07,EL ORO,0705,Chilla,2014,7.05730013544947,0.21938501149613548
07,EL ORO,0705,Chilla,2015,8.333956294136893,0.26490139530695145
07,EL ORO,0705,Chilla,2016,8.87279257666217,0.2959926102053209
07,EL ORO,0705,Chilla,2017,9.15976135811101,0.278108396095251
07,EL ORO,0705,Chilla,2018,4.26541,0.12696948584869996
07,EL ORO,0705,Chilla,2019,6.21842,0.18379816630942977
07,EL ORO,0705,Chilla,2020,5.9966099999999996,0.1870046428629232
07,EL ORO,0705,Chilla,2021,5.176069999999999,0.14370453600898228
07,EL ORO,0705,Chilla,2022,5.78725,0.15144247739623057
07,EL ORO,0705,Chilla,2023,5.75072,0.1439881103045793
07,EL ORO,0705,Chilla,2024,5.409890000000001,0.13815484195207794
07,EL ORO,0706,El Guabo,2007,157.35500633209685,10.883793617721125
07,EL ORO,0706,El Guabo,2008,195.91112983719265,10.77277309026354
07,EL ORO,0706,El Guabo,2009,225.47169147403727,11.317691023722794
07,EL ORO,0706,El Guabo,2010,237.4122605575064,11.688449806643078
07,EL ORO,0706,El Guabo,2011,277.414275865702,11.51166501514858
07,EL ORO,0706,El Guabo,2012,278.34056101480616,10.341811221371115
07,EL ORO,0706,El Guabo,2013,290.36459233254266,9.837249716330998
07,EL ORO,0706,El Guabo,2014,295.42816418508573,9.183754403538545
07,EL ORO,0706,El Guabo,2015,313.7218159436603,9.971896161751232
07,EL ORO,0706,El Guabo,2016,288.62005366597185,9.628243002872976
07,EL ORO,0706,El Guabo,2017,327.55057979344065,9.94508075319655
07,EL ORO,0706,El Guabo,2018,397.796,11.8412892530072
07,EL ORO,0706,El Guabo,2019,411.40173,12.159822525742412
07,EL ORO,0706,El Guabo,2020,381.88865000000004,11.909220477345348
07,EL ORO,0706,El Guabo,2021,395.05279999999993,10.967950457209675
07,EL ORO,0706,El Guabo,2022,318.08444000000003,8.323728129041022
07,EL ORO,0706,El Guabo,2023,345.78763999999995,8.657926111909491
07,EL ORO,0706,El Guabo,2024,280.62341999999995,7.166408972853714
07,EL ORO,0707,Huaquillas,2007,74.7489783366531,5.170172035293506
07,EL ORO,0707,Huaquillas,2008,91.28577405026456,5.0196276803150495
07,EL ORO,0707,Huaquillas,2009,82.49709336944521,4.140992631964633
07,EL ORO,0707,Huaquillas,2010,89.20881624323978,4.391992092239003
07,EL ORO,0707,Huaquillas,2011,116.57522413986055,4.8374400530619965
07,EL ORO,0707,Huaquillas,2012,139.5416089012763,5.184702407446227
07,EL ORO,0707,Huaquillas,2013,148.75089160132032,5.039525151652148
07,EL ORO,0707,Huaquillas,2014,145.9447503940448,4.536875310455952
07,EL ORO,0707,Huaquillas,2015,149.67344145680207,4.757488770392741
07,EL ORO,0707,Huaquillas,2016,152.35659925192908,5.08255175638843
07,EL ORO,0707,Huaquillas,2017,154.09715768917079,4.678693220519695
07,EL ORO,0707,Huaquillas,2018,165.2372,4.9186554931598145
07,EL ORO,0707,Huaquillas,2019,169.40726,5.0071792750417
07,EL ORO,0707,Huaquillas,2020,144.93595000000002,4.519836302135457
07,EL ORO,0707,Huaquillas,2021,158.98542,4.413952286830196
07,EL ORO,0707,Huaquillas,2022,173.80559000000002,4.548196316888594
07,EL ORO,0707,Huaquillas,2023,177.35493,4.440661556100965
07,EL ORO,0707,Huaquillas,2024,161.67593000000002,4.128792370381878
07,EL ORO,0708,Marcabelí,2007,8.286824263207768,0.5731758215352067
07,EL ORO,0708,Marcabelí,2008,9.425248493248993,0.5182761358249471
07,EL ORO,0708,Marcabelí,2009,10.934815496622605,0.5488798278095189
07,EL ORO,0708,Marcabelí,2010,11.309518727636256,0.5567982953990989
07,EL ORO,0708,Marcabelí,2011,11.898609991186431,0.4937482468665297
07,EL ORO,0708,Marcabelí,2012,11.49199380593421,0.4269878240700094
07,EL ORO,0708,Marcabelí,2013,13.187115086299412,0.4467657130637831
07,EL ORO,0708,Marcabelí,2014,13.959715064646842,0.43395522241669165
07,EL ORO,0708,Marcabelí,2015,14.635595262484141,0.4652039762804369
07,EL ORO,0708,Marcabelí,2016,14.300611039231937,0.47706234000858855
07,EL ORO,0708,Marcabelí,2017,13.631901787497808,0.41389138795542124
07,EL ORO,0708,Marcabelí,2018,10.868490000000001,0.3235249570971459
07,EL ORO,0708,Marcabelí,2019,10.984389999999998,0.32466619173803585
07,EL ORO,0708,Marcabelí,2020,10.85062,0.33837723612862797
07,EL ORO,0708,Marcabelí,2021,10.56008,0.293182162648058
07,EL ORO,0708,Marcabelí,2022,11.876359999999998,0.310784116955289
07,EL ORO,0708,Marcabelí,2023,12.19192,0.30526464891085053
07,EL ORO,0708,Marcabelí,2024,12.430249999999997,0.31743699486954746
07,EL ORO,0709,Pasaje,2007,147.33874201623527,10.190997397407001
07,EL ORO,0709,Pasaje,2008,190.5497552186315,10.477961497549765
07,EL ORO,0709,Pasaje,2009,197.87983436947678,9.932700688844836
07,EL ORO,0709,Pasaje,2010,197.2578115885858,9.711537324598142
07,EL ORO,0709,Pasaje,2011,219.02824655217782,9.088861037507165
07,EL ORO,0709,Pasaje,2012,222.0223427857435,8.249294129627648
07,EL ORO,0709,Pasaje,2013,234.3416468309834,7.9392507202547975
07,EL ORO,0709,Pasaje,2014,238.96034271407657,7.428381467030993
07,EL ORO,0709,Pasaje,2015,222.714889241314,7.079168984502972
07,EL ORO,0709,Pasaje,2016,215.95720780176302,7.204241176338111
07,EL ORO,0709,Pasaje,2017,237.54675585910533,7.212387385082494
07,EL ORO,0709,Pasaje,2018,210.16140999999993,6.255925262269704
07,EL ORO,0709,Pasaje,2019,227.02008,6.710044419550313
07,EL ORO,0709,Pasaje,2020,215.04517000000004,6.706196536917795
07,EL ORO,0709,Pasaje,2021,240.60085,6.679862040624789
07,EL ORO,0709,Pasaje,2022,249.64743,6.532848118675026
07,EL ORO,0709,Pasaje,2023,281.79330000000004,7.055618211891974
07,EL ORO,0709,Pasaje,2024,267.60201,6.833875253953107
07,EL ORO,0710,Piñas,2007,47.55994418839807,3.2895846727901317
07,EL ORO,0710,Piñas,2008,58.328768226634445,3.207385845114019
07,EL ORO,0710,Piñas,2009,64.49692428662557,3.2374630104751945
07,EL ORO,0710,Piñas,2010,62.88398190360195,3.095949065124487
07,EL ORO,0710,Piñas,2011,72.45441258204322,3.0065897795311263
07,EL ORO,0710,Piñas,2012,80.18662954340846,2.9793537175914415
07,EL ORO,0710,Piñas,2013,86.93364002710283,2.9452211057360143
07,EL ORO,0710,Piñas,2014,85.28951370091272,2.6513313285042606
07,EL ORO,0710,Piñas,2015,97.13954993321445,3.087657459267102
07,EL ORO,0710,Piñas,2016,99.73956418824216,3.327269705647149
07,EL ORO,0710,Piñas,2017,98.9021473217909,3.0028639924863576
07,EL ORO,0710,Piñas,2018,81.11045000000001,2.4144342826262157
07,EL ORO,0710,Piñas,2019,92.41336,2.7314665317706437
07,EL ORO,0710,Piñas,2020,83.70744999999998,2.6104218537166832
07,EL ORO,0710,Piñas,2021,87.77205999999998,2.436837824228141
07,EL ORO,0710,Piñas,2022,100.15361999999999,2.6208496838741477
07,EL ORO,0710,Piñas,2023,102.90231000000001,2.576496362694761
07,EL ORO,0710,Piñas,2024,105.0924,2.6837928150784127
07,EL ORO,0711,Portovelo,2007,31.824210890349267,2.201189218259675
07,EL ORO,0711,Portovelo,2008,36.9880158523711,2.0338992591579577
07,EL ORO,0711,Portovelo,2009,44.961912983375356,2.2568910343228064
07,EL ORO,0711,Portovelo,2010,34.45356198643163,1.6962423465106906
07,EL ORO,0711,Portovelo,2011,41.06165314218431,1.7039065292006823
07,EL ORO,0711,Portovelo,2012,45.13291082795453,1.6769242756137626
07,EL ORO,0711,Portovelo,2013,36.13998926738747,1.224385164571486
07,EL ORO,0711,Portovelo,2014,36.660325181031176,1.1396321124126825
07,EL ORO,0711,Portovelo,2015,36.12091725397404,1.148131936698094
07,EL ORO,0711,Portovelo,2016,41.16962598184237,1.3734013221039933
07,EL ORO,0711,Portovelo,2017,43.842754588389106,1.3311523829360041
07,EL ORO,0711,Portovelo,2018,50.70849000000001,1.5094518237318206
07,EL ORO,0711,Portovelo,2019,59.5995,1.7615855495381239
07,EL ORO,0711,Portovelo,2020,78.60909000000001,2.4514291910311647
07,EL ORO,0711,Portovelo,2021,119.87307,3.3280662557349987
07,EL ORO,0711,Portovelo,2022,129.10849,3.378549324547316
07,EL ORO,0711,Portovelo,2023,142.73532,3.5738462315187363
07,EL ORO,0711,Portovelo,2024,139.85148999999998,3.5714516372260072
07,EL ORO,0712,Santa Rosa,2007,216.29769864451742,14.960690269152085
07,EL ORO,0712,Santa Rosa,2008,272.25978735142587,14.971037700500778
07,EL ORO,0712,Santa Rosa,2009,296.1458750258259,14.865225384084473
07,EL ORO,0712,Santa Rosa,2010,273.0429746926809,13.442646547644824
07,EL ORO,0712,Santa Rosa,2011,334.4260679864078,13.87744323892165
07,EL ORO,0712,Santa Rosa,2012,296.70014605182575,11.02396606744641
07,EL ORO,0712,Santa Rosa,2013,285.8272399259332,9.683528946466282
07,EL ORO,0712,Santa Rosa,2014,321.410966527999,9.991462348687289
07,EL ORO,0712,Santa Rosa,2015,296.7551115444662,9.432596036999069
07,EL ORO,0712,Santa Rosa,2016,253.8531055596876,8.46843230855792
07,EL ORO,0712,Santa Rosa,2017,273.9569261075597,8.317871868080086
07,EL ORO,0712,Santa Rosa,2018,285.78972000000005,8.507171364357454
07,EL ORO,0712,Santa Rosa,2019,267.21922,7.898212510354094
07,EL ORO,0712,Santa Rosa,2020,269.50605000000013,8.404562349335233
07,EL ORO,0712,Santa Rosa,2021,302.97527,8.411578784202327
07,EL ORO,0712,Santa Rosa,2022,339.69554,8.889253814514722
07,EL ORO,0712,Santa Rosa,2023,353.73536,8.856923312960824
07,EL ORO,0712,Santa Rosa,2024,338.40429000000006,8.641985548847602
07,EL ORO,0713,Zaruma,2007,42.26611529557045,2.9234257404491757
07,EL ORO,0713,Zaruma,2008,48.51631887263853,2.667818284873074
07,EL ORO,0713,Zaruma,2009,52.89958655506658,2.655327469266196
07,EL ORO,0713,Zaruma,2010,48.37580975810546,2.3816723824015344
07,EL ORO,0713,Zaruma,2011,55.73758461423196,2.3129033314174365
07,EL ORO,0713,Zaruma,2012,61.573759246410816,2.2877879960968444
07,EL ORO,0713,Zaruma,2013,69.68192695297844,2.360751049723494
07,EL ORO,0713,Zaruma,2014,69.19547543087273,2.151027996758955
07,EL ORO,0713,Zaruma,2015,65.65342195406797,2.0868459670881694
07,EL ORO,0713,Zaruma,2016,70.40053528572149,2.3485321018190084
07,EL ORO,0713,Zaruma,2017,70.49235365173303,2.140286700122683
07,EL ORO,0713,Zaruma,2018,77.93776000000001,2.3199920559569596
07,EL ORO,0713,Zaruma,2019,81.58554999999998,2.411428383310599
07,EL ORO,0713,Zaruma,2020,87.84384000000001,2.739415424199301
07,EL ORO,0713,Zaruma,2021,135.12221,3.751431973013941
07,EL ORO,0713,Zaruma,2022,148.48803,3.885678884942901
07,EL ORO,0713,Zaruma,2023,165.71077,4.149111872846665
07,EL ORO,0713,Zaruma,2024,152.63501,3.8979102500982155
07,EL ORO,0714,Las Lajas,2007,5.93767277124668,0.41069176328220336
07,EL ORO,0714,Las Lajas,2008,7.271480450177845,0.39984460803809835
07,EL ORO,0714,Las Lajas,2009,8.47950457864988,0.4256339774984688
07,EL ORO,0714,Las Lajas,2010,8.3583580129584,0.4115046454256438
07,EL ORO,0714,Las Lajas,2011,11.46206254169418,0.47563314451251415
07,EL ORO,0714,Las Lajas,2012,10.315344606548159,0.3832691369715067
07,EL ORO,0714,Las Lajas,2013,8.807226384335088,0.29837964937453276
07,EL ORO,0714,Las Lajas,2014,10.443607891778953,0.32465262826081226
07,EL ORO,0714,Las Lajas,2015,12.55156830632793,0.39896153042894306
07,EL ORO,0714,Las Lajas,2016,12.235243888112434,0.4081625647901122
07,EL ORO,0714,Las Lajas,2017,10.10853747377212,0.3069151076965682
07,EL ORO,0714,Las Lajas,2018,7.770440000000001,0.23130455726839202
07,EL ORO,0714,Las Lajas,2019,9.66178,0.285573738551774
07,EL ORO,0714,Las Lajas,2020,9.7649,0.30451899274626154
07,EL ORO,0714,Las Lajas,2021,11.43195,0.3173881092079291
07,EL ORO,0714,Las Lajas,2022,12.359659999999998,0.3234312549440744
07,EL ORO,0714,Las Lajas,2023,13.22658,0.3311707507916126
07,EL ORO,0714,Las Lajas,2024,11.152059999999999,0.2847952706506214
08,ESMERALDAS,0801,Esmeraldas,2007,778.797891580203,67.05536943145367
08,ESMERALDAS,0801,Esmeraldas,2008,915.2723254580067,66.59598774911932
08,ESMERALDAS,0801,Esmeraldas,2009,944.3880998840635,65.75150260127734
08,ESMERALDAS,0801,Esmeraldas,2010,820.350033658158,59.33734552717238
08,ESMERALDAS,0801,Esmeraldas,2011,854.5550436848747,56.87633574334756
08,ESMERALDAS,0801,Esmeraldas,2012,861.3823316979102,60.53775537968359
08,ESMERALDAS,0801,Esmeraldas,2013,778.0108851062707,55.73363764715483
08,ESMERALDAS,0801,Esmeraldas,2014,747.8264745157774,51.170898678138144
08,ESMERALDAS,0801,Esmeraldas,2015,1095.4404792008047,59.64309638696803
08,ESMERALDAS,0801,Esmeraldas,2016,1577.992402701218,67.71006091012305
08,ESMERALDAS,0801,Esmeraldas,2017,1650.2144584597736,68.92869821510948
08,ESMERALDAS,0801,Esmeraldas,2018,1771.35565,71.61360028956973
08,ESMERALDAS,0801,Esmeraldas,2019,1437.01749,66.78824846022891
08,ESMERALDAS,0801,Esmeraldas,2020,1276.23462,66.05645586852549
08,ESMERALDAS,0801,Esmeraldas,2021,1345.5831600000001,66.6887005798317
08,ESMERALDAS,0801,Esmeraldas,2022,1134.1673399999997,62.12167150843872
08,ESMERALDAS,0801,Esmeraldas,2023,1030.9605,56.25152709514262
08,ESMERALDAS,0801,Esmeraldas,2024,1091.2612900000001,52.2993922583543
08,ESMERALDAS,0802,Eloy Alfaro,2007,31.605492992492202,2.721268292566417
08,ESMERALDAS,0802,Eloy Alfaro,2008,39.45122120469813,2.8705041887081673
08,ESMERALDAS,0802,Eloy Alfaro,2009,40.95705228200353,2.8515688941775186
08,ESMERALDAS,0802,Eloy Alfaro,2010,44.94852618030045,3.2512051191175297
08,ESMERALDAS,0802,Eloy Alfaro,2011,44.373589465660196,2.953358231558268
08,ESMERALDAS,0802,Eloy Alfaro,2012,47.5928774710846,3.344816660542102
08,ESMERALDAS,0802,Eloy Alfaro,2013,50.36561738692945,3.607994596290183
08,ESMERALDAS,0802,Eloy Alfaro,2014,57.90755185587512,3.9623917709448517
08,ESMERALDAS,0802,Eloy Alfaro,2015,72.10479959640467,3.9258668945928594
08,ESMERALDAS,0802,Eloy Alfaro,2016,83.32293960219013,3.575303218201257
08,ESMERALDAS,0802,Eloy Alfaro,2017,91.54214645260456,3.823673313760841
08,ESMERALDAS,0802,Eloy Alfaro,2018,57.00516,2.3046443229415665
08,ESMERALDAS,0802,Eloy Alfaro,2019,70.69727999999999,3.285796822210126
08,ESMERALDAS,0802,Eloy Alfaro,2020,72.34183999999998,3.744331556691301
08,ESMERALDAS,0802,Eloy Alfaro,2021,63.365669999999994,3.140477912692088
08,ESMERALDAS,0802,Eloy Alfaro,2022,65.38197,3.5811622497563684
08,ESMERALDAS,0802,Eloy Alfaro,2023,76.61402,4.180233502542337
08,ESMERALDAS,0802,Eloy Alfaro,2024,94.22183,4.515641204930832
08,ESMERALDAS,0803,Muisne,2007,19.38305165992294,1.668902424899841
08,ESMERALDAS,0803,Muisne,2008,24.10855765333639,1.7541590251044799
08,ESMERALDAS,0803,Muisne,2009,25.00632349453033,1.7410250558015736
08,ESMERALDAS,0803,Muisne,2010,28.78224793670277,2.081870080815462
08,ESMERALDAS,0803,Muisne,2011,27.82563907926842,1.8519818029759234
08,ESMERALDAS,0803,Muisne,2012,29.602931064648807,2.0804872974128283
08,ESMERALDAS,0803,Muisne,2013,32.718329597328136,2.3438123567494675
08,ESMERALDAS,0803,Muisne,2014,37.175073322060676,2.5437477478278145
08,ESMERALDAS,0803,Muisne,2015,36.83621811599222,2.0056097518199945
08,ESMERALDAS,0803,Muisne,2016,42.243120798462606,1.8126096661817477
08,ESMERALDAS,0803,Muisne,2017,46.010391278208,1.9218328617328695
08,ESMERALDAS,0803,Muisne,2018,61.256409999999995,2.4765168197103735
08,ESMERALDAS,0803,Muisne,2019,58.37059999999999,2.7128898309878173
08,ESMERALDAS,0803,Muisne,2020,47.15108000000001,2.440486401452826
08,ESMERALDAS,0803,Muisne,2021,47.145880000000005,2.3366058437389157
08,ESMERALDAS,0803,Muisne,2022,53.11871,2.909467533752136
08,ESMERALDAS,0803,Muisne,2023,57.326350000000005,3.1278547823031335
08,ESMERALDAS,0803,Muisne,2024,71.34550999999999,3.419279000872778
08,ESMERALDAS,0804,Quinindé,2007,172.3668539030018,14.840978887027326
08,ESMERALDAS,0804,Quinindé,2008,202.13998951884716,14.707876433244005
08,ESMERALDAS,0804,Quinindé,2009,228.2089785123212,15.888683101925796
08,ESMERALDAS,0804,Quinindé,2010,266.65562280525626,19.287665237973492
08,ESMERALDAS,0804,Quinindé,2011,345.82024850802225,23.016643230115076
08,ESMERALDAS,0804,Quinindé,2012,329.0783771178476,23.127553888219428
08,ESMERALDAS,0804,Quinindé,2013,371.3878873270992,26.604766507866533
08,ESMERALDAS,0804,Quinindé,2014,427.80025386687976,29.272731296760252
08,ESMERALDAS,0804,Quinindé,2015,419.6861456071642,22.85051694728792
08,ESMERALDAS,0804,Quinindé,2016,406.8185851657295,17.45617477865463
08,ESMERALDAS,0804,Quinindé,2017,375.1776014950298,15.670995692678877
08,ESMERALDAS,0804,Quinindé,2018,354.31427,14.324464151888803
08,ESMERALDAS,0804,Quinindé,2019,333.51683999999995,15.50085905745685
08,ESMERALDAS,0804,Quinindé,2020,306.26024,15.851682528283103
08,ESMERALDAS,0804,Quinindé,2021,319.58123,15.838825567945076
08,ESMERALDAS,0804,Quinindé,2022,313.97544,17.197355678922584
08,ESMERALDAS,0804,Quinindé,2023,368.0551699999999,20.081919111122414
08,ESMERALDAS,0804,Quinindé,2024,467.03711,22.383050914504775
08,ESMERALDAS,0805,San Lorenzo,2007,44.49834739381735,3.831357475207416
08,ESMERALDAS,0805,San Lorenzo,2008,51.17818343071232,3.7237678688344356
08,ESMERALDAS,0805,San Lorenzo,2009,50.92947957222765,3.5458831056703533
08,ESMERALDAS,0805,San Lorenzo,2010,53.05457811423026,3.8375299618434187
08,ESMERALDAS,0805,San Lorenzo,2011,48.14635536858069,3.2044609566095157
08,ESMERALDAS,0805,San Lorenzo,2012,50.41562656403011,3.5431988281332623
08,ESMERALDAS,0805,San Lorenzo,2013,50.838792244059235,3.6418909806928426
08,ESMERALDAS,0805,San Lorenzo,2014,52.74115315514947,3.608874914488442
08,ESMERALDAS,0805,San Lorenzo,2015,56.67438308828589,3.0857319565848877
08,ESMERALDAS,0805,San Lorenzo,2016,59.48885249150019,2.552606602400402
08,ESMERALDAS,0805,San Lorenzo,2017,65.95714113548372,2.754999420319262
08,ESMERALDAS,0805,San Lorenzo,2018,108.59938000000001,4.390531393859328
08,ESMERALDAS,0805,San Lorenzo,2019,123.01715999999998,5.717467396274858
08,ESMERALDAS,0805,San Lorenzo,2020,125.87536999999999,6.5151663283819365
08,ESMERALDAS,0805,San Lorenzo,2021,125.78400999999998,6.234005024721442
08,ESMERALDAS,0805,San Lorenzo,2022,134.22106,7.351681100986779
08,ESMERALDAS,0805,San Lorenzo,2023,164.98668,9.00204488955457
08,ESMERALDAS,0805,San Lorenzo,2024,218.24182999999996,10.459378683130115
08,ESMERALDAS,0806,Atacames,2007,41.566684111434945,3.5789379879770316
08,ESMERALDAS,0806,Atacames,2008,47.05097198750717,3.4234684769871224
08,ESMERALDAS,0806,Atacames,2009,53.507891673461096,3.7254009013755605
08,ESMERALDAS,0806,Atacames,2010,59.70513421337618,4.318576257950853
08,ESMERALDAS,0806,Atacames,2011,60.486287709853265,4.025765728114938
08,ESMERALDAS,0806,Atacames,2012,71.21609029531567,5.005050712959426
08,ESMERALDAS,0806,Atacames,2013,73.04553859735772,5.232694886229407
08,ESMERALDAS,0806,Atacames,2014,90.61886806303112,6.2007017322881675
08,ESMERALDAS,0806,Atacames,2015,105.32294737982923,5.73448473158276
08,ESMERALDAS,0806,Atacames,2016,104.75371682764731,4.4948762331302365
08,ESMERALDAS,0806,Atacames,2017,108.75876841425739,4.5428036870251844
08,ESMERALDAS,0806,Atacames,2018,79.01723,3.194563624311695
08,ESMERALDAS,0806,Atacames,2019,87.51585,4.0674733430058145
08,ESMERALDAS,0806,Atacames,2020,72.74577000000001,3.7652385151774883
08,ESMERALDAS,0806,Atacames,2021,80.80222,4.004654053314467
08,ESMERALDAS,0806,Atacames,2022,85.33901000000002,4.674267860750928
08,ESMERALDAS,0806,Atacames,2023,88.06838,4.805209184828437
08,ESMERALDAS,0806,Atacames,2024,85.03281000000001,4.075251569695204
08,ESMERALDAS,0807,Rioverde,2007,17.759309784403907,1.5290964335105621
08,ESMERALDAS,0807,Rioverde,2008,22.67710153947139,1.650005068767329
08,ESMERALDAS,0807,Rioverde,2009,25.741589459466965,1.792216766086886
08,ESMERALDAS,0807,Rioverde,2010,30.91372756730566,2.2360437117486165
08,ESMERALDAS,0807,Rioverde,2011,36.978968231381415,2.461196886161283
08,ESMERALDAS,0807,Rioverde,2012,33.59625546911796,2.361137233049372
08,ESMERALDAS,0807,Rioverde,2013,39.577872682815226,2.8352030250167415
08,ESMERALDAS,0807,Rioverde,2014,47.359862998660596,3.240653859552329
08,ESMERALDAS,0807,Rioverde,2015,50.594331373453,2.754693331163548
08,ESMERALDAS,0807,Rioverde,2016,55.89431415496628,2.3983685913086803
08,ESMERALDAS,0807,Rioverde,2017,56.428603964539754,2.356996809373492
08,ESMERALDAS,0807,Rioverde,2018,41.94246999999999,1.6956793977185043
08,ESMERALDAS,0807,Rioverde,2019,41.467079999999996,1.9272650898356076
08,ESMERALDAS,0807,Rioverde,2020,31.427250000000004,1.626638801487863
08,ESMERALDAS,0807,Rioverde,2021,35.4457,1.7567310177563018
08,ESMERALDAS,0807,Rioverde,2022,39.51575999999999,2.164394067392474
08,ESMERALDAS,0807,Rioverde,2023,46.757810000000006,2.551211434506493
08,ESMERALDAS,0807,Rioverde,2024,59.42553000000001,2.8480063685119825
08,ESMERALDAS,0808,La Concordia,2007,55.447468732165085,4.774089067357741
08,ESMERALDAS,0808,La Concordia,2008,72.48721745460153,5.274231189235137
08,ESMERALDAS,0808,La Concordia,2009,67.55947187271629,4.703719573684972
08,ESMERALDAS,0808,La Concordia,2010,78.10905815199602,5.649764103378236
08,ESMERALDAS,0808,La Concordia,2011,84.29294385665752,5.610257421117431
08,ESMERALDAS,0808,La Concordia,2012,,
08,ESMERALDAS,0808,La Concordia,2013,,
08,ESMERALDAS,0808,La Concordia,2014,,
08,ESMERALDAS,0808,La Concordia,2015,,
08,ESMERALDAS,0808,La Concordia,2016,,
08,ESMERALDAS,0808,La Concordia,2017,,
08,ESMERALDAS,0808,La Concordia,2018,,
08,ESMERALDAS,0808,La Concordia,2019,,
08,ESMERALDAS,0808,La Concordia,2020,,
08,ESMERALDAS,0808,La Concordia,2021,,
08,ESMERALDAS,0808,La Concordia,2022,,
08,ESMERALDAS,0808,La Concordia,2023,,
08,ESMERALDAS,0808,La Concordia,2024,,
09,GUAYAS,0901,Guayaquil,2007,8517.379106152935,71.9357407762819
09,GUAYAS,0901,Guayaquil,2008,10331.09074831881,77.10558080559863
09,GUAYAS,0901,Guayaquil,2009,10916.74225775943,76.30309286146878
09,GUAYAS,0901,Guayaquil,2010,12430.577638380262,78.16101534051582
09,GUAYAS,0901,Guayaquil,2011,14195.45180689458,79.32686981027103
09,GUAYAS,0901,Guayaquil,2012,16538.92160844331,80.70800119044317
09,GUAYAS,0901,Guayaquil,2013,18990.08944545299,81.2332521071061
09,GUAYAS,0901,Guayaquil,2014,21229.782257970128,82.17960330270982
09,GUAYAS,0901,Guayaquil,2015,20953.82935843564,80.90220414596624
09,GUAYAS,0901,Guayaquil,2016,21931.422529152303,80.26145385423379
09,GUAYAS,0901,Guayaquil,2017,23207.55154830803,80.10489588546717
09,GUAYAS,0901,Guayaquil,2018,22680.37297,76.9241624402003
09,GUAYAS,0901,Guayaquil,2019,22861.519839999997,75.71948108900224
09,GUAYAS,0901,Guayaquil,2020,21572.80577,75.05203625125658
09,GUAYAS,0901,Guayaquil,2021,23347.18532,75.79701461404872
09,GUAYAS,0901,Guayaquil,2022,26052.2269,76.38024815905334
09,GUAYAS,0901,Guayaquil,2023,27178.87194,75.84664351479685
09,GUAYAS,0901,Guayaquil,2024,26277.882319999997,74.56762565445935
09,GUAYAS,0902,Alfredo Baquerizo Moreno,2007,34.65038516217672,0.29264884112344136
09,GUAYAS,0902,Alfredo Baquerizo Moreno,2008,43.49369599185694,0.3246130319182418
09,GUAYAS,0902,Alfredo Baquerizo Moreno,2009,50.813247454943856,0.3551616267565098
09,GUAYAS,0902,Alfredo Baquerizo Moreno,2010,44.978519178493805,0.28281603878563016
09,GUAYAS,0902,Alfredo Baquerizo Moreno,2011,36.97898774979174,0.20664557823503743
09,GUAYAS,0902,Alfredo Baquerizo Moreno,2012,41.553794518409795,0.20277765242850743
09,GUAYAS,0902,Alfredo Baquerizo Moreno,2013,43.73716933464303,0.18709298411772152
09,GUAYAS,0902,Alfredo Baquerizo Moreno,2014,47.06134093236478,0.18217249153666565
09,GUAYAS,0902,Alfredo Baquerizo Moreno,2015,51.10662235351067,0.19732137377505127
09,GUAYAS,0902,Alfredo Baquerizo Moreno,2016,52.088166592610655,0.19062475194061454
09,GUAYAS,0902,Alfredo Baquerizo Moreno,2017,49.370594953586306,0.17041118535612745
09,GUAYAS,0902,Alfredo Baquerizo Moreno,2018,46.94854999999999,0.1592336198046158
09,GUAYAS,0902,Alfredo Baquerizo Moreno,2019,62.64526000000001,0.20748693057519962
09,GUAYAS,0902,Alfredo Baquerizo Moreno,2020,70.74266,0.24611451748264265
09,GUAYAS,0902,Alfredo Baquerizo Moreno,2021,61.93417000000001,0.2010702842443955
09,GUAYAS,0902,Alfredo Baquerizo Moreno,2022,59.78247,0.17527100127326012
09,GUAYAS,0902,Alfredo Baquerizo Moreno,2023,65.97534000000002,0.18411389938457903
09,GUAYAS,0902,Alfredo Baquerizo Moreno,2024,76.16673,0.21613508047570398
09,GUAYAS,0903,Balao,2007,71.0322988436571,0.5999217567607654
09,GUAYAS,0903,Balao,2008,84.84409283874884,0.6332296575093429
09,GUAYAS,0903,Balao,2009,100.55865825077116,0.7028595580407246
09,GUAYAS,0903,Balao,2010,104.88670601129243,0.6595068769976348
09,GUAYAS,0903,Balao,2011,84.95502151110372,0.4747447297075064
09,GUAYAS,0903,Balao,2012,79.9510622658219,0.390151823758145
09,GUAYAS,0903,Balao,2013,92.08530594708098,0.3939101442805652
09,GUAYAS,0903,Balao,2014,87.03202856726622,0.3368973593501145
09,GUAYAS,0903,Balao,2015,71.07775580110517,0.2744294139125056
09,GUAYAS,0903,Balao,2016,62.98806402195055,0.2305146228953127
09,GUAYAS,0903,Balao,2017,58.697711559076104,0.20260534866711422
09,GUAYAS,0903,Balao,2018,75.48780000000004,0.25602911368054787
09,GUAYAS,0903,Balao,2019,85.33224,0.2826283194723156
09,GUAYAS,0903,Balao,2020,70.79306000000001,0.2462898596549772
09,GUAYAS,0903,Balao,2021,75.9817,0.24667581750707862
09,GUAYAS,0903,Balao,2022,75.60896,0.2216713047224357
09,GUAYAS,0903,Balao,2023,80.6714,0.22512541841865652
09,GUAYAS,0903,Balao,2024,93.07363,0.2641110693634333
09,GUAYAS,0904,Balzar,2007,68.4889005574373,0.5784408249473422
09,GUAYAS,0904,Balzar,2008,71.25369404487425,0.5317983935789653
09,GUAYAS,0904,Balzar,2009,74.5334293040328,0.5209549738546789
09,GUAYAS,0904,Balzar,2010,81.7689447201408,0.5141469631238712
09,GUAYAS,0904,Balzar,2011,93.50321971526216,0.52251367819031
09,GUAYAS,0904,Balzar,2012,95.38177546192027,0.46545189763746686
09,GUAYAS,0904,Balzar,2013,103.46298526712836,0.4425800515632041
09,GUAYAS,0904,Balzar,2014,102.04742477911695,0.39502133297964376
09,GUAYAS,0904,Balzar,2015,99.29742294750575,0.38338483362867354
09,GUAYAS,0904,Balzar,2016,100.48008676333704,0.3677225148667409
09,GUAYAS,0904,Balzar,2017,100.8369236445633,0.3480561597868107
09,GUAYAS,0904,Balzar,2018,96.46273,0.32716898975868924
09,GUAYAS,0904,Balzar,2019,102.33009000000003,0.3389267804073913
09,GUAYAS,0904,Balzar,2020,93.72664,0.32607604490514425
09,GUAYAS,0904,Balzar,2021,102.80254999999998,0.3337501406662699
09,GUAYAS,0904,Balzar,2022,109.87281999999998,0.3221265226096659
09,GUAYAS,0904,Balzar,2023,123.74996000000002,0.3453424822711892
09,GUAYAS,0904,Balzar,2024,138.20085000000003,0.39216665644646553
09,GUAYAS,0905,Colimes,2007,28.097420180593176,0.23730407081837016
09,GUAYAS,0905,Colimes,2008,28.5320188701877,0.2129473005452137
09,GUAYAS,0905,Colimes,2009,34.83974608545993,0.24351407389318108
09,GUAYAS,0905,Colimes,2010,36.07984955022156,0.22686296294641287
09,GUAYAS,0905,Colimes,2011,35.324051185302345,0.19739747967633245
09,GUAYAS,0905,Colimes,2012,39.01808521266659,0.19040368787920675
09,GUAYAS,0905,Colimes,2013,41.38473349122869,0.17703005026568397
09,GUAYAS,0905,Colimes,2014,42.371564820389175,0.16401856344746016
09,GUAYAS,0905,Colimes,2015,45.646330190163205,0.17623932410579043
09,GUAYAS,0905,Colimes,2016,48.696501439133584,0.1782124254787553
09,GUAYAS,0905,Colimes,2017,51.21258125546106,0.1767691210748953
09,GUAYAS,0905,Colimes,2018,37.55944999999999,0.12738896475760117
09,GUAYAS,0905,Colimes,2019,38.32543999999999,0.12693742365414362
09,GUAYAS,0905,Colimes,2020,40.720150000000004,0.1416658642616892
09,GUAYAS,0905,Colimes,2021,45.18852,0.14670526077904247
09,GUAYAS,0905,Colimes,2022,45.60845000000001,0.13371543025942925
09,GUAYAS,0905,Colimes,2023,51.8392,0.1446649195438336
09,GUAYAS,0905,Colimes,2024,57.119550000000004,0.16208571033554936
09,GUAYAS,0906,Daule,2007,229.8176332432585,1.9409846015733785
09,GUAYAS,0906,Daule,2008,266.7679881855358,1.9910095817069535
09,GUAYAS,0906,Daule,2009,308.36229180286836,2.155313007384194
09,GUAYAS,0906,Daule,2010,355.31298901756793,2.234137848875169
09,GUAYAS,0906,Daule,2011,404.87440344468695,2.2625147496868503
09,GUAYAS,0906,Daule,2012,408.58412945276024,1.9938427176192024
09,GUAYAS,0906,Daule,2013,385.95266477943363,1.6509764321802154
09,GUAYAS,0906,Daule,2014,338.84607997467754,1.311659069067616
09,GUAYAS,0906,Daule,2015,535.3384772162846,2.0669282941118676
09,GUAYAS,0906,Daule,2016,680.8286179251259,2.4915982822182845
09,GUAYAS,0906,Daule,2017,565.509972033194,1.95195591131694
09,GUAYAS,0906,Daule,2018,704.4029600000001,2.389096854362617
09,GUAYAS,0906,Daule,2019,768.24734,2.5445066793427276
09,GUAYAS,0906,Daule,2020,744.0818200000001,2.5886691014574033
09,GUAYAS,0906,Daule,2021,750.87761,2.4377363009054993
09,GUAYAS,0906,Daule,2022,831.1419099999998,2.436752358440021
09,GUAYAS,0906,Daule,2023,912.5887200000001,2.5467131775839538
09,GUAYAS,0906,Daule,2024,874.15463,2.4805513024290167
09,GUAYAS,0907,Durán,2007,538.2186969859193,4.545666006501709
09,GUAYAS,0907,Durán,2008,634.9019223529033,4.738558848258894
09,GUAYAS,0907,Durán,2009,760.8311451498108,5.317865728578509
09,GUAYAS,0907,Durán,2010,813.4120882702852,5.114574443681205
09,GUAYAS,0907,Durán,2011,876.2555154671948,4.896681566854923
09,GUAYAS,0907,Durán,2012,1016.4428078695047,4.960121904542406
09,GUAYAS,0907,Durán,2013,1154.1664128251296,4.937137945341656
09,GUAYAS,0907,Durán,2014,1283.9819998026712,4.970240867731468
09,GUAYAS,0907,Durán,2015,1217.7269007880643,4.701612704597579
09,GUAYAS,0907,Durán,2016,1441.940601205043,5.277006034165264
09,GUAYAS,0907,Durán,2017,1579.9720992465725,5.453548180153323
09,GUAYAS,0907,Durán,2018,2131.3049800000003,7.228666420432674
09,GUAYAS,0907,Durán,2019,2365.0449399999993,7.833248920556911
09,GUAYAS,0907,Durán,2020,2359.3833399999994,8.208321432650195
09,GUAYAS,0907,Durán,2021,2472.04707,8.025540780322478
09,GUAYAS,0907,Durán,2022,2647.8414399999997,7.762975005911112
09,GUAYAS,0907,Durán,2023,2848.42756,7.948956461400606
09,GUAYAS,0907,Durán,2024,3200.5332000000003,9.082016528045282
09,GUAYAS,0908,El Empalme,2007,93.97897574716808,0.7937238854244535
09,GUAYAS,0908,El Empalme,2008,106.25724943220128,0.7930456843202646
09,GUAYAS,0908,El Empalme,2009,116.54735567327214,0.814613324444422
09,GUAYAS,0908,El Empalme,2010,112.42285754597391,0.7068927083601299
09,GUAYAS,0908,El Empalme,2011,111.54558397866401,0.6233378224628597
09,GUAYAS,0908,El Empalme,2012,125.97009912093849,0.614719336031116
09,GUAYAS,0908,El Empalme,2013,132.65318590277965,0.567445968288027
09,GUAYAS,0908,El Empalme,2014,135.7079273154391,0.5253197369760539
09,GUAYAS,0908,El Empalme,2015,142.21573969512835,0.5490913669654817
09,GUAYAS,0908,El Empalme,2016,157.67579720038108,0.5770391183748292
09,GUAYAS,0908,El Empalme,2017,174.86382731751317,0.6035728780886811
09,GUAYAS,0908,El Empalme,2018,169.45264,0.5747261044834918
09,GUAYAS,0908,El Empalme,2019,181.51003999999998,0.6011781428983087
09,GUAYAS,0908,El Empalme,2020,160.11641,0.5570468086470451
09,GUAYAS,0908,El Empalme,2021,174.89755,0.5678077237839527
09,GUAYAS,0908,El Empalme,2022,187.56082,0.5498931830858397
09,GUAYAS,0908,El Empalme,2023,217.23971999999995,0.6062394214325246
09,GUAYAS,0908,El Empalme,2024,212.73660999999998,0.6036736029297628
09,GUAYAS,0909,El Triunfo,2007,97.87358460876588,0.8266168176282722
09,GUAYAS,0909,El Triunfo,2008,120.67095933247285,0.9006216896520058
09,GUAYAS,0909,El Triunfo,2009,129.73668442625177,0.906800769458407
09,GUAYAS,0909,El Triunfo,2010,140.38358961270808,0.8827042652786409
09,GUAYAS,0909,El Triunfo,2011,151.02643388256394,0.8439642796499706
09,GUAYAS,0909,El Triunfo,2012,150.36677959063425,0.7337722805342126
09,GUAYAS,0909,El Triunfo,2013,161.10578837620707,0.6891566867375717
09,GUAYAS,0909,El Triunfo,2014,147.4808520301031,0.5708922384274306
09,GUAYAS,0909,El Triunfo,2015,147.1612901147204,0.5681860118065656
09,GUAYAS,0909,El Triunfo,2016,140.84568161871542,0.5154466911930667
09,GUAYAS,0909,El Triunfo,2017,150.56143169946765,0.5196889376954559
09,GUAYAS,0909,El Triunfo,2018,147.02294999999998,0.4986521739830738
09,GUAYAS,0909,El Triunfo,2019,169.29626,0.5607249669849075
09,GUAYAS,0909,El Triunfo,2020,175.55542000000003,0.6107592997600412
09,GUAYAS,0909,El Triunfo,2021,168.84053999999998,0.5481435428904144
09,GUAYAS,0909,El Triunfo,2022,176.74942999999996,0.5181962132139738
09,GUAYAS,0909,El Triunfo,2023,219.93496999999996,0.6137609133614225
09,GUAYAS,0909,El Triunfo,2024,222.61432999999997,0.6317031875937817
09,GUAYAS,0910,Milagro,2007,294.1922357646914,2.4846770522490416
09,GUAYAS,0910,Milagro,2008,363.7859712248567,2.715098461872089
09,GUAYAS,0910,Milagro,2009,400.5428588922424,2.799613495988655
09,GUAYAS,0910,Milagro,2010,408.084954007244,2.565957534580836
09,GUAYAS,0910,Milagro,2011,383.73346283057987,2.144375174661318
09,GUAYAS,0910,Milagro,2012,424.6855858397196,2.072415939744106
09,GUAYAS,0910,Milagro,2013,454.4218351457881,1.9438646459988311
09,GUAYAS,0910,Milagro,2014,484.33449181599224,1.8748386544716018
09,GUAYAS,0910,Milagro,2015,502.84525931738324,1.9414728032395998
09,GUAYAS,0910,Milagro,2016,500.38871934642464,1.8312503921538623
09,GUAYAS,0910,Milagro,2017,569.8308064604446,1.9668700219766868
09,GUAYAS,0910,Milagro,2018,594.7329700000001,2.0171333008207926
09,GUAYAS,0910,Milagro,2019,609.99885,2.020372954648151
09,GUAYAS,0910,Milagro,2020,607.0107999999999,2.1117974663202213
09,GUAYAS,0910,Milagro,2021,625.88004,2.031929668964541
09,GUAYAS,0910,Milagro,2022,684.4451700000001,2.0066650016726766
09,GUAYAS,0910,Milagro,2023,681.89973,1.9029415881690277
09,GUAYAS,0910,Milagro,2024,634.03606,1.799177079711815
09,GUAYAS,0911,Naranjal,2007,184.94014542768338,1.5619601047231852
09,GUAYAS,0911,Naranjal,2008,222.49426397356717,1.66057484805153
09,GUAYAS,0911,Naranjal,2009,242.7482014338886,1.6967001802024868
09,GUAYAS,0911,Naranjal,2010,243.79469186784243,1.53293283750422
09,GUAYAS,0911,Naranjal,2011,287.16161366049545,1.6047134146367676
09,GUAYAS,0911,Naranjal,2012,239.66322450218303,1.1695284775128836
09,GUAYAS,0911,Naranjal,2013,254.10594375892848,1.0869802509658884
09,GUAYAS,0911,Naranjal,2014,286.6312356691552,1.1095375805191572
09,GUAYAS,0911,Naranjal,2015,279.19381829908855,1.0779602571895233
09,GUAYAS,0911,Naranjal,2016,270.42443047123527,0.989660288495816
09,GUAYAS,0911,Naranjal,2017,265.06726154512506,0.9149257018569961
09,GUAYAS,0911,Naranjal,2018,351.26336999999995,1.1913666750063228
09,GUAYAS,0911,Naranjal,2019,365.70707,1.2112558467144947
09,GUAYAS,0911,Naranjal,2020,295.94302000000005,1.0295891272629
09,GUAYAS,0911,Naranjal,2021,311.36599999999993,1.0108547531038266
09,GUAYAS,0911,Naranjal,2022,337.20349,0.9886174546675264
09,GUAYAS,0911,Naranjal,2023,355.03586000000007,0.9907798369202414
09,GUAYAS,0911,Naranjal,2024,373.88957000000005,1.0609704827944744
09,GUAYAS,0912,Naranjito,2007,53.719294424392075,0.45370027449010053
09,GUAYAS,0912,Naranjito,2008,65.4153076084896,0.4882238874486978
09,GUAYAS,0912,Naranjito,2009,72.05088432711501,0.5036031068385011
09,GUAYAS,0912,Naranjito,2010,69.23173939821737,0.435315493983734
09,GUAYAS,0912,Naranjito,2011,63.09964476858607,0.3526127504586265
09,GUAYAS,0912,Naranjito,2012,70.91552685311515,0.3460594687600572
09,GUAYAS,0912,Naranjito,2013,84.53992311111134,0.36163351978548075
09,GUAYAS,0912,Naranjito,2014,78.62680438742369,0.30436108646815946
09,GUAYAS,0912,Naranjito,2015,77.65708770358184,0.2998320476561057
09,GUAYAS,0912,Naranjito,2016,72.09369482570578,0.2638380958983901
09,GUAYAS,0912,Naranjito,2017,76.76668477786893,0.26497354875215157
09,GUAYAS,0912,Naranjito,2018,78.38486999999999,0.26585499633139337
09,GUAYAS,0912,Naranjito,2019,83.97449,0.2781313251268778
09,GUAYAS,0912,Naranjito,2020,83.13892999999999,0.2892412815827564
09,GUAYAS,0912,Naranjito,2021,91.18137000000002,0.2960217919073332
09,GUAYAS,0912,Naranjito,2022,85.90961000000001,0.25187088060589136
09,GUAYAS,0912,Naranjito,2023,87.27878999999999,0.2435643129761483
09,GUAYAS,0912,Naranjito,2024,95.02074999999999,0.2696363287239947
09,GUAYAS,0913,Palestina,2007,29.15609005621827,0.24624534263350054
09,GUAYAS,0913,Palestina,2008,33.06769081591089,0.24679906201343604
09,GUAYAS,0913,Palestina,2009,34.078827675128935,0.23819559822043918
09,GUAYAS,0913,Palestina,2010,31.76643585700157,0.19974107017090634
09,GUAYAS,0913,Palestina,2011,33.31729322654712,0.1861833366183719
09,GUAYAS,0913,Palestina,2012,32.265311368803815,0.1574509420876649
09,GUAYAS,0913,Palestina,2013,33.74846078152565,0.14436462928556051
09,GUAYAS,0913,Palestina,2014,38.94640350885097,0.15075990660351982
09,GUAYAS,0913,Palestina,2015,38.72713133352782,0.14952447266501093
09,GUAYAS,0913,Palestina,2016,39.06076190515226,0.14294893707849096
09,GUAYAS,0913,Palestina,2017,40.344785058897294,0.13925703450177784
09,GUAYAS,0913,Palestina,2018,21.216450000000002,0.07195903031943782
09,GUAYAS,0913,Palestina,2019,22.474730000000005,0.07443839714619042
09,GUAYAS,0913,Palestina,2020,22.54146,0.07842199531731334
09,GUAYAS,0913,Palestina,2021,23.610559999999992,0.07665206477085836
09,GUAYAS,0913,Palestina,2022,26.766849999999994,0.07847538919738782
09,GUAYAS,0913,Palestina,2023,29.949110000000005,0.08357740066512259
09,GUAYAS,0913,Palestina,2024,36.480030000000006,0.1035178249060462
09,GUAYAS,0914,Pedro Carbo,2007,47.820519469530154,0.40388063622320297
09,GUAYAS,0914,Pedro Carbo,2008,57.50807126406124,0.4292086231598323
09,GUAYAS,0914,Pedro Carbo,2009,59.79614385639141,0.41794801138489285
09,GUAYAS,0914,Pedro Carbo,2010,53.371389051667634,0.33558874573391084
09,GUAYAS,0914,Pedro Carbo,2011,48.82327735725969,0.2728337089453553
09,GUAYAS,0914,Pedro Carbo,2012,54.88809721180538,0.2678474884874011
09,GUAYAS,0914,Pedro Carbo,2013,59.823266033234425,0.25590392638786685
09,GUAYAS,0914,Pedro Carbo,2014,60.98874882127081,0.2360849076621603
09,GUAYAS,0914,Pedro Carbo,2015,61.99379999286049,0.23935649074031778
09,GUAYAS,0914,Pedro Carbo,2016,67.25157733782109,0.24611761339006022
09,GUAYAS,0914,Pedro Carbo,2017,73.71396088720151,0.25443654191108217
09,GUAYAS,0914,Pedro Carbo,2018,75.33422999999999,0.25550825612491723
09,GUAYAS,0914,Pedro Carbo,2019,64.69707,0.21428271622639652
09,GUAYAS,0914,Pedro Carbo,2020,66.22948000000001,0.23041311301167264
09,GUAYAS,0914,Pedro Carbo,2021,66.05864,0.21446044278300966
09,GUAYAS,0914,Pedro Carbo,2022,73.87028,0.2165738207192858
09,GUAYAS,0914,Pedro Carbo,2023,79.00657000000001,0.22047946520170567
09,GUAYAS,0914,Pedro Carbo,2024,79.45507000000002,0.22546626261430283
09,GUAYAS,0915,Salinas,2007,155.0979894300978,1.3099204137228284
09,GUAYAS,0915,Salinas,2008,,
09,GUAYAS,0915,Salinas,2009,,
09,GUAYAS,0915,Salinas,2010,,
09,GUAYAS,0915,Salinas,2011,,
09,GUAYAS,0915,Salinas,2012,,
09,GUAYAS,0915,Salinas,2013,,
09,GUAYAS,0915,Salinas,2014,,
09,GUAYAS,0915,Salinas,2015,,
09,GUAYAS,0915,Salinas,2016,,
09,GUAYAS,0915,Salinas,2017,,
09,GUAYAS,0915,Salinas,2018,,
09,GUAYAS,0915,Salinas,2019,,
09,GUAYAS,0915,Salinas,2020,,
09,GUAYAS,0915,Salinas,2021,,
09,GUAYAS,0915,Salinas,2022,,
09,GUAYAS,0915,Salinas,2023,,
09,GUAYAS,0915,Salinas,2024,,
09,GUAYAS,0916,Samborondón,2007,356.9863963817727,3.0150214697179543
09,GUAYAS,0916,Samborondón,2008,408.66934735475,3.050083302226408
09,GUAYAS,0916,Samborondón,2009,397.37239299475135,2.7774533727505677
09,GUAYAS,0916,Samborondón,2010,394.81330234057646,2.4825080119850744
09,GUAYAS,0916,Samborondón,2011,493.5915615629187,2.7582830103746914
09,GUAYAS,0916,Samborondón,2012,506.91342721528287,2.47367817900876
09,GUAYAS,0916,Samborondón,2013,620.6913429481514,2.6551099976244843
09,GUAYAS,0916,Samborondón,2014,677.9345737917499,2.6242565120272023
09,GUAYAS,0916,Samborondón,2015,847.5246600716054,3.2722712347683576
09,GUAYAS,0916,Samborondón,2016,861.8157021112291,3.1539486831695323
09,GUAYAS,0916,Samborondón,2017,1012.1958367497202,3.493769773591261
09,GUAYAS,0916,Samborondón,2018,1309.03938,4.43981931165478
09,GUAYAS,0916,Samborondón,2019,1458.3920099999998,4.830330047800835
09,GUAYAS,0916,Samborondón,2020,1378.51868,4.795882141963695
09,GUAYAS,0916,Samborondón,2021,1405.9030999999998,4.564287144512903
09,GUAYAS,0916,Samborondón,2022,1535.0100700000003,4.500361927726257
09,GUAYAS,0916,Samborondón,2023,1630.8466799999999,4.55111775935061
09,GUAYAS,0916,Samborondón,2024,1598.4243999999999,4.535780731670229
09,GUAYAS,0917,Santa Elena,2007,174.51794282880567,1.4739366816576138
09,GUAYAS,0917,Santa Elena,2008,,
09,GUAYAS,0917,Santa Elena,2009,,
09,GUAYAS,0917,Santa Elena,2010,,
09,GUAYAS,0917,Santa Elena,2011,,
09,GUAYAS,0917,Santa Elena,2012,,
09,GUAYAS,0917,Santa Elena,2013,,
09,GUAYAS,0917,Santa Elena,2014,,
09,GUAYAS,0917,Santa Elena,2015,,
09,GUAYAS,0917,Santa Elena,2016,,
09,GUAYAS,0917,Santa Elena,2017,,
09,GUAYAS,0917,Santa Elena,2018,,
09,GUAYAS,0917,Santa Elena,2019,,
09,GUAYAS,0917,Santa Elena,2020,,
09,GUAYAS,0917,Santa Elena,2021,,
09,GUAYAS,0917,Santa Elena,2022,,
09,GUAYAS,0917,Santa Elena,2023,,
09,GUAYAS,0917,Santa Elena,2024,,
09,GUAYAS,0918,Santa Lucía,2007,37.69867984838971,0.31839400681633945
09,GUAYAS,0918,Santa Lucía,2008,40.695438935502615,0.30372837986844003
09,GUAYAS,0918,Santa Lucía,2009,42.00263754427513,0.2935794468069841
09,GUAYAS,0918,Santa Lucía,2010,40.53023383684315,0.25484609974158645
09,GUAYAS,0918,Santa Lucía,2011,43.14895381516263,0.2411245156763768
09,GUAYAS,0918,Santa Lucía,2012,45.209831903822824,0.22061868684659078
09,GUAYAS,0918,Santa Lucía,2013,47.745057718023496,0.20423739033020744
09,GUAYAS,0918,Santa Lucía,2014,48.917699934246734,0.18935837995079674
09,GUAYAS,0918,Santa Lucía,2015,55.81722714056274,0.21550889948283455
09,GUAYAS,0918,Santa Lucía,2016,51.087084575274986,0.1869611365033629
09,GUAYAS,0918,Santa Lucía,2017,57.06662059813342,0.19697535485522644
09,GUAYAS,0918,Santa Lucía,2018,82.76797,0.28072099067979417
09,GUAYAS,0918,Santa Lucía,2019,66.75756999999999,0.22110728396624144
09,GUAYAS,0918,Santa Lucía,2020,70.92158,0.24673698219443035
09,GUAYAS,0918,Santa Lucía,2021,72.62312000000001,0.23577213323622234
09,GUAYAS,0918,Santa Lucía,2022,79.96829000000001,0.23445204352397006
09,GUAYAS,0918,Santa Lucía,2023,95.79069999999999,0.26731805098357037
09,GUAYAS,0918,Santa Lucía,2024,101.58913000000003,0.28827514044526736
09,GUAYAS,0919,Salitre (Urbina Jado),2007,53.87544395130163,0.4550190759371314
09,GUAYAS,0919,Salitre (Urbina Jado),2008,64.15666485785465,0.47883007002140854
09,GUAYAS,0919,Salitre (Urbina Jado),2009,69.37983358147918,0.4849336697234971
09,GUAYAS,0919,Salitre (Urbina Jado),2010,58.49738152626202,0.3678199732840367
09,GUAYAS,0919,Salitre (Urbina Jado),2011,56.208006000766325,0.3141009694493929
09,GUAYAS,0919,Salitre (Urbina Jado),2012,51.03700842946992,0.24905462608756007
09,GUAYAS,0919,Salitre (Urbina Jado),2013,56.29794135891565,0.24082376634697203
09,GUAYAS,0919,Salitre (Urbina Jado),2014,58.8301224541687,0.22772895486096648
09,GUAYAS,0919,Salitre (Urbina Jado),2015,59.55956249381886,0.22995796144438507
09,GUAYAS,0919,Salitre (Urbina Jado),2016,56.625310189393254,0.2072291350324611
09,GUAYAS,0919,Salitre (Urbina Jado),2017,60.58211987025177,0.20910971132071954
09,GUAYAS,0919,Salitre (Urbina Jado),2018,84.58524,0.2868845565463083
09,GUAYAS,0919,Salitre (Urbina Jado),2019,76.54594999999999,0.25352730938402523
09,GUAYAS,0919,Salitre (Urbina Jado),2020,84.39334000000001,0.2936053882176413
09,GUAYAS,0919,Salitre (Urbina Jado),2021,91.37086000000002,0.29663697425596997
09,GUAYAS,0919,Salitre (Urbina Jado),2022,87.50851000000002,0.2565585558380425
09,GUAYAS,0919,Salitre (Urbina Jado),2023,98.5192,0.27493233193264655
09,GUAYAS,0919,Salitre (Urbina Jado),2024,104.51533,0.2965786933546282
09,GUAYAS,0920,Yaguachi,2007,100.30867904570752,0.8471830411106879
09,GUAYAS,0920,Yaguachi,2008,126.44138735187086,0.9436889915247523
09,GUAYAS,0920,Yaguachi,2009,141.02745026842337,0.9857181180767612
09,GUAYAS,0920,Yaguachi,2010,130.9406164369613,0.8233287163121333
09,GUAYAS,0920,Yaguachi,2011,116.76938660195606,0.6525294196201391
09,GUAYAS,0920,Yaguachi,2012,125.51448976042573,0.612496015691302
09,GUAYAS,0920,Yaguachi,2013,141.01348817990655,0.6032085456323941
09,GUAYAS,0920,Yaguachi,2014,153.23617830099616,0.5931708668218455
09,GUAYAS,0920,Yaguachi,2015,212.96268737956416,0.8222435391227875
09,GUAYAS,0920,Yaguachi,2016,232.86220917872998,0.8521954940018192
09,GUAYAS,0920,Yaguachi,2017,261.73690268906574,0.9034303897009266
09,GUAYAS,0920,Yaguachi,2018,316.4033299999999,1.073133196959957
09,GUAYAS,0920,Yaguachi,2019,331.48920999999996,1.0979231102512426
09,GUAYAS,0920,Yaguachi,2020,373.53787000000005,1.2995424915679465
09,GUAYAS,0920,Yaguachi,2021,409.7988600000001,1.3304186245368146
09,GUAYAS,0920,Yaguachi,2022,449.15669999999994,1.3168432909779957
09,GUAYAS,0920,Yaguachi,2023,487.4445799999999,1.3602858637436102
09,GUAYAS,0920,Yaguachi,2024,522.3661,1.482295998020128
09,GUAYAS,0921,Playas (General Villamil),2007,51.25625587757813,0.4328980417589541
09,GUAYAS,0921,Playas (General Villamil),2008,53.34145247335132,0.39811127151712317
09,GUAYAS,0921,Playas (General Villamil),2009,53.52998834158991,0.3741504173004069
09,GUAYAS,0921,Playas (General Villamil),2010,54.43906420535699,0.3423020760789579
09,GUAYAS,0921,Playas (General Villamil),2011,77.24981852593424,0.43168659796354997
09,GUAYAS,0921,Playas (General Villamil),2012,80.28409244738697,0.39177697205538853
09,GUAYAS,0921,Playas (General Villamil),2013,95.28392157583411,0.40759275228041575
09,GUAYAS,0921,Playas (General Villamil),2014,92.10383799639072,0.35653012250555943
09,GUAYAS,0921,Playas (General Villamil),2015,98.41896741868318,0.3799931390935004
09,GUAYAS,0921,Playas (General Villamil),2016,100.4640554366728,0.36766384573191513
09,GUAYAS,0921,Playas (General Villamil),2017,116.22129465575011,0.4011579889715601
09,GUAYAS,0921,Playas (General Villamil),2018,85.55207,0.29016371725810236
09,GUAYAS,0921,Playas (General Villamil),2019,92.72622000000001,0.3071178692791871
09,GUAYAS,0921,Playas (General Villamil),2020,82.36838,0.28656052938251053
09,GUAYAS,0921,Playas (General Villamil),2021,90.52553999999998,0.2938926292090035
09,GUAYAS,0921,Playas (General Villamil),2022,100.49321,0.2946272634413399
09,GUAYAS,0921,Playas (General Villamil),2023,110.58152,0.3085940117485383
09,GUAYAS,0921,Playas (General Villamil),2024,97.15853999999999,0.27570264420964247
09,GUAYAS,0922,Simón Bolívar,2007,60.38046395893257,0.5099589144932696
09,GUAYAS,0922,Simón Bolívar,2008,72.99389274854964,0.5447862798566921
09,GUAYAS,0922,Simón Bolívar,2009,81.69267767819059,0.5709948832537857
09,GUAYAS,0922,Simón Bolívar,2010,83.57053797226583,0.5254750254161609
09,GUAYAS,0922,Simón Bolívar,2011,71.54710517230554,0.3998187570577126
09,GUAYAS,0922,Simón Bolívar,2012,75.65359150313233,0.36918066955338846
09,GUAYAS,0922,Simón Bolívar,2013,86.30922862746304,0.3692020171049447
09,GUAYAS,0922,Simón Bolívar,2014,90.86292443115805,0.35172659775506476
09,GUAYAS,0922,Simón Bolívar,2015,92.5062511029946,0.3571642912372756
09,GUAYAS,0922,Simón Bolívar,2016,83.84419857634413,0.30684089306269763
09,GUAYAS,0922,Simón Bolívar,2017,96.91558771324777,0.33452098758839444
09,GUAYAS,0922,Simón Bolívar,2018,58.10672999999999,0.1970783965193699
09,GUAYAS,0922,Simón Bolívar,2019,53.3115,0.17657264890208382
09,GUAYAS,0922,Simón Bolívar,2020,52.446090000000005,0.18246054267963982
09,GUAYAS,0922,Simón Bolívar,2021,60.9334,0.1978212682591443
09,GUAYAS,0922,Simón Bolívar,2022,60.62077000000001,0.17772873981044962
09,GUAYAS,0922,Simón Bolívar,2023,60.566729999999986,0.16902037690556743
09,GUAYAS,0922,Simón Bolívar,2024,65.00362,0.18445799944295996
09,GUAYAS,0923,Coronel Marcelino Maridueña,2007,99.31567679865219,0.8387963823340656
09,GUAYAS,0923,Coronel Marcelino Maridueña,2008,117.14201577058034,0.874283595292107
09,GUAYAS,0923,Coronel Marcelino Maridueña,2009,128.62130572963358,0.8990047766379967
09,GUAYAS,0923,Coronel Marcelino Maridueña,2010,127.41381415163532,0.8011528805991397
09,GUAYAS,0923,Coronel Marcelino Maridueña,2011,139.8643926503777,0.7815886819101043
09,GUAYAS,0923,Coronel Marcelino Maridueña,2012,191.435722624491,0.9341839144810484
09,GUAYAS,0923,Coronel Marcelino Maridueña,2013,230.14522402340378,0.984484304723274
09,GUAYAS,0923,Coronel Marcelino Maridueña,2014,234.22880629820742,0.9066899579917976
09,GUAYAS,0923,Coronel Marcelino Maridueña,2015,180.54444886939956,0.6970775417703223
09,GUAYAS,0923,Coronel Marcelino Maridueña,2016,227.61600633739096,0.8329961982561658
09,GUAYAS,0923,Coronel Marcelino Maridueña,2017,244.25899277609008,0.8431023472979974
09,GUAYAS,0923,Coronel Marcelino Maridueña,2018,180.73530999999997,0.6129931092186953
09,GUAYAS,0923,Coronel Marcelino Maridueña,2019,168.37448999999998,0.5576719789695922
09,GUAYAS,0923,Coronel Marcelino Maridueña,2020,176.27842,0.6132746249703167
09,GUAYAS,0923,Coronel Marcelino Maridueña,2021,183.58306999999994,0.5960054048897199
09,GUAYAS,0923,Coronel Marcelino Maridueña,2022,215.98136000000002,0.6332168815299946
09,GUAYAS,0923,Coronel Marcelino Maridueña,2023,218.00002,0.608361150516484
09,GUAYAS,0923,Coronel Marcelino Maridueña,2024,173.86485000000005,0.49336886783305794
09,GUAYAS,0924,Lomas De Sargentillo,2007,17.83166212607469,0.15060194084644052
09,GUAYAS,0924,Lomas De Sargentillo,2008,20.67189372025281,0.15428364830800467
09,GUAYAS,0924,Lomas De Sargentillo,2009,22.97536825545908,0.1605874368130904
09,GUAYAS,0924,Lomas De Sargentillo,2010,20.559957102759924,0.12927694667603234
09,GUAYAS,0924,Lomas De Sargentillo,2011,20.518544919859117,0.1146615101580155
09,GUAYAS,0924,Lomas De Sargentillo,2012,22.238484770093894,0.10852120215517028
09,GUAYAS,0924,Lomas De Sargentillo,2013,26.292304236155566,0.11246968502319295
09,GUAYAS,0924,Lomas De Sargentillo,2014,27.848494779278283,0.10780036392881477
09,GUAYAS,0924,Lomas De Sargentillo,2015,30.455431883755516,0.11758765070887774
09,GUAYAS,0924,Lomas De Sargentillo,2016,34.64163048955528,0.12677643792950663
09,GUAYAS,0924,Lomas De Sargentillo,2017,32.20124571252234,0.11114819371679939
09,GUAYAS,0924,Lomas De Sargentillo,2018,28.3745,0.09623671753751867
09,GUAYAS,0924,Lomas De Sargentillo,2019,30.386250000000004,0.100642087592751
09,GUAYAS,0924,Lomas De Sargentillo,2020,33.27239,0.11575502264608518
09,GUAYAS,0924,Lomas De Sargentillo,2021,33.92240999999999,0.11012965251580706
09,GUAYAS,0924,Lomas De Sargentillo,2022,34.699279999999995,0.10173178774749869
09,GUAYAS,0924,Lomas De Sargentillo,2023,37.339079999999996,0.10420019992671119
09,GUAYAS,0924,Lomas De Sargentillo,2024,40.40075000000001,0.11464348479354174
09,GUAYAS,0925,Nobol,2007,25.50407734727351,0.21540131934087098
09,GUAYAS,0925,Nobol,2008,30.25783641570184,0.22582785376589037
09,GUAYAS,0925,Nobol,2009,31.027309055807812,0.21686686268003
09,GUAYAS,0925,Nobol,2010,27.94838999047183,0.17573395238233114
09,GUAYAS,0925,Nobol,2011,26.529802973253584,0.14825355720832237
09,GUAYAS,0925,Nobol,2012,28.645115044380685,0.13978480785119698
09,GUAYAS,0925,Nobol,2013,29.744960957182087,0.12723899586104148
09,GUAYAS,0925,Nobol,2014,31.461467332812806,0.12178603027174573
09,GUAYAS,0925,Nobol,2015,42.99714909348489,0.16601090302643196
09,GUAYAS,0925,Nobol,2016,44.688871873795115,0.16354588139135226
09,GUAYAS,0925,Nobol,2017,49.99810826045736,0.17257715654912542
09,GUAYAS,0925,Nobol,2018,65.48526000000001,0.2221038774072132
09,GUAYAS,0925,Nobol,2019,65.88113,0.21820443312910984
09,GUAYAS,0925,Nobol,2020,59.229400000000005,0.206059755199853
09,GUAYAS,0925,Nobol,2021,65.80320999999999,0.21363118515826796
09,GUAYAS,0925,Nobol,2022,75.41189,0.22109353240521765
09,GUAYAS,0925,Nobol,2023,86.04873,0.24013164945251975
09,GUAYAS,0925,Nobol,2024,88.33785,0.2506725484841041
09,GUAYAS,0926,La Libertad,2007,387.3384209437161,3.2713673883052836
09,GUAYAS,0926,La Libertad,2008,,
09,GUAYAS,0926,La Libertad,2009,,
09,GUAYAS,0926,La Libertad,2010,,
09,GUAYAS,0926,La Libertad,2011,,
09,GUAYAS,0926,La Libertad,2012,,
09,GUAYAS,0926,La Libertad,2013,,
09,GUAYAS,0926,La Libertad,2014,,
09,GUAYAS,0926,La Libertad,2015,,
09,GUAYAS,0926,La Libertad,2016,,
09,GUAYAS,0926,La Libertad,2017,,
09,GUAYAS,0926,La Libertad,2018,,
09,GUAYAS,0926,La Libertad,2019,,
09,GUAYAS,0926,La Libertad,2020,,
09,GUAYAS,0926,La Libertad,2021,,
09,GUAYAS,0926,La Libertad,2022,,
09,GUAYAS,0926,La Libertad,2023,,
09,GUAYAS,0926,La Libertad,2024,,
09,GUAYAS,0927,General Antonio Elizalde,2007,16.998710280510466,0.1435670293678205
09,GUAYAS,0927,General Antonio Elizalde,2008,17.817807615621586,0.1329823189394101
09,GUAYAS,0927,General Antonio Elizalde,2009,19.86525903435079,0.13884917945532785
09,GUAYAS,0927,General Antonio Elizalde,2010,20.800628672436414,0.1307902419384689
09,GUAYAS,0927,General Antonio Elizalde,2011,24.617395404135053,0.13756666197431786
09,GUAYAS,0927,General Antonio Elizalde,2012,25.782249887533354,0.12581436104957747
09,GUAYAS,0927,General Antonio Elizalde,2013,27.228051067719576,0.11647249704233624
09,GUAYAS,0927,General Antonio Elizalde,2014,28.566495915244726,0.11057971643500761
09,GUAYAS,0927,General Antonio Elizalde,2015,29.506883478024275,0.11392532935223725
09,GUAYAS,0927,General Antonio Elizalde,2016,30.656219185471446,0.11219120502691338
09,GUAYAS,0927,General Antonio Elizalde,2017,32.70105463821311,0.1128733710527948
09,GUAYAS,0927,General Antonio Elizalde,2018,37.005030000000005,0.12550855943108796
09,GUAYAS,0927,General Antonio Elizalde,2019,38.226240000000004,0.12660886402308683
09,GUAYAS,0927,General Antonio Elizalde,2020,38.31828999999999,0.13330976604654063
09,GUAYAS,0927,General Antonio Elizalde,2021,39.76932000000001,0.1291117403624901
09,GUAYAS,0927,General Antonio Elizalde,2022,41.68907,0.1222245424294284
09,GUAYAS,0927,General Antonio Elizalde,2023,43.495580000000004,0.12138081955763937
09,GUAYAS,0927,General Antonio Elizalde,2024,45.232589999999995,0.12835459103698585
09,GUAYAS,0928,Isidro Ayora,2007,13.784822392135286,0.11642330321206265
09,GUAYAS,0928,Isidro Ayora,2008,16.357637630795644,0.12208441304566622
09,GUAYAS,0928,Isidro Ayora,2009,17.401056810062293,0.12162551998716761
09,GUAYAS,0928,Isidro Ayora,2010,18.22146094791565,0.11457294504796826
09,GUAYAS,0928,Isidro Ayora,2011,18.789313617695157,0.10499823855210706
09,GUAYAS,0928,Isidro Ayora,2012,20.972994492375637,0.10234575775446413
09,GUAYAS,0928,Isidro Ayora,2013,25.20783907567589,0.10783070572635177
09,GUAYAS,0928,Isidro Ayora,2014,25.566123442160336,0.0989653995003213
09,GUAYAS,0928,Isidro Ayora,2015,26.085633433980366,0.1007159696326876
09,GUAYAS,0928,Isidro Ayora,2016,34.488891960148166,0.12621746751099056
09,GUAYAS,0928,Isidro Ayora,2017,43.27415644672789,0.1493682687499743
09,GUAYAS,0928,Isidro Ayora,2018,26.067050000000002,0.08841062672069556
09,GUAYAS,0928,Isidro Ayora,2019,29.19419,0.09669387394559759
09,GUAYAS,0928,Isidro Ayora,2020,31.7247,0.11037059156075828
09,GUAYAS,0928,Isidro Ayora,2021,30.164660000000005,0.09793005638624926
09,GUAYAS,0928,Isidro Ayora,2022,33.463840000000005,0.09810970913794918
09,GUAYAS,0928,Isidro Ayora,2023,32.87946,0.09175497375624422
09,GUAYAS,0928,Isidro Ayora,2024,32.080169999999995,0.09103252988049065
10,IMBABURA,1001,Ibarra,2007,393.6495603518898,52.91697353987057
10,IMBABURA,1001,Ibarra,2008,453.10800502731723,53.94664972999661
10,IMBABURA,1001,Ibarra,2009,503.31218545199374,54.22061337669568
10,IMBABURA,1001,Ibarra,2010,579.3080235328532,54.74040248669853
10,IMBABURA,1001,Ibarra,2011,678.7341519495897,53.99957362180301
10,IMBABURA,1001,Ibarra,2012,712.7672659819925,53.758270523722494
10,IMBABURA,1001,Ibarra,2013,761.4625871962444,54.01596505554197
10,IMBABURA,1001,Ibarra,2014,869.8963757629448,57.225074512519
10,IMBABURA,1001,Ibarra,2015,846.4466273166101,55.87944130936353
10,IMBABURA,1001,Ibarra,2016,795.9819569059134,54.260229782273996
10,IMBABURA,1001,Ibarra,2017,848.0626692414152,56.06418424390288
10,IMBABURA,1001,Ibarra,2018,845.45805,53.94440516824657
10,IMBABURA,1001,Ibarra,2019,846.08293,53.56001639611466
10,IMBABURA,1001,Ibarra,2020,708.98536,53.88974603731356
10,IMBABURA,1001,Ibarra,2021,730.79054,54.23949605126087
10,IMBABURA,1001,Ibarra,2022,840.8174700000001,54.9530279342175
10,IMBABURA,1001,Ibarra,2023,910.73163,55.8280094334596
10,IMBABURA,1001,Ibarra,2024,913.1632,56.844961674761386
10,IMBABURA,1002,Antonio Ante,2007,89.79994390464236,12.071501492942055
10,IMBABURA,1002,Antonio Ante,2008,106.11854799386589,12.63438313815661
10,IMBABURA,1002,Antonio Ante,2009,107.44617312099955,11.574918271385457
10,IMBABURA,1002,Antonio Ante,2010,130.86081369884462,12.365396853864539
10,IMBABURA,1002,Antonio Ante,2011,122.37656888019002,9.736186873532
10,IMBABURA,1002,Antonio Ante,2012,109.65897942368692,8.270689974927684
10,IMBABURA,1002,Antonio Ante,2013,125.30963987285149,8.889105311683629
10,IMBABURA,1002,Antonio Ante,2014,128.92441805329193,8.48113595497181
10,IMBABURA,1002,Antonio Ante,2015,131.66387747351277,8.691987984131238
10,IMBABURA,1002,Antonio Ante,2016,130.90823874491693,8.92370870101466
10,IMBABURA,1002,Antonio Ante,2017,134.5677930880156,8.896080229224497
10,IMBABURA,1002,Antonio Ante,2018,154.59849,9.864148295659513
10,IMBABURA,1002,Antonio Ante,2019,159.09087999999997,10.071010581991423
10,IMBABURA,1002,Antonio Ante,2020,130.17718,9.894725005398776
10,IMBABURA,1002,Antonio Ante,2021,111.46849,8.27322521607219
10,IMBABURA,1002,Antonio Ante,2022,122.95782,8.036113375701492
10,IMBABURA,1002,Antonio Ante,2023,132.01139,8.092321473719009
10,IMBABURA,1002,Antonio Ante,2024,122.22686000000002,7.608695983726049
10,IMBABURA,1003,Cotacachi,2007,49.47412885273492,6.650639124474137
10,IMBABURA,1003,Cotacachi,2008,52.999864759023716,6.310118356262253
10,IMBABURA,1003,Cotacachi,2009,63.848328646307195,6.878227156711317
10,IMBABURA,1003,Cotacachi,2010,66.97749560325865,6.328887082409855
10,IMBABURA,1003,Cotacachi,2011,80.93688578741559,6.439277160642442
10,IMBABURA,1003,Cotacachi,2012,94.38914747693579,7.119010042608844
10,IMBABURA,1003,Cotacachi,2013,86.59605994854866,6.142875338565934
10,IMBABURA,1003,Cotacachi,2014,81.19765300843554,5.341488794655714
10,IMBABURA,1003,Cotacachi,2015,79.27639813516444,5.233550106821635
10,IMBABURA,1003,Cotacachi,2016,82.10525215906158,5.5969231586600205
10,IMBABURA,1003,Cotacachi,2017,91.73564435702679,6.064509444291357
10,IMBABURA,1003,Cotacachi,2018,162.34214,10.358231465227881
10,IMBABURA,1003,Cotacachi,2019,160.39850999999996,10.153788146408246
10,IMBABURA,1003,Cotacachi,2020,132.38204000000002,10.06231569506807
10,IMBABURA,1003,Cotacachi,2021,136.63951,10.1414259728803
10,IMBABURA,1003,Cotacachi,2022,149.70353,9.784123855015723
10,IMBABURA,1003,Cotacachi,2023,157.98049000000003,9.684231880716137
10,IMBABURA,1003,Cotacachi,2024,149.89577,9.331102371250669
10,IMBABURA,1004,Otavalo,2007,166.74423921682535,22.414861804176876
10,IMBABURA,1004,Otavalo,2008,176.18710180992923,20.97668494669495
10,IMBABURA,1004,Otavalo,2009,192.28017973163864,20.71388213235527
10,IMBABURA,1004,Otavalo,2010,212.68743125712564,20.09741815740071
10,IMBABURA,1004,Otavalo,2011,307.7476399386646,24.484168495234787
10,IMBABURA,1004,Otavalo,2012,354.11052745249356,26.707693294335645
10,IMBABURA,1004,Otavalo,2013,384.8644716273706,27.30117828518602
10,IMBABURA,1004,Otavalo,2014,385.7790253931837,25.378003735364317
10,IMBABURA,1004,Otavalo,2015,405.56453333334014,26.77394983474001
10,IMBABURA,1004,Otavalo,2016,406.79790549593974,27.730462525756145
10,IMBABURA,1004,Otavalo,2017,383.97990515926267,25.38435062595249
10,IMBABURA,1004,Otavalo,2018,341.18264999999997,21.769140536276232
10,IMBABURA,1004,Otavalo,2019,345.06164,21.843611826644715
10,IMBABURA,1004,Otavalo,2020,279.0963,21.21401875908111
10,IMBABURA,1004,Otavalo,2021,310.49718,23.04519509589935
10,IMBABURA,1004,Otavalo,2022,348.2179799999999,22.758366785762412
10,IMBABURA,1004,Otavalo,2023,367.95536999999996,22.555729032329882
10,IMBABURA,1004,Otavalo,2024,369.07513,22.975150137409805
10,IMBABURA,1005,Pimampiro,2007,13.202798392634028,1.7748073504025357
10,IMBABURA,1005,Pimampiro,2008,14.42164083682344,1.7170281657438935
10,IMBABURA,1005,Pimampiro,2009,16.264934456692274,1.75218233983672
10,IMBABURA,1005,Pimampiro,2010,17.41604580085222,1.6456898888633467
10,IMBABURA,1005,Pimampiro,2011,18.208081103743332,1.4486211033423493
10,IMBABURA,1005,Pimampiro,2012,15.941122445576404,1.202309945730212
10,IMBABURA,1005,Pimampiro,2013,15.445780193049359,1.0956792062960745
10,IMBABURA,1005,Pimampiro,2014,15.359003412150225,1.010373349271022
10,IMBABURA,1005,Pimampiro,2015,15.560321728248015,1.0272379340974267
10,IMBABURA,1005,Pimampiro,2016,15.322618069029378,1.0445070646115557
10,IMBABURA,1005,Pimampiro,2017,13.434645114997037,0.888144763702872
10,IMBABURA,1005,Pimampiro,2018,20.46118,1.3055244836103024
10,IMBABURA,1005,Pimampiro,2019,23.12005,1.4635802392077462
10,IMBABURA,1005,Pimampiro,2020,21.077930000000002,1.6021265864957672
10,IMBABURA,1005,Pimampiro,2021,17.37274,1.2894100444014804
10,IMBABURA,1005,Pimampiro,2022,21.792180000000002,1.4242642654504978
10,IMBABURA,1005,Pimampiro,2023,19.371750000000002,1.1874916892286054
10,IMBABURA,1005,Pimampiro,2024,20.07553,1.2497138884380388
10,IMBABURA,1006,San Miguel De Urcuquí,2007,31.029696250092204,4.1712166881338355
10,IMBABURA,1006,San Miguel De Urcuquí,2008,37.08355054976704,4.4151356631456915
10,IMBABURA,1006,San Miguel De Urcuquí,2009,45.1154278013987,4.8601767230155515
10,IMBABURA,1006,San Miguel De Urcuquí,2010,51.032550514664834,4.822205530763035
10,IMBABURA,1006,San Miguel De Urcuquí,2011,48.92169308823128,3.8921727454454103
10,IMBABURA,1006,San Miguel De Urcuquí,2012,39.00757899953352,2.9420262186751125
10,IMBABURA,1006,San Miguel De Urcuquí,2013,36.02058699125233,2.555196802726373
10,IMBABURA,1006,San Miguel De Urcuquí,2014,38.97501073903226,2.56392365321814
10,IMBABURA,1006,San Miguel De Urcuquí,2015,36.261130722686296,2.3938328308461627
10,IMBABURA,1006,San Miguel De Urcuquí,2016,35.85525248447614,2.444168767683624
10,IMBABURA,1006,San Miguel De Urcuquí,2017,40.88323118574065,2.7027306929259014
10,IMBABURA,1006,San Miguel De Urcuquí,2018,43.23411,2.758550050979514
10,IMBABURA,1006,San Miguel De Urcuquí,2019,45.93731,2.9079928096332135
10,IMBABURA,1006,San Miguel De Urcuquí,2020,43.903200000000005,3.3370679166427144
10,IMBABURA,1006,San Miguel De Urcuquí,2021,40.57175,3.0112476194858013
10,IMBABURA,1006,San Miguel De Urcuquí,2022,46.576789999999995,3.0441037838523766
10,IMBABURA,1006,San Miguel De Urcuquí,2023,43.26604999999999,2.6522164905467647
10,IMBABURA,1006,San Miguel De Urcuquí,2024,31.9736,1.9903759444140443
11,LOJA,1101,Loja,2007,525.6849017006801,64.87275598505936
11,LOJA,1101,Loja,2008,624.4495889844019,65.02358390043416
11,LOJA,1101,Loja,2009,684.0432955859067,65.25452637679436
11,LOJA,1101,Loja,2010,698.6952660643409,66.53233422687896
11,LOJA,1101,Loja,2011,839.9705186184678,69.06083358488281
11,LOJA,1101,Loja,2012,852.1850725907307,67.0279896036765
11,LOJA,1101,Loja,2013,981.1972363715121,69.67319826530496
11,LOJA,1101,Loja,2014,952.0912707912444,68.23667481327792
11,LOJA,1101,Loja,2015,1081.0915005092334,69.61138694388588
11,LOJA,1101,Loja,2016,1063.227224160545,68.78190685271926
11,LOJA,1101,Loja,2017,1053.1141402437722,68.70023199349724
11,LOJA,1101,Loja,2018,1076.4912500000003,70.50454503892162
11,LOJA,1101,Loja,2019,1133.37428,69.8664742103886
11,LOJA,1101,Loja,2020,976.6663400000001,69.4097864050744
11,LOJA,1101,Loja,2021,1044.69496,71.63337997765169
11,LOJA,1101,Loja,2022,1319.5528700000002,74.1915085718992
11,LOJA,1101,Loja,2023,1385.0363,73.88115458228917
11,LOJA,1101,Loja,2024,1298.3420899999999,73.11054229302975
11,LOJA,1102,Calvas,2007,28.068344027699975,3.463806601869012
11,LOJA,1102,Calvas,2008,32.40136765486441,3.373936159716996
11,LOJA,1102,Calvas,2009,36.53053415540843,3.4848418513636554
11,LOJA,1102,Calvas,2010,37.75077180522648,3.594767402984917
11,LOJA,1102,Calvas,2011,42.0148080738023,3.454380367132396
11,LOJA,1102,Calvas,2012,46.834485722692726,3.6837320003395817
11,LOJA,1102,Calvas,2013,45.87169354030393,3.2572733394744176
11,LOJA,1102,Calvas,2014,54.51329889028352,3.906984932530597
11,LOJA,1102,Calvas,2015,58.7634096531743,3.7837707960726474
11,LOJA,1102,Calvas,2016,59.20904793534492,3.8303300812697625
11,LOJA,1102,Calvas,2017,62.45891867179401,4.074527194005741
11,LOJA,1102,Calvas,2018,55.034659999999995,3.6044823073775443
11,LOJA,1102,Calvas,2019,55.73169,3.435561182918649
11,LOJA,1102,Calvas,2020,50.72718999999999,3.6050832086929767
11,LOJA,1102,Calvas,2021,50.621919999999996,3.471079472383292
11,LOJA,1102,Calvas,2022,54.116749999999996,3.0426998514340124
11,LOJA,1102,Calvas,2023,54.45197,2.9045985385943838
11,LOJA,1102,Calvas,2024,46.82715,2.6368692480246465
11,LOJA,1103,Catamayo,2007,54.706515767770036,6.751121131145007
11,LOJA,1103,Catamayo,2008,62.94770418826972,6.554708973838251
11,LOJA,1103,Catamayo,2009,65.49120896004591,6.247554577478877
11,LOJA,1103,Catamayo,2010,58.87772115432138,5.606553260939886
11,LOJA,1103,Catamayo,2011,64.3590709271197,5.2914846276817435
11,LOJA,1103,Catamayo,2012,71.36860331616546,5.613444960449645
11,LOJA,1103,Catamayo,2013,77.65134044911036,5.513893678181012
11,LOJA,1103,Catamayo,2014,89.21659212876907,6.394180654529376
11,LOJA,1103,Catamayo,2015,86.84484095284084,5.591931695699053
11,LOJA,1103,Catamayo,2016,95.37363928263703,6.169876602362699
11,LOJA,1103,Catamayo,2017,90.66265913777376,5.9144070693710855
11,LOJA,1103,Catamayo,2018,87.67828,5.742468637060616
11,LOJA,1103,Catamayo,2019,98.92225,6.098028648099032
11,LOJA,1103,Catamayo,2020,80.38795999999999,5.713016722926751
11,LOJA,1103,Catamayo,2021,79.09502,5.423443051740154
11,LOJA,1103,Catamayo,2022,87.54482,4.922184181567027
11,LOJA,1103,Catamayo,2023,94.8523,5.059648933956219
11,LOJA,1103,Catamayo,2024,95.35319,5.369404168565698
11,LOJA,1104,Celica,2007,19.467027368785452,2.4023511273845983
11,LOJA,1104,Celica,2008,21.724415486792363,2.262151145604517
11,LOJA,1104,Celica,2009,21.730559926436424,2.072993632205072
11,LOJA,1104,Celica,2010,21.135958099614065,2.0126437043289442
11,LOJA,1104,Celica,2011,22.010939153532767,1.8096989980425329
11,LOJA,1104,Celica,2012,22.899535679972693,1.8011461228955166
11,LOJA,1104,Celica,2013,22.81550570462745,1.6200914490548168
11,LOJA,1104,Celica,2014,23.61060101591352,1.6921790516260198
11,LOJA,1104,Celica,2015,24.68187665288899,1.5892638739424112
11,LOJA,1104,Celica,2016,24.122424268505295,1.5605190512386395
11,LOJA,1104,Celica,2017,23.281556449476906,1.518779653721608
11,LOJA,1104,Celica,2018,32.81064000000001,2.14892526589124
11,LOJA,1104,Celica,2019,30.705239999999996,1.8928141360185022
11,LOJA,1104,Celica,2020,26.47683,1.881657061083385
11,LOJA,1104,Celica,2021,26.56884,1.8217909381753223
11,LOJA,1104,Celica,2022,29.92739,1.6826595297538702
11,LOJA,1104,Celica,2023,29.792020000000004,1.5891777240341287
11,LOJA,1104,Celica,2024,29.10126,1.638712105536419
11,LOJA,1105,Chaguarpamba,2007,10.732109845856591,1.3244084830717269
11,LOJA,1105,Chaguarpamba,2008,11.89040108384173,1.2381407660824142
11,LOJA,1105,Chaguarpamba,2009,14.068305133017654,1.3420504145033332
11,LOJA,1105,Chaguarpamba,2010,12.594040082148556,1.1992508389702714
11,LOJA,1105,Chaguarpamba,2011,11.312281221184787,0.9300749890205265
11,LOJA,1105,Chaguarpamba,2012,14.092029691587912,1.1083982224552398
11,LOJA,1105,Chaguarpamba,2013,13.62675650214632,0.967613515706636
11,LOJA,1105,Chaguarpamba,2014,12.52325063557524,0.8975452327325152
11,LOJA,1105,Chaguarpamba,2015,13.816195909416289,0.8896236434102798
11,LOJA,1105,Chaguarpamba,2016,14.88097607017881,0.9626746632120009
11,LOJA,1105,Chaguarpamba,2017,15.46944938354189,1.0091543934781722
11,LOJA,1105,Chaguarpamba,2018,13.285219999999999,0.8701124062475956
11,LOJA,1105,Chaguarpamba,2019,14.760710000000001,0.9099189762291281
11,LOJA,1105,Chaguarpamba,2020,13.540109999999999,0.9622694102483472
11,LOJA,1105,Chaguarpamba,2021,12.27577,0.8417336453200244
11,LOJA,1105,Chaguarpamba,2022,13.950469999999997,0.784361459186567
11,LOJA,1105,Chaguarpamba,2023,14.866520000000001,0.7930157947634251
11,LOJA,1105,Chaguarpamba,2024,13.76927,0.7753571300142829
11,LOJA,1106,Espíndola,2007,13.701197830346423,1.690812235001533
11,LOJA,1106,Espíndola,2008,16.185193373096784,1.6853550675755158
11,LOJA,1106,Espíndola,2009,18.41656220508883,1.7568537721760595
11,LOJA,1106,Espíndola,2010,18.613723433287102,1.7724672383226139
11,LOJA,1106,Espíndola,2011,19.686183979123133,1.618561896600495
11,LOJA,1106,Espíndola,2012,21.13864306996753,1.6626444108228136
11,LOJA,1106,Espíndola,2013,21.753984862945877,1.5447146039887445
11,LOJA,1106,Espíndola,2014,23.954248229519127,1.7168083533376164
11,LOJA,1106,Espíndola,2015,25.421947010161148,1.6369169393688856
11,LOJA,1106,Espíndola,2016,24.907800449749146,1.611326320009724
11,LOJA,1106,Espíndola,2017,22.82701750863598,1.489127663027967
11,LOJA,1106,Espíndola,2018,13.46721,0.8820317991378149
11,LOJA,1106,Espíndola,2019,16.58546,1.0224050728921004
11,LOJA,1106,Espíndola,2020,15.60492,1.1090114604218608
11,LOJA,1106,Espíndola,2021,16.48885,1.1306190827650797
11,LOJA,1106,Espíndola,2022,17.332420000000003,0.9745106969467294
11,LOJA,1106,Espíndola,2023,18.69642,0.9973118366322982
11,LOJA,1106,Espíndola,2024,19.841440000000002,1.117285228174812
11,LOJA,1107,Gonzanamá,2007,15.922127580205233,1.9648886508476668
11,LOJA,1107,Gonzanamá,2008,19.659372377605127,2.047119370042561
11,LOJA,1107,Gonzanamá,2009,21.30234240446348,2.0321436863567546
11,LOJA,1107,Gonzanamá,2010,22.016697399331612,2.096510941308562
11,LOJA,1107,Gonzanamá,2011,23.099544102875548,1.8992020979488167
11,LOJA,1107,Gonzanamá,2012,23.74136435318186,1.86735953752903
11,LOJA,1107,Gonzanamá,2013,22.57612052194709,1.6030931018556915
11,LOJA,1107,Gonzanamá,2014,21.206782473418972,1.5198966358256831
11,LOJA,1107,Gonzanamá,2015,22.22428465426993,1.4310197405961715
11,LOJA,1107,Gonzanamá,2016,19.583074445495207,1.266861092146499
11,LOJA,1107,Gonzanamá,2017,20.216066841078778,1.31880147545704
11,LOJA,1107,Gonzanamá,2018,17.458470000000002,1.1434384482230224
11,LOJA,1107,Gonzanamá,2019,19.465949999999996,1.199971904828927
11,LOJA,1107,Gonzanamá,2020,17.7644,1.2624815242576124
11,LOJA,1107,Gonzanamá,2021,17.831010000000003,1.2226492551618195
11,LOJA,1107,Gonzanamá,2022,19.837180000000004,1.1153401606502567
11,LOJA,1107,Gonzanamá,2023,24.19547,1.2906443385354882
11,LOJA,1107,Gonzanamá,2024,22.62406,1.2739764875604107
11,LOJA,1108,Macará,2007,24.400045003190193,3.0111158992687055
11,LOJA,1108,Macará,2008,29.23230402353682,3.0439433491642918
11,LOJA,1108,Macará,2009,29.78380832027509,2.841235807993819
11,LOJA,1108,Macará,2010,31.5121763672907,3.0007053891959146
11,LOJA,1108,Macará,2011,35.21393475691805,2.895225051608103
11,LOJA,1108,Macará,2012,42.11928703255685,3.3128615181556222
11,LOJA,1108,Macará,2013,45.590598972102946,3.2373132775667903
11,LOJA,1108,Macará,2014,46.304783196402646,3.318678082875791
11,LOJA,1108,Macará,2015,54.75965428893002,3.5259693391582365
11,LOJA,1108,Macará,2016,56.805973391434115,3.6748712614771124
11,LOJA,1108,Macará,2017,52.46895690918856,3.4228288979992936
11,LOJA,1108,Macará,2018,37.74136,2.47186163004126
11,LOJA,1108,Macará,2019,44.24895000000001,2.727711558808071
11,LOJA,1108,Macará,2020,39.56515000000001,2.8118186304902553
11,LOJA,1108,Macará,2021,37.10789,2.5444399430613704
11,LOJA,1108,Macará,2022,38.99993,2.192760674226314
11,LOJA,1108,Macará,2023,39.74225,2.1199468315003593
11,LOJA,1108,Macará,2024,38.55993000000001,2.171336364117462
11,LOJA,1109,Paltas,2007,25.04075634455082,3.0901836266667706
11,LOJA,1109,Paltas,2008,30.763638146990342,3.2034003087211422
11,LOJA,1109,Paltas,2009,35.10131274269289,3.3485008229870195
11,LOJA,1109,Paltas,2010,34.8083563885234,3.3145797797867047
11,LOJA,1109,Paltas,2011,34.658492227742386,2.8495575868303415
11,LOJA,1109,Paltas,2012,40.5401557905434,3.188656112690427
11,LOJA,1109,Paltas,2013,40.005022516000594,2.8406907011608693
11,LOJA,1109,Paltas,2014,40.89541252074584,2.93098681937695
11,LOJA,1109,Paltas,2015,44.21466482085864,2.84697839173579
11,LOJA,1109,Paltas,2016,44.787405159888664,2.897370439620442
11,LOJA,1109,Paltas,2017,41.59058101040959,2.713174626539611
11,LOJA,1109,Paltas,2018,34.48216,2.258401081067125
11,LOJA,1109,Paltas,2019,39.67259,2.445603394224122
11,LOJA,1109,Paltas,2020,35.54321000000001,2.5259871393240654
11,LOJA,1109,Paltas,2021,32.04713,2.197430186207848
11,LOJA,1109,Paltas,2022,35.50082,1.9960241466789048
11,LOJA,1109,Paltas,2023,38.88813,2.074386024356298
11,LOJA,1109,Paltas,2024,39.43377,2.220542899721142
11,LOJA,1110,Puyango,2007,18.78540200540505,2.318234357569166
11,LOJA,1110,Puyango,2008,22.301174278639767,2.322208713666972
11,LOJA,1110,Puyango,2009,24.891715377963102,2.3745530555981618
11,LOJA,1110,Puyango,2010,23.420835986423448,2.230218184386761
11,LOJA,1110,Puyango,2011,24.359482861301704,2.002791949013977
11,LOJA,1110,Puyango,2012,27.34733178979601,2.150984251956113
11,LOJA,1110,Puyango,2013,29.40843268130644,2.0882443253241383
11,LOJA,1110,Puyango,2014,27.23365589671631,1.9518445115630074
11,LOJA,1110,Puyango,2015,27.079983721045235,1.7436777778308974
11,LOJA,1110,Puyango,2016,27.133995154256333,1.7553424939017397
11,LOJA,1110,Puyango,2017,31.43141349764375,2.050438140230295
11,LOJA,1110,Puyango,2018,35.67363999999999,2.3364367876490166
11,LOJA,1110,Puyango,2019,37.64339,2.320514046451274
11,LOJA,1110,Puyango,2020,33.27589,2.3648530954171623
11,LOJA,1110,Puyango,2021,33.36236,2.287613803393105
11,LOJA,1110,Puyango,2022,40.33406,2.267771778048951
11,LOJA,1110,Puyango,2023,40.5703,2.164117002384592
11,LOJA,1110,Puyango,2024,39.75592,2.2386833893356313
11,LOJA,1111,Saraguro,2007,28.334797405521407,3.496688590499241
11,LOJA,1111,Saraguro,2008,35.03332848809147,3.6480007584948346
11,LOJA,1111,Saraguro,2009,36.547357939317486,3.4864467615468775
11,LOJA,1111,Saraguro,2010,40.01436170774547,3.810314762845108
11,LOJA,1111,Saraguro,2011,45.25658416536071,3.720913244437174
11,LOJA,1111,Saraguro,2012,48.84876284545776,3.8421634847507846
11,LOJA,1111,Saraguro,2013,45.98651625219158,3.2654267109619814
11,LOJA,1111,Saraguro,2014,48.007223634543955,3.4406925137715603
11,LOJA,1111,Saraguro,2015,54.10235410571612,3.483645837983324
11,LOJA,1111,Saraguro,2016,53.26774984506791,3.4459777974460306
11,LOJA,1111,Saraguro,2017,56.146053756598995,3.662705466764365
11,LOJA,1111,Saraguro,2018,39.84122,2.609391474287955
11,LOJA,1111,Saraguro,2019,45.01977,2.7752284970350893
11,LOJA,1111,Saraguro,2020,39.43600000000001,2.802640189965505
11,LOJA,1111,Saraguro,2021,37.30144000000001,2.5577114158123018
11,LOJA,1111,Saraguro,2022,42.975120000000004,2.416264672940612
11,LOJA,1111,Saraguro,2023,47.194370000000006,2.5174607664678184
11,LOJA,1111,Saraguro,2024,48.472640000000006,2.7295279295573063
11,LOJA,1112,Sozoranga,2007,9.39100131033106,1.1589074262729415
11,LOJA,1112,Sozoranga,2008,10.52789354198947,1.0962636233546965
11,LOJA,1112,Sozoranga,2009,12.090047014876811,1.153333856087599
11,LOJA,1112,Sozoranga,2010,10.130403365056,0.9646542853131889
11,LOJA,1112,Sozoranga,2011,9.360017669022472,0.769563464745287
11,LOJA,1112,Sozoranga,2012,10.075678621587093,0.7924950854215083
11,LOJA,1112,Sozoranga,2013,10.043439496598333,0.7131680821888696
11,LOJA,1112,Sozoranga,2014,8.591552903385196,0.615759244512507
11,LOJA,1112,Sozoranga,2015,8.772861135422973,0.5648837594368736
11,LOJA,1112,Sozoranga,2016,9.597409287244293,0.6208720926459101
11,LOJA,1112,Sozoranga,2017,9.138860305556449,0.5961764249054332
11,LOJA,1112,Sozoranga,2018,7.5661499999999995,0.4955432414766368
11,LOJA,1112,Sozoranga,2019,8.726760000000002,0.5379581690174327
11,LOJA,1112,Sozoranga,2020,8.49264,0.6035554869385497
11,LOJA,1112,Sozoranga,2021,7.2271600000000005,0.4955569982258602
11,LOJA,1112,Sozoranga,2022,7.9347,0.4461263936059254
11,LOJA,1112,Sozoranga,2023,9.37701,0.5001921793166514
11,LOJA,1112,Sozoranga,2024,11.225240000000001,0.6321010387712297
11,LOJA,1113,Zapotillo,2007,10.408994644387736,1.2845340762699742
11,LOJA,1113,Zapotillo,2008,13.051515377042517,1.3590469432883705
11,LOJA,1113,Zapotillo,2009,14.159777429157154,1.3507764431037133
11,LOJA,1113,Zapotillo,2010,12.40301880134275,1.1810610897100438
11,LOJA,1113,Zapotillo,2011,15.166623814433661,1.2469719592252542
11,LOJA,1113,Zapotillo,2012,16.45872018995492,1.2945485215180927
11,LOJA,1113,Zapotillo,2013,18.541034797489854,1.3165683163423707
11,LOJA,1113,Zapotillo,2014,16.211744269498247,1.1619007082739308
11,LOJA,1113,Zapotillo,2015,18.941125588719174,1.2196174161835505
11,LOJA,1113,Zapotillo,2016,18.86659364588002,1.2205107782144957
11,LOJA,1113,Zapotillo,2017,20.10436042749657,1.311514272451217
11,LOJA,1113,Zapotillo,2018,22.309649999999994,1.4611653584992697
11,LOJA,1113,Zapotillo,2019,27.234309999999997,1.6788498299544332
11,LOJA,1113,Zapotillo,2020,24.96984,1.7745581986258308
11,LOJA,1113,Zapotillo,2021,22.72491,1.558217637986821
11,LOJA,1113,Zapotillo,2022,26.1015,1.4675498837643592
11,LOJA,1113,Zapotillo,2023,29.842579999999998,1.5918747155683435
11,LOJA,1113,Zapotillo,2024,29.232149999999997,1.646082612088151
11,LOJA,1114,Pindal,2007,11.594766622180824,1.4308656447065586
11,LOJA,1114,Pindal,2008,13.18508832426155,1.3729558190303672
11,LOJA,1114,Pindal,2009,13.576866239556477,1.2951694459405507
11,LOJA,1114,Pindal,2010,10.482236867960054,0.9981571661030961
11,LOJA,1114,Pindal,2011,11.249348690289597,0.9249007918946841
11,LOJA,1114,Pindal,2012,11.912701251297248,0.936984748155915
11,LOJA,1114,Pindal,2013,12.82486080916863,0.9106722244617285
11,LOJA,1114,Pindal,2014,12.100432382397583,0.8672417182141807
11,LOJA,1114,Pindal,2015,13.88992346646717,0.8943709543454587
11,LOJA,1114,Pindal,2016,15.952254227879127,1.0319773981137266
11,LOJA,1114,Pindal,2017,15.912489702786832,1.0380562679773173
11,LOJA,1114,Pindal,2018,42.435080000000006,2.7792757340946723
11,LOJA,1114,Pindal,2019,38.004059999999996,2.342747426631263
11,LOJA,1114,Pindal,2020,32.520860000000006,2.311194574709443
11,LOJA,1114,Pindal,2021,29.911880000000004,2.0510188599798735
11,LOJA,1114,Pindal,2022,31.727850000000004,1.7838899135909057
11,LOJA,1114,Pindal,2023,32.48018,1.7325706188643406
11,LOJA,1114,Pindal,2024,30.109349999999996,1.695478351618898
11,LOJA,1115,Quilanga,2007,6.5038861996763915,0.8026196320670469
11,LOJA,1115,Quilanga,2008,7.464573527291254,0.7772818360280909
11,LOJA,1115,Quilanga,2009,9.037404272109478,0.8621260368424439
11,LOJA,1115,Quilanga,2010,8.352947974900575,0.7953984425516919
11,LOJA,1115,Quilanga,2011,9.176035573544656,0.7544367947053796
11,LOJA,1115,Quilanga,2012,12.249839201186951,0.963502085442184
11,LOJA,1115,Quilanga,2013,11.22058451640433,0.7967552095387737
11,LOJA,1115,Quilanga,2014,9.152056907207163,0.6559307392144322
11,LOJA,1115,Quilanga,2015,9.275278220221038,0.5972343514826193
11,LOJA,1115,Quilanga,2016,8.491874854195933,0.5493532633040045
11,LOJA,1115,Quilanga,2017,8.576628371216323,0.5594990479267342
11,LOJA,1115,Quilanga,2018,5.8408500000000005,0.38254511765941923
11,LOJA,1115,Quilanga,2019,6.39634,0.3943002162100211
11,LOJA,1115,Quilanga,2020,6.32533,0.44952896015809174
11,LOJA,1115,Quilanga,2021,5.78189,0.39645670671081296
11,LOJA,1115,Quilanga,2022,7.01658,0.3945053412035066
11,LOJA,1115,Quilanga,2023,8.06343,0.43012267497499374
11,LOJA,1115,Quilanga,2024,7.668329999999999,0.43180897322824124
11,LOJA,1116,Olmedo,2007,7.590435674850593,0.9367065323006876
11,LOJA,1116,Olmedo,2008,9.525675900347172,0.9919032649568129
11,LOJA,1116,Olmedo,2009,11.498399548305596,1.0968934590216994
11,LOJA,1116,Olmedo,2010,9.350439818486608,0.8903832863733477
11,LOJA,1116,Olmedo,2011,9.382386588527595,0.7714025962304704
11,LOJA,1116,Olmedo,2012,9.574679060733564,0.753089333741011
11,LOJA,1116,Olmedo,2013,9.171923935671009,0.6512831988882026
11,LOJA,1116,Olmedo,2014,9.66503431788431,0.6926959883379155
11,LOJA,1116,Olmedo,2015,9.158399467916716,0.5897085388679217
11,LOJA,1116,Olmedo,2016,9.587480950542522,0.6202298123179559
11,LOJA,1116,Olmedo,2017,9.512905988966464,0.6205774126468816
11,LOJA,1116,Olmedo,2018,4.72367,0.30937567236519836
11,LOJA,1116,Olmedo,2019,5.708729999999999,0.35191273029336045
11,LOJA,1116,Olmedo,2020,5.80511,0.41255793166575333
11,LOJA,1116,Olmedo,2021,5.350239999999999,0.36685902542463783
11,LOJA,1116,Olmedo,2022,5.72422,0.3218427445028684
11,LOJA,1116,Olmedo,2023,6.6322,0.3537774377614928
11,LOJA,1116,Olmedo,2024,5.54587,0.31229178065593244
12,LOS RÍOS,1201,Babahoyo,2007,273.73985634541873,21.24675765040127
12,LOS RÍOS,1201,Babahoyo,2008,331.2925395282814,20.84519991555654
12,LOS RÍOS,1201,Babahoyo,2009,378.51611785650965,21.46144561984355
12,LOS RÍOS,1201,Babahoyo,2010,452.3267967965749,22.318764785886565
12,LOS RÍOS,1201,Babahoyo,2011,512.7777519262931,22.169257287900724
12,LOS RÍOS,1201,Babahoyo,2012,511.8315168815788,22.224908387856246
12,LOS RÍOS,1201,Babahoyo,2013,606.851060348115,23.669977302316088
12,LOS RÍOS,1201,Babahoyo,2014,662.7204562357288,23.512339496986016
12,LOS RÍOS,1201,Babahoyo,2015,729.9191292290744,23.8788277952185
12,LOS RÍOS,1201,Babahoyo,2016,695.5028781197524,22.769372204596966
12,LOS RÍOS,1201,Babahoyo,2017,749.5081814292807,23.377356138107018
12,LOS RÍOS,1201,Babahoyo,2018,654.03333,20.822587046132163
12,LOS RÍOS,1201,Babahoyo,2019,634.6235399999999,20.197786730588348
12,LOS RÍOS,1201,Babahoyo,2020,644.8691500000001,20.02244608367819
12,LOS RÍOS,1201,Babahoyo,2021,678.4457899999999,20.1357290412167
12,LOS RÍOS,1201,Babahoyo,2022,620.0595,17.763775090876265
12,LOS RÍOS,1201,Babahoyo,2023,699.4345699999999,18.006355744058297
12,LOS RÍOS,1201,Babahoyo,2024,729.4151999999999,16.65238614668785
12,LOS RÍOS,1202,Baba,2007,61.77114240635172,4.794466213352876
12,LOS RÍOS,1202,Baba,2008,79.65135910501438,5.01172923016599
12,LOS RÍOS,1202,Baba,2009,88.49425173350673,5.017526286601532
12,LOS RÍOS,1202,Baba,2010,117.38757461315726,5.79215223402967
12,LOS RÍOS,1202,Baba,2011,137.31955008822476,5.936826286102619
12,LOS RÍOS,1202,Baba,2012,100.60556018363265,4.368526135344494
12,LOS RÍOS,1202,Baba,2013,124.913125291566,4.8721853410236315
12,LOS RÍOS,1202,Baba,2014,126.86274044192857,4.500901993777676
12,LOS RÍOS,1202,Baba,2015,139.20660862838298,4.554053322187037
12,LOS RÍOS,1202,Baba,2016,116.75854010491285,3.8224409148402922
12,LOS RÍOS,1202,Baba,2017,131.77392879883848,4.110063291602193
12,LOS RÍOS,1202,Baba,2018,139.27539000000002,4.4341378315674
12,LOS RÍOS,1202,Baba,2019,151.32388,4.81609531137963
12,LOS RÍOS,1202,Baba,2020,183.94966000000002,5.711425565110277
12,LOS RÍOS,1202,Baba,2021,195.80942000000002,5.811467154712242
12,LOS RÍOS,1202,Baba,2022,161.36570999999998,4.622885674390221
12,LOS RÍOS,1202,Baba,2023,183.38229,4.721023084260856
12,LOS RÍOS,1202,Baba,2024,220.66559,5.03774614782733
12,LOS RÍOS,1203,Montalvo,2007,50.254487563901364,3.900582590969079
12,LOS RÍOS,1203,Montalvo,2008,50.427675957183546,3.172950975899232
12,LOS RÍOS,1203,Montalvo,2009,58.144202485222046,3.2967120312134544
12,LOS RÍOS,1203,Montalvo,2010,62.387837284990795,3.0783483882120892
12,LOS RÍOS,1203,Montalvo,2011,60.57434474820634,2.618850425402254
12,LOS RÍOS,1203,Montalvo,2012,60.14007438910904,2.6114211408479084
12,LOS RÍOS,1203,Montalvo,2013,71.56321426110046,2.7912938905789164
12,LOS RÍOS,1203,Montalvo,2014,76.67096112647417,2.720172058374874
12,LOS RÍOS,1203,Montalvo,2015,84.46779278877052,2.7633086974656433
12,LOS RÍOS,1203,Montalvo,2016,90.04846668991802,2.94800657052488
12,LOS RÍOS,1203,Montalvo,2017,81.95810535740263,2.5562947340892728
12,LOS RÍOS,1203,Montalvo,2018,71.19107999999999,2.266524337847061
12,LOS RÍOS,1203,Montalvo,2019,93.36914000000002,2.9716042000875764
12,LOS RÍOS,1203,Montalvo,2020,80.93185999999999,2.5128412536121334
12,LOS RÍOS,1203,Montalvo,2021,83.67779999999999,2.483490254343126
12,LOS RÍOS,1203,Montalvo,2022,95.55249000000002,2.7374355876060346
12,LOS RÍOS,1203,Montalvo,2023,100.73495999999997,2.5933369659201757
12,LOS RÍOS,1203,Montalvo,2024,110.61913,2.525410038028632
12,LOS RÍOS,1204,Puebloviejo,2007,57.32697036821201,4.4495246783069335
12,LOS RÍOS,1204,Puebloviejo,2008,75.0259934570707,4.720697407501891
12,LOS RÍOS,1204,Puebloviejo,2009,83.41394942963205,4.7294787597368915
12,LOS RÍOS,1204,Puebloviejo,2010,112.30196234536899,5.541217324135238
12,LOS RÍOS,1204,Puebloviejo,2011,142.56865507627543,6.163764289114936
12,LOS RÍOS,1204,Puebloviejo,2012,126.38144700904444,5.487774763879166
12,LOS RÍOS,1204,Puebloviejo,2013,130.36774081893037,5.084940387791635
12,LOS RÍOS,1204,Puebloviejo,2014,133.34362669139549,4.730834231880513
12,LOS RÍOS,1204,Puebloviejo,2015,143.71287764122917,4.701472971087502
12,LOS RÍOS,1204,Puebloviejo,2016,139.2088991560231,4.5574207365536346
12,LOS RÍOS,1204,Puebloviejo,2017,160.02844448792638,4.991329023103567
12,LOS RÍOS,1204,Puebloviejo,2018,179.96106000000003,5.729455464852554
12,LOS RÍOS,1204,Puebloviejo,2019,173.47225999999995,5.520998655601668
12,LOS RÍOS,1204,Puebloviejo,2020,162.19360999999998,5.035925212645273
12,LOS RÍOS,1204,Puebloviejo,2021,178.58516999999998,5.300265175054917
12,LOS RÍOS,1204,Puebloviejo,2022,201.60845999999998,5.775780130548639
12,LOS RÍOS,1204,Puebloviejo,2023,246.12104000000002,6.336179526181559
12,LOS RÍOS,1204,Puebloviejo,2024,243.49629,5.558965931016912
12,LOS RÍOS,1205,Quevedo,2007,340.5857611378654,26.435109679251457
12,LOS RÍOS,1205,Quevedo,2008,394.8562283986328,24.844679661642406
12,LOS RÍOS,1205,Quevedo,2009,420.022899519219,23.814834274872094
12,LOS RÍOS,1205,Quevedo,2010,512.5958100257957,25.292565895320752
12,LOS RÍOS,1205,Quevedo,2011,595.4979129405407,25.745552330991877
12,LOS RÍOS,1205,Quevedo,2012,638.374106295877,27.719680327712354
12,LOS RÍOS,1205,Quevedo,2013,682.224469174314,26.609886272881113
12,LOS RÍOS,1205,Quevedo,2014,782.6877404123048,27.76860092297666
12,LOS RÍOS,1205,Quevedo,2015,870.7553190749892,28.486191803087745
12,LOS RÍOS,1205,Quevedo,2016,984.9576563277644,32.24554230936322
12,LOS RÍOS,1205,Quevedo,2017,955.6302302595009,29.806356731845025
12,LOS RÍOS,1205,Quevedo,2018,723.69594,23.040449185643855
12,LOS RÍOS,1205,Quevedo,2019,721.01481,22.947310403858765
12,LOS RÍOS,1205,Quevedo,2020,745.3706999999999,23.14290372411747
12,LOS RÍOS,1205,Quevedo,2021,772.1432799999999,22.916595690093853
12,LOS RÍOS,1205,Quevedo,2022,777.34388,22.26973677943667
12,LOS RÍOS,1205,Quevedo,2023,848.2884400000003,21.838473646237215
12,LOS RÍOS,1205,Quevedo,2024,956.2808099999999,21.831677366728076
12,LOS RÍOS,1206,Urdaneta,2007,39.77315596515334,3.087057241371886
12,LOS RÍOS,1206,Urdaneta,2008,49.81894647774207,3.1346492148287353
12,LOS RÍOS,1206,Urdaneta,2009,53.9567873546358,3.0592902204284917
12,LOS RÍOS,1206,Urdaneta,2010,61.65725957579231,3.042300132471128
12,LOS RÍOS,1206,Urdaneta,2011,68.31022528674447,2.95330082884325
12,LOS RÍOS,1206,Urdaneta,2012,64.67315316043133,2.8082579066285582
12,LOS RÍOS,1206,Urdaneta,2013,62.36858739830609,2.4326612319810015
12,LOS RÍOS,1206,Urdaneta,2014,74.53103815994652,2.6442507633356596
12,LOS RÍOS,1206,Urdaneta,2015,91.50045219307991,2.9933775587041396
12,LOS RÍOS,1206,Urdaneta,2016,105.87013516427679,3.4659763298511455
12,LOS RÍOS,1206,Urdaneta,2017,108.58086912454833,3.3866656965228294
12,LOS RÍOS,1206,Urdaneta,2018,70.3468,2.239644830358799
12,LOS RÍOS,1206,Urdaneta,2019,77.10024,2.4538235760954863
12,LOS RÍOS,1206,Urdaneta,2020,78.64876,2.4419536221389184
12,LOS RÍOS,1206,Urdaneta,2021,86.51876000000001,2.5678076775184326
12,LOS RÍOS,1206,Urdaneta,2022,97.97207,2.8067529272071248
12,LOS RÍOS,1206,Urdaneta,2023,101.81606000000002,2.6211689777049267
12,LOS RÍOS,1206,Urdaneta,2024,125.28152,2.86014912779991
12,LOS RÍOS,1207,Ventanas,2007,107.20420808115429,8.320826417506794
12,LOS RÍOS,1207,Ventanas,2008,138.13579240835367,8.69161802540422
12,LOS RÍOS,1207,Ventanas,2009,146.1498687493952,8.286536061593699
12,LOS RÍOS,1207,Ventanas,2010,166.01939323339565,8.191749446889773
12,LOS RÍOS,1207,Ventanas,2011,183.07482339586477,7.914994064296499
12,LOS RÍOS,1207,Ventanas,2012,181.2869240501007,7.8718975796520585
12,LOS RÍOS,1207,Ventanas,2013,190.01650072019268,7.411515861128148
12,LOS RÍOS,1207,Ventanas,2014,189.1582635169411,6.711054817491063
12,LOS RÍOS,1207,Ventanas,2015,184.56360364786994,6.037877803568734
12,LOS RÍOS,1207,Ventanas,2016,201.8954691375217,6.6096535727382415
12,LOS RÍOS,1207,Ventanas,2017,235.43239420998643,7.343197929338897
12,LOS RÍOS,1207,Ventanas,2018,167.25598000000002,5.324961347973108
12,LOS RÍOS,1207,Ventanas,2019,175.86284000000003,5.597082226347265
12,LOS RÍOS,1207,Ventanas,2020,191.15175999999997,5.935042494124881
12,LOS RÍOS,1207,Ventanas,2021,220.56389000000001,6.546160048125181
12,LOS RÍOS,1207,Ventanas,2022,236.92676,6.787596476870397
12,LOS RÍOS,1207,Ventanas,2023,267.98632000000003,6.899082801213338
12,LOS RÍOS,1207,Ventanas,2024,302.46679,6.905249278640126
12,LOS RÍOS,1208,Vinces,2007,69.1683784644965,5.368614544942156
12,LOS RÍOS,1208,Vinces,2008,84.46549911936629,5.314638891710237
12,LOS RÍOS,1208,Vinces,2009,86.22597428780222,4.888917461890508
12,LOS RÍOS,1208,Vinces,2010,100.05258898264749,4.936807227733106
12,LOS RÍOS,1208,Vinces,2011,109.70043508891571,4.742750949987389
12,LOS RÍOS,1208,Vinces,2012,109.86913939279593,4.770772172324937
12,LOS RÍOS,1208,Vinces,2013,126.02676215122239,4.915622291065323
12,LOS RÍOS,1208,Vinces,2014,138.0292897306817,4.897074611382227
12,LOS RÍOS,1208,Vinces,2015,151.72473368586495,4.963575611159422
12,LOS RÍOS,1208,Vinces,2016,155.5208765919695,5.0914422299457875
12,LOS RÍOS,1208,Vinces,2017,169.2859133505935,5.280071897300499
12,LOS RÍOS,1208,Vinces,2018,195.94677000000001,6.2383956406830805
12,LOS RÍOS,1208,Vinces,2019,195.11315000000002,6.20975041681135
12,LOS RÍOS,1208,Vinces,2020,188.98843,5.86787358352309
12,LOS RÍOS,1208,Vinces,2021,184.53575,5.4768736355747825
12,LOS RÍOS,1208,Vinces,2022,222.98424000000003,6.38816418129224
12,LOS RÍOS,1208,Vinces,2023,240.5955999999999,6.19393171266206
12,LOS RÍOS,1208,Vinces,2024,265.52532999999994,6.061883995407169
12,LOS RÍOS,1209,Palenque,2007,23.19623526527381,1.800412974795558
12,LOS RÍOS,1209,Palenque,2008,29.491824570526994,1.855649933809262
12,LOS RÍOS,1209,Palenque,2009,31.006984466563544,1.7580617563470629
12,LOS RÍOS,1209,Palenque,2010,36.810525834981505,1.816309521288954
12,LOS RÍOS,1209,Palenque,2011,42.097656807938606,1.820035642121785
12,LOS RÍOS,1209,Palenque,2012,39.0627242769789,1.6961938446569118
12,LOS RÍOS,1209,Palenque,2013,41.88770613675648,1.6338128385807833
12,LOS RÍOS,1209,Palenque,2014,47.31948642683403,1.6788252410530633
12,LOS RÍOS,1209,Palenque,2015,51.0135413655908,1.6688747022971935
12,LOS RÍOS,1209,Palenque,2016,55.40206700837839,1.8137527885263305
12,LOS RÍOS,1209,Palenque,2017,61.68140083037056,1.923859018535552
12,LOS RÍOS,1209,Palenque,2018,83.82855999999998,2.6688662603049798
12,LOS RÍOS,1209,Palenque,2019,73.15994,2.3284179867368926
12,LOS RÍOS,1209,Palenque,2020,60.75028,1.8862263854122239
12,LOS RÍOS,1209,Palenque,2021,66.63246999999998,1.9775984773477633
12,LOS RÍOS,1209,Palenque,2022,74.20764000000001,2.1259376349926313
12,LOS RÍOS,1209,Palenque,2023,87.72065,2.2582944820700357
12,LOS RÍOS,1209,Palenque,2024,113.68226999999999,2.5953408402676934
12,LOS RÍOS,1210,Buena Fé,2007,109.11490094005954,8.469127905859612
12,LOS RÍOS,1210,Buena Fé,2008,148.55554897599316,9.347237705319579
12,LOS RÍOS,1210,Buena Fé,2009,154.92467356683477,8.78405779852964
12,LOS RÍOS,1210,Buena Fé,2010,141.99115053019494,7.006144921778887
12,LOS RÍOS,1210,Buena Fé,2011,140.86568349811398,6.090138600542414
12,LOS RÍOS,1210,Buena Fé,2012,162.63778755258494,7.062108935343524
12,LOS RÍOS,1210,Buena Fé,2013,181.8519473875604,7.093060799096788
12,LOS RÍOS,1210,Buena Fé,2014,210.46431145619414,7.466961818358693
12,LOS RÍOS,1210,Buena Fé,2015,224.6974210992522,7.350829440688425
12,LOS RÍOS,1210,Buena Fé,2016,182.02375700116178,5.959093489940885
12,LOS RÍOS,1210,Buena Fé,2017,195.51299878360612,6.098101549042126
12,LOS RÍOS,1210,Buena Fé,2018,282.61942,8.997809750578591
12,LOS RÍOS,1210,Buena Fé,2019,273.01231,8.689000745552669
12,LOS RÍOS,1210,Buena Fé,2020,288.47015999999996,8.95666698484494
12,LOS RÍOS,1210,Buena Fé,2021,290.01342999999997,8.607366912533818
12,LOS RÍOS,1210,Buena Fé,2022,329.91781999999995,9.451650935034781
12,LOS RÍOS,1210,Buena Fé,2023,345.82039,8.902855582172585
12,LOS RÍOS,1210,Buena Fé,2024,394.95421000000005,9.016716425953346
12,LOS RÍOS,1211,Valencia,2007,108.65488767239826,8.433423238864991
12,LOS RÍOS,1211,Valencia,2008,144.64304858243585,9.101059952601323
12,LOS RÍOS,1211,Valencia,2009,187.891571710044,10.653244494625937
12,LOS RÍOS,1211,Valencia,2010,171.56393174476116,8.465328752289867
12,LOS RÍOS,1211,Valencia,2011,204.6115121678828,8.846103873024978
12,LOS RÍOS,1211,Valencia,2012,173.88078610345593,7.550305938764322
12,LOS RÍOS,1211,Valencia,2013,217.50739439326318,8.483786920337783
12,LOS RÍOS,1211,Valencia,2014,228.90140799355072,8.121082675872767
12,LOS RÍOS,1211,Valencia,2015,229.9852801380792,7.5238182970387175
12,LOS RÍOS,1211,Valencia,2016,199.80549617338835,6.5412320409013835
12,LOS RÍOS,1211,Valencia,2017,206.40067486903033,6.4376910127354305
12,LOS RÍOS,1211,Valencia,2018,305.95092999999997,9.740619597735314
12,LOS RÍOS,1211,Valencia,2019,296.64243000000005,9.441062549276825
12,LOS RÍOS,1211,Valencia,2020,299.4057700000001,9.296205109156103
12,LOS RÍOS,1211,Valencia,2021,303.33514,9.00274462270528
12,LOS RÍOS,1211,Valencia,2022,332.33095,9.52078349180562
12,LOS RÍOS,1211,Valencia,2023,368.53366000000005,9.487589647763379
12,LOS RÍOS,1211,Valencia,2024,449.11089000000004,10.253101337842496
12,LOS RÍOS,1212,Mocache,2007,47.59415820614079,3.6940968643773964
12,LOS RÍOS,1212,Mocache,2008,62.93447492564691,3.9598890855605853
12,LOS RÍOS,1212,Mocache,2009,74.9555213514239,4.249895234317142
12,LOS RÍOS,1212,Mocache,2010,80.94486214759775,3.993991405534006
12,LOS RÍOS,1212,Mocache,2011,96.45914279829057,4.17028146488898
12,LOS RÍOS,1212,Mocache,2012,116.3709794505477,5.0530971071324595
12,LOS RÍOS,1212,Mocache,2013,109.70543080231873,4.279015440035819
12,LOS RÍOS,1212,Mocache,2014,128.00752531718493,4.541517264341269
12,LOS RÍOS,1212,Mocache,2015,133.95706675875843,4.382317987012372
12,LOS RÍOS,1212,Mocache,2016,103.91927891679842,3.4021092008802567
12,LOS RÍOS,1212,Mocache,2017,122.885078161218,3.832817716219905
12,LOS RÍOS,1212,Mocache,2018,152.82774,4.865606649149905
12,LOS RÍOS,1212,Mocache,2019,126.62431999999997,4.029997075535163
12,LOS RÍOS,1212,Mocache,2020,135.58402,4.2097280204183205
12,LOS RÍOS,1212,Mocache,2021,162.42449,4.820629103318354
12,LOS RÍOS,1212,Mocache,2022,182.92865,5.24063157854629
12,LOS RÍOS,1212,Mocache,2023,234.53293,6.037853363862646
12,LOS RÍOS,1212,Mocache,2024,275.18972,6.28251986116948
12,LOS RÍOS,1213,Quinsaloma,2007,,
12,LOS RÍOS,1213,Quinsaloma,2008,,
12,LOS RÍOS,1213,Quinsaloma,2009,,
12,LOS RÍOS,1213,Quinsaloma,2010,10.62621396310753,0.5243199644299656
12,LOS RÍOS,1213,Quinsaloma,2011,19.15507546849258,0.8281439567822891
12,LOS RÍOS,1213,Quinsaloma,2012,17.849250863603157,0.7750557598570609
12,LOS RÍOS,1213,Quinsaloma,2013,18.516831169205847,0.7222414231829775
12,LOS RÍOS,1213,Quinsaloma,2014,19.910192086708292,0.7063841041695185
12,LOS RÍOS,1213,Quinsaloma,2015,21.258990955828878,0.6954740104845643
12,LOS RÍOS,1213,Quinsaloma,2016,23.6409568691963,0.7739576113369738
12,LOS RÍOS,1213,Quinsaloma,2017,27.450724095886994,0.8561952615576826
12,LOS RÍOS,1213,Quinsaloma,2018,114.04717,3.630942057173191
12,LOS RÍOS,1213,Quinsaloma,2019,150.7261,4.7970701221283605
12,LOS RÍOS,1213,Quinsaloma,2020,160.41695,4.980761961218178
12,LOS RÍOS,1213,Quinsaloma,2021,146.67754000000002,4.353272207455551
12,LOS RÍOS,1213,Quinsaloma,2022,157.38588000000004,4.508869511393088
12,LOS RÍOS,1213,Quinsaloma,2023,159.40914,4.10385446589292
12,LOS RÍOS,1213,Quinsaloma,2024,193.55658000000005,4.418853502630983
13,MANABÍ,1301,Portoviejo,2007,471.9973335609667,22.717805137429675
13,MANABÍ,1301,Portoviejo,2008,633.4272480032474,24.328262158212492
13,MANABÍ,1301,Portoviejo,2009,741.6286732156552,27.170930438722625
13,MANABÍ,1301,Portoviejo,2010,817.7180678187889,27.538131834862313
13,MANABÍ,1301,Portoviejo,2011,979.0046923115793,27.518467430477223
13,MANABÍ,1301,Portoviejo,2012,941.4485564647173,24.791651741332103
13,MANABÍ,1301,Portoviejo,2013,1013.2651298262177,24.252284407165433
13,MANABÍ,1301,Portoviejo,2014,1038.6599964307807,23.770516637009298
13,MANABÍ,1301,Portoviejo,2015,1019.4571714029291,22.485255967076885
13,MANABÍ,1301,Portoviejo,2016,1139.4345689186362,23.807110943220543
13,MANABÍ,1301,Portoviejo,2017,1145.276313531928,22.62667542781643
13,MANABÍ,1301,Portoviejo,2018,1141.28714,22.834697198159287
13,MANABÍ,1301,Portoviejo,2019,1041.99593,21.272848509135482
13,MANABÍ,1301,Portoviejo,2020,882.7932099999999,19.54990900175951
13,MANABÍ,1301,Portoviejo,2021,944.3136099999999,19.2463277260089
13,MANABÍ,1301,Portoviejo,2022,1092.26848,19.871395992844565
13,MANABÍ,1301,Portoviejo,2023,1244.75836,21.143054488192583
13,MANABÍ,1301,Portoviejo,2024,1349.3365900000003,21.158528799903262
13,MANABÍ,1302,Bolívar,2007,50.50998891539815,2.4311071357472644
13,MANABÍ,1302,Bolívar,2008,64.43532656684967,2.4747901545282374
13,MANABÍ,1302,Bolívar,2009,64.21396836278053,2.352596832609377
13,MANABÍ,1302,Bolívar,2010,71.06748567608366,2.3933258499968453
13,MANABÍ,1302,Bolívar,2011,74.3381493254356,2.089542529386461
13,MANABÍ,1302,Bolívar,2012,75.59939236099548,1.990797897984098
13,MANABÍ,1302,Bolívar,2013,77.18791642541991,1.8474762891197674
13,MANABÍ,1302,Bolívar,2014,71.79646062256523,1.643116099177509
13,MANABÍ,1302,Bolívar,2015,76.82651848911523,1.694493875510107
13,MANABÍ,1302,Bolívar,2016,86.32243691794551,1.8036031981590983
13,MANABÍ,1302,Bolívar,2017,92.7901545998708,1.833210628929726
13,MANABÍ,1302,Bolívar,2018,65.18488,1.3042090325300166
13,MANABÍ,1302,Bolívar,2019,65.65754,1.340430285464266
13,MANABÍ,1302,Bolívar,2020,68.0736,1.5075248318031083
13,MANABÍ,1302,Bolívar,2021,71.99443,1.4673392181938443
13,MANABÍ,1302,Bolívar,2022,79.09308,1.4389227023869944
13,MANABÍ,1302,Bolívar,2023,84.07342,1.4280433513768085
13,MANABÍ,1302,Bolívar,2024,71.75781,1.1252119750958403
13,MANABÍ,1303,Chone,2007,126.71248597184857,6.098825904523721
13,MANABÍ,1303,Chone,2008,141.00774826622663,5.415733972565713
13,MANABÍ,1303,Chone,2009,152.70727697834923,5.594711949680709
13,MANABÍ,1303,Chone,2010,165.92892675881455,5.587956094072814
13,MANABÍ,1303,Chone,2011,188.3859317959109,5.295267907496384
13,MANABÍ,1303,Chone,2012,199.6899117315411,5.2585377224392715
13,MANABÍ,1303,Chone,2013,235.8266155502623,5.64445966090349
13,MANABÍ,1303,Chone,2014,228.75937874140288,5.23533075013043
13,MANABÍ,1303,Chone,2015,252.42039536956517,5.56741112859576
13,MANABÍ,1303,Chone,2016,276.78964049451804,5.783185677296809
13,MANABÍ,1303,Chone,2017,277.4205434961326,5.480864766457452
13,MANABÍ,1303,Chone,2018,222.93793000000002,4.46050774350654
13,MANABÍ,1303,Chone,2019,231.27597999999998,4.721610463816157
13,MANABÍ,1303,Chone,2020,214.30408000000003,4.745873909367507
13,MANABÍ,1303,Chone,2021,221.84667,4.52152089150102
13,MANABÍ,1303,Chone,2022,242.45674000000002,4.410961205869602
13,MANABÍ,1303,Chone,2023,260.59449000000006,4.426371959769571
13,MANABÍ,1303,Chone,2024,259.42367,4.067942153018765
13,MANABÍ,1304,El Carmen,2007,90.84545713885574,4.372502228626822
13,MANABÍ,1304,El Carmen,2008,98.41786977932,3.7799695933381137
13,MANABÍ,1304,El Carmen,2009,102.90824178662385,3.770232705582751
13,MANABÍ,1304,El Carmen,2010,104.33284866064977,3.513596989225893
13,MANABÍ,1304,El Carmen,2011,124.09137048134062,3.48803674161273
13,MANABÍ,1304,El Carmen,2012,135.89971103773337,3.5787173761749975
13,MANABÍ,1304,El Carmen,2013,139.8692351049107,3.3477402603983424
13,MANABÍ,1304,El Carmen,2014,156.72702641009704,3.5868160914566274
13,MANABÍ,1304,El Carmen,2015,178.15250510531146,3.9293506297633862
13,MANABÍ,1304,El Carmen,2016,193.58795255927197,4.04478676491568
13,MANABÍ,1304,El Carmen,2017,205.1104065449256,4.052268034294001
13,MANABÍ,1304,El Carmen,2018,230.04981000000004,4.602801142439997
13,MANABÍ,1304,El Carmen,2019,254.65922,5.198990564689255
13,MANABÍ,1304,El Carmen,2020,255.96981000000002,5.668582898023956
13,MANABÍ,1304,El Carmen,2021,297.1662,6.056629930699301
13,MANABÍ,1304,El Carmen,2022,344.10553000000004,6.260234892027331
13,MANABÍ,1304,El Carmen,2023,376.88507999999996,6.40164552277184
13,MANABÍ,1304,El Carmen,2024,430.6031100000001,6.752153889388644
13,MANABÍ,1305,Flavio Alfaro,2007,28.06552805185635,1.350827964537184
13,MANABÍ,1305,Flavio Alfaro,2008,32.207803785453194,1.2370164000724466
13,MANABÍ,1305,Flavio Alfaro,2009,36.223342325643785,1.3271087676809745
13,MANABÍ,1305,Flavio Alfaro,2010,36.896764318595515,1.2425651334764116
13,MANABÍ,1305,Flavio Alfaro,2011,34.83009741815469,0.9790258503651733
13,MANABÍ,1305,Flavio Alfaro,2012,36.187384260260416,0.9529411053314004
13,MANABÍ,1305,Flavio Alfaro,2013,41.275379812413895,0.9879173976865453
13,MANABÍ,1305,Flavio Alfaro,2014,45.141330370980576,1.033093359027462
13,MANABÍ,1305,Flavio Alfaro,2015,45.71332331405193,1.008257928489224
13,MANABÍ,1305,Flavio Alfaro,2016,47.653075983522506,0.9956535440223676
13,MANABÍ,1305,Flavio Alfaro,2017,45.76246980178374,0.904107191204339
13,MANABÍ,1305,Flavio Alfaro,2018,35.146010000000004,0.7031959512603274
13,MANABÍ,1305,Flavio Alfaro,2019,34.50474,0.7044308770640855
13,MANABÍ,1305,Flavio Alfaro,2020,34.45971000000001,0.7631279750407486
13,MANABÍ,1305,Flavio Alfaro,2021,32.71292,0.6667314465527093
13,MANABÍ,1305,Flavio Alfaro,2022,37.3108,0.6787870337609898
13,MANABÍ,1305,Flavio Alfaro,2023,43.299380000000006,0.7354689713792772
13,MANABÍ,1305,Flavio Alfaro,2024,49.291259999999994,0.7729209687358433
13,MANABÍ,1306,Jipijapa,2007,73.2168549023429,3.5240161843669426
13,MANABÍ,1306,Jipijapa,2008,90.88863185307765,3.490791515352683
13,MANABÍ,1306,Jipijapa,2009,100.45663452035942,3.6804135644134774
13,MANABÍ,1306,Jipijapa,2010,96.18741848949855,3.2392849265082866
13,MANABÍ,1306,Jipijapa,2011,98.97533017537937,2.7820595971005564
13,MANABÍ,1306,Jipijapa,2012,103.42497876542207,2.72354345577363
13,MANABÍ,1306,Jipijapa,2013,99.6084763584139,2.3841076011596134
13,MANABÍ,1306,Jipijapa,2014,104.92914409912879,2.4013825256451082
13,MANABÍ,1306,Jipijapa,2015,109.74788582753942,2.420611060376188
13,MANABÍ,1306,Jipijapa,2016,121.8262658056496,2.5454128784120464
13,MANABÍ,1306,Jipijapa,2017,109.3231599922943,2.15984529555184
13,MANABÍ,1306,Jipijapa,2018,120.48439000000002,2.4106331056660566
13,MANABÍ,1306,Jipijapa,2019,117.37713000000002,2.3963106121989384
13,MANABÍ,1306,Jipijapa,2020,105.05199,2.326430268934386
13,MANABÍ,1306,Jipijapa,2021,118.23585000000001,2.409798920576004
13,MANABÍ,1306,Jipijapa,2022,130.26049,2.36979994058967
13,MANABÍ,1306,Jipijapa,2023,141.34264000000002,2.4007994122047815
13,MANABÍ,1306,Jipijapa,2024,119.61386000000002,1.8756278607086438
13,MANABÍ,1307,Junín,2007,78.07461506669833,3.7578260832187125
13,MANABÍ,1307,Junín,2008,108.56370752938419,4.169644337164392
13,MANABÍ,1307,Junín,2009,120.3795546871934,4.410326386745606
13,MANABÍ,1307,Junín,2010,121.81887708465803,4.102470556973939
13,MANABÍ,1307,Junín,2011,125.71684799047448,3.5337266655174435
13,MANABÍ,1307,Junín,2012,120.85057274554458,3.182420634324215
13,MANABÍ,1307,Junín,2013,96.50373411965431,2.309796258975904
13,MANABÍ,1307,Junín,2014,88.66827102599147,2.0292401929803625
13,MANABÍ,1307,Junín,2015,86.11041593090567,1.899260506425534
13,MANABÍ,1307,Junín,2016,107.9233851586789,2.2549289568061717
13,MANABÍ,1307,Junín,2017,123.63121531047445,2.4425226895243997
13,MANABÍ,1307,Junín,2018,32.26242,0.6455015269687856
13,MANABÍ,1307,Junín,2019,40.13149,0.8193036869307979
13,MANABÍ,1307,Junín,2020,34.63055999999999,0.7669115360322861
13,MANABÍ,1307,Junín,2021,34.841849999999994,0.7101217821910277
13,MANABÍ,1307,Junín,2022,37.91053000000001,0.6896977874236687
13,MANABÍ,1307,Junín,2023,42.50614,0.7219952586642938
13,MANABÍ,1307,Junín,2024,49.0246,0.7687395559352149
13,MANABÍ,1308,Manta,2007,557.7264193717432,26.844050197684123
13,MANABÍ,1308,Manta,2008,697.1574514718643,26.775970402952836
13,MANABÍ,1308,Manta,2009,652.2938866900143,23.89798623077869
13,MANABÍ,1308,Manta,2010,771.8479356062826,25.99337234150782
13,MANABÍ,1308,Manta,2011,1000.128863619241,28.11223866026894
13,MANABÍ,1308,Manta,2012,1186.9919306587358,31.257672405561394
13,MANABÍ,1308,Manta,2013,1377.851413571772,32.97857921794726
13,MANABÍ,1308,Manta,2014,1537.0459166375417,35.176453949157924
13,MANABÍ,1308,Manta,2015,1590.791342582574,35.08666330627207
13,MANABÍ,1308,Manta,2016,1503.219358897634,31.407955336335164
13,MANABÍ,1308,Manta,2017,1590.9739203864308,31.432109513981366
13,MANABÍ,1308,Manta,2018,1643.6017499999998,32.884930496644955
13,MANABÍ,1308,Manta,2019,1604.64183,32.75953540529849
13,MANABÍ,1308,Manta,2020,1444.4060200000001,31.987113100466217
13,MANABÍ,1308,Manta,2021,1628.44471,33.18980076157699
13,MANABÍ,1308,Manta,2022,1767.50412,32.155806864905834
13,MANABÍ,1308,Manta,2023,1867.0632200000002,31.71331935730907
13,MANABÍ,1308,Manta,2024,2022.60174,31.715790918057323
13,MANABÍ,1309,Montecristi,2007,166.33640196078002,8.005973123825028
13,MANABÍ,1309,Montecristi,2008,237.62879198264812,9.126692238006736
13,MANABÍ,1309,Montecristi,2009,232.0980429625599,8.503338676153884
13,MANABÍ,1309,Montecristi,2010,242.55220356279708,8.168383237960773
13,MANABÍ,1309,Montecristi,2011,319.52082246690617,8.98128825680487
13,MANABÍ,1309,Montecristi,2012,357.1675650937435,9.40547821365267
13,MANABÍ,1309,Montecristi,2013,431.91251939079206,10.337733877289706
13,MANABÍ,1309,Montecristi,2014,414.6628374296259,9.48987147838738
13,MANABÍ,1309,Montecristi,2015,385.2617756323385,8.497374762200616
13,MANABÍ,1309,Montecristi,2016,466.0466565743052,9.737482748404982
13,MANABÍ,1309,Montecristi,2017,557.5796761286488,11.015834526432144
13,MANABÍ,1309,Montecristi,2018,488.27939999999995,9.7694189799588
13,MANABÍ,1309,Montecristi,2019,476.61771999999996,9.730380189037353
13,MANABÍ,1309,Montecristi,2020,510.2073000000001,11.298802679999561
13,MANABÍ,1309,Montecristi,2021,567.65893,11.569620185158135
13,MANABÍ,1309,Montecristi,2022,695.2091399999998,12.647784287233952
13,MANABÍ,1309,Montecristi,2023,666.1763999999998,11.315452361330573
13,MANABÍ,1309,Montecristi,2024,750.76021,11.772438132064897
13,MANABÍ,1310,Paján,2007,31.503585255636274,1.5163058349682466
13,MANABÍ,1310,Paján,2008,37.285878802091815,1.4320518057220948
13,MANABÍ,1310,Paján,2009,41.21657827084165,1.5100451500390626
13,MANABÍ,1310,Paján,2010,40.37168885735259,1.3595894892176823
13,MANABÍ,1310,Paján,2011,39.44810583918378,1.1088316779835292
13,MANABÍ,1310,Paján,2012,41.44553000339602,1.0914065766243837
13,MANABÍ,1310,Paján,2013,41.98742384438676,1.0049600194698414
13,MANABÍ,1310,Paján,2014,45.58387121922521,1.0432212397891203
13,MANABÍ,1310,Paján,2015,48.68517952633387,1.0738055056753733
13,MANABÍ,1310,Paján,2016,46.90832285803523,0.9800928257789211
13,MANABÍ,1310,Paján,2017,50.85212947027468,1.0046611588332013
13,MANABÍ,1310,Paján,2018,56.55849,1.1316135509378649
13,MANABÍ,1310,Paján,2019,55.35067,1.1300105728715755
13,MANABÍ,1310,Paján,2020,52.892999999999994,1.1713426486708767
13,MANABÍ,1310,Paján,2021,59.87626000000001,1.2203553043863444
13,MANABÍ,1310,Paján,2022,62.229789999999994,1.1321326416391313
13,MANABÍ,1310,Paján,2023,63.13338,1.0723627462632728
13,MANABÍ,1310,Paján,2024,68.16443999999998,1.0688654540000855
13,MANABÍ,1311,Pichincha,2007,30.395167346742035,1.4629563342939083
13,MANABÍ,1311,Pichincha,2008,33.31026057580196,1.2793588441309454
13,MANABÍ,1311,Pichincha,2009,32.03273446904456,1.1735781415336326
13,MANABÍ,1311,Pichincha,2010,32.72534450884331,1.1020850423785968
13,MANABÍ,1311,Pichincha,2011,35.127681547312335,0.98739052852286
13,MANABÍ,1311,Pichincha,2012,30.669470517832707,0.8076350289647041
13,MANABÍ,1311,Pichincha,2013,31.504217737767394,0.7540467209531239
13,MANABÍ,1311,Pichincha,2014,34.232537830410685,0.7834374220833452
13,MANABÍ,1311,Pichincha,2015,38.05570235805431,0.839360624978663
13,MANABÍ,1311,Pichincha,2016,40.578741729282484,0.8478438627697147
13,MANABÍ,1311,Pichincha,2017,41.45354545250848,0.8189778372291435
13,MANABÍ,1311,Pichincha,2018,55.306689999999996,1.106567729469434
13,MANABÍ,1311,Pichincha,2019,57.49492000000001,1.1737864688251365
13,MANABÍ,1311,Pichincha,2020,63.4007,1.4040410614937264
13,MANABÍ,1311,Pichincha,2021,62.33602,1.270488381561127
13,MANABÍ,1311,Pichincha,2022,61.75924,1.1235720308042998
13,MANABÍ,1311,Pichincha,2023,65.1646,1.106864378481679
13,MANABÍ,1311,Pichincha,2024,80.81215000000002,1.2671902739679668
13,MANABÍ,1312,Rocafuerte,2007,28.6886683211922,1.3808204628109664
13,MANABÍ,1312,Rocafuerte,2008,34.870837641988466,1.339296474070232
13,MANABÍ,1312,Rocafuerte,2009,35.435761440447614,1.2982542934415324
13,MANABÍ,1312,Rocafuerte,2010,33.06557405006632,1.113542886260298
13,MANABÍ,1312,Rocafuerte,2011,32.00087202550427,0.8995002388614122
13,MANABÍ,1312,Rocafuerte,2012,34.32584823860081,0.9039203145128004
13,MANABÍ,1312,Rocafuerte,2013,38.95228648676664,0.9323146552457313
13,MANABÍ,1312,Rocafuerte,2014,40.37118368654679,0.9239249579020177
13,MANABÍ,1312,Rocafuerte,2015,47.33264897709566,1.0439739478071202
13,MANABÍ,1312,Rocafuerte,2016,48.960874656724656,1.02297841984553
13,MANABÍ,1312,Rocafuerte,2017,53.007672636289335,1.047247192449535
13,MANABÍ,1312,Rocafuerte,2018,58.48903,1.1702394977166348
13,MANABÍ,1312,Rocafuerte,2019,57.73461999999999,1.1786800597124247
13,MANABÍ,1312,Rocafuerte,2020,49.158919999999995,1.088649529400861
13,MANABÍ,1312,Rocafuerte,2021,55.88142,1.1389353195012706
13,MANABÍ,1312,Rocafuerte,2022,55.30402,1.0061336581059226
13,MANABÍ,1312,Rocafuerte,2023,58.416810000000005,0.9922486456378516
13,MANABÍ,1312,Rocafuerte,2024,59.60517,0.934650194335966
13,MANABÍ,1313,Santa Ana,2007,41.65091727151496,2.004709253823063
13,MANABÍ,1313,Santa Ana,2008,49.15354500550688,1.8878574179892824
13,MANABÍ,1313,Santa Ana,2009,49.933987389585106,1.829423466069178
13,MANABÍ,1313,Santa Ana,2010,49.57251197287578,1.6694438142179648
13,MANABÍ,1313,Santa Ana,2011,48.556410418204536,1.3648535181984462
13,MANABÍ,1313,Santa Ana,2012,51.2765258843661,1.3502912756107108
13,MANABÍ,1313,Santa Ana,2013,53.036134036463146,1.269408537456975
13,MANABÍ,1313,Santa Ana,2014,50.669801531609004,1.1596165871796325
13,MANABÍ,1313,Santa Ana,2015,55.456066866062265,1.2231449180888647
13,MANABÍ,1313,Santa Ana,2016,56.65221271079193,1.1836796512718943
13,MANABÍ,1313,Santa Ana,2017,56.210207625546936,1.1105181419068664
13,MANABÍ,1313,Santa Ana,2018,61.40272,1.2285361581690646
13,MANABÍ,1313,Santa Ana,2019,70.61794,1.4416992393120185
13,MANABÍ,1313,Santa Ana,2020,68.08801000000001,1.5078439486534922
13,MANABÍ,1313,Santa Ana,2021,63.07418999999999,1.2855332369852777
13,MANABÍ,1313,Santa Ana,2022,72.16326,1.3128500381102275
13,MANABÍ,1313,Santa Ana,2023,77.16304,1.3106659184796183
13,MANABÍ,1313,Santa Ana,2024,74.09694,1.161891147541403
13,MANABÍ,1314,Sucre,2007,72.68354255847055,3.4983472132859585
13,MANABÍ,1314,Sucre,2008,85.83267478163208,3.296605601370394
13,MANABÍ,1314,Sucre,2009,91.53005685038637,3.35337197380852
13,MANABÍ,1314,Sucre,2010,96.85360791695462,3.2617200578845713
13,MANABÍ,1314,Sucre,2011,110.77317683670343,3.113680744219721
13,MANABÍ,1314,Sucre,2012,117.69075357718914,3.0992114819498977
13,MANABÍ,1314,Sucre,2013,120.59707472065239,2.886465218929481
13,MANABÍ,1314,Sucre,2014,125.53679551849284,2.873004156012122
13,MANABÍ,1314,Sucre,2015,146.6620975290559,3.234794845840389
13,MANABÍ,1314,Sucre,2016,156.634483873394,3.272688609620601
13,MANABÍ,1314,Sucre,2017,167.31532593167148,3.3055687341338764
13,MANABÍ,1314,Sucre,2018,134.80691000000002,2.6971958783917533
13,MANABÍ,1314,Sucre,2019,145.29225000000002,2.9662112248379326
13,MANABÍ,1314,Sucre,2020,137.80288000000002,3.051715547495416
13,MANABÍ,1314,Sucre,2021,146.38085999999996,2.9834304774819733
13,MANABÍ,1314,Sucre,2022,148.86198,2.708212684905919
13,MANABÍ,1314,Sucre,2023,163.47474000000003,2.7767279548643606
13,MANABÍ,1314,Sucre,2024,190.77607,2.991500416828806
13,MANABÍ,1315,Tosagua,2007,52.639317640571875,2.5335943144079467
13,MANABÍ,1315,Tosagua,2008,55.73253883359124,2.1405391380943795
13,MANABÍ,1315,Tosagua,2009,61.64224337768786,2.2583769578916164
13,MANABÍ,1315,Tosagua,2010,69.16296081211073,2.329187537721614
13,MANABÍ,1315,Tosagua,2011,89.18297152295045,2.5068099432831112
13,MANABÍ,1315,Tosagua,2012,88.28916540907994,2.3249642546313742
13,MANABÍ,1315,Tosagua,2013,91.40590264781993,2.1877807518046164
13,MANABÍ,1315,Tosagua,2014,88.28589322608275,2.0204891889120553
13,MANABÍ,1315,Tosagua,2015,84.36205171432849,1.8606983990254595
13,MANABÍ,1315,Tosagua,2016,92.09382036000127,1.9241892937971172
13,MANABÍ,1315,Tosagua,2017,95.56999139217561,1.8881305326233686
13,MANABÍ,1315,Tosagua,2018,87.87995,1.7582884952505275
13,MANABÍ,1315,Tosagua,2019,88.36273,1.803967669186233
13,MANABÍ,1315,Tosagua,2020,72.33151,1.6018184354406824
13,MANABÍ,1315,Tosagua,2021,80.31173,1.6368565055657098
13,MANABÍ,1315,Tosagua,2022,87.97941,1.6005897152015491
13,MANABÍ,1315,Tosagua,2023,92.07767999999999,1.5640010687587267
13,MANABÍ,1315,Tosagua,2024,104.73849999999999,1.6423719516185855
13,MANABÍ,1316,24 De Mayo,2007,20.296960432183365,0.9769173662522452
13,MANABÍ,1316,24 De Mayo,2008,23.902314151124244,0.9180245508692132
13,MANABÍ,1316,24 De Mayo,2009,26.043777291434093,0.9541616805063439
13,MANABÍ,1316,24 De Mayo,2010,25.747981843729125,0.8671097611742923
13,MANABÍ,1316,24 De Mayo,2011,30.947677731597636,0.8698964043727312
13,MANABÍ,1316,24 De Mayo,2012,26.86779249028859,0.7075234752910007
13,MANABÍ,1316,24 De Mayo,2013,27.24562026308973,0.6521181002087856
13,MANABÍ,1316,24 De Mayo,2014,28.547906035234448,0.6533403401442566
13,MANABÍ,1316,24 De Mayo,2015,29.221784231351332,0.6445187857695008
13,MANABÍ,1316,24 De Mayo,2016,30.003936697567074,0.6268960668537977
13,MANABÍ,1316,24 De Mayo,2017,35.621154891005425,0.7037500911873055
13,MANABÍ,1316,24 De Mayo,2018,28.513779999999993,0.5704993156016199
13,MANABÍ,1316,24 De Mayo,2019,26.286270000000002,0.5366468557897657
13,MANABÍ,1316,24 De Mayo,2020,27.331440000000008,0.6052687751042513
13,MANABÍ,1316,24 De Mayo,2021,25.018360000000005,0.5099064025215861
13,MANABÍ,1316,24 De Mayo,2022,27.29132,0.4965048766100425
13,MANABÍ,1316,24 De Mayo,2023,31.08553,0.5280085482489509
13,MANABÍ,1316,24 De Mayo,2024,34.57835000000001,0.5422123877394704
13,MANABÍ,1317,Pedernales,2007,58.64533431196112,2.8226711940661042
13,MANABÍ,1317,Pedernales,2008,64.58123647154166,2.480394167339521
13,MANABÍ,1317,Pedernales,2009,65.33420544250659,2.393638778353111
13,MANABÍ,1317,Pedernales,2010,71.36316760761024,2.403283472717944
13,MANABÍ,1317,Pedernales,2011,88.43962944940556,2.4859156260227415
13,MANABÍ,1317,Pedernales,2012,100.44806781506058,2.6451509201013046
13,MANABÍ,1317,Pedernales,2013,99.69978395330847,2.3862930289363464
13,MANABÍ,1317,Pedernales,2014,115.80018428234617,2.6501744714452333
13,MANABÍ,1317,Pedernales,2015,120.70494198517363,2.6622810581564726
13,MANABÍ,1317,Pedernales,2016,120.59335134039729,2.51965261778943
13,MANABÍ,1317,Pedernales,2017,116.11163412948379,2.2939619267415856
13,MANABÍ,1317,Pedernales,2018,195.44787999999997,3.9104910599642544
13,MANABÍ,1317,Pedernales,2019,195.7231,3.99578130409624
13,MANABÍ,1317,Pedernales,2020,171.94660000000002,3.8078457617066874
13,MANABÍ,1317,Pedernales,2021,166.75181,3.398616677954232
13,MANABÍ,1317,Pedernales,2022,190.68631999999994,3.4691135416983516
13,MANABÍ,1317,Pedernales,2023,200.17871999999994,3.4001696396211747
13,MANABÍ,1317,Pedernales,2024,194.04857000000004,3.0428154749179694
13,MANABÍ,1318,Olmedo,2007,10.324081801886967,0.49691060080502975
13,MANABÍ,1318,Olmedo,2008,12.366240960087453,0.4749545475616964
13,MANABÍ,1318,Olmedo,2009,12.579822209124146,0.4608849233047626
13,MANABÍ,1318,Olmedo,2010,11.776075893607867,0.3965806103814527
13,MANABÍ,1318,Olmedo,2011,12.254992475793815,0.3444708834945456
13,MANABÍ,1318,Olmedo,2012,10.9397730027847,0.28808270037899786
13,MANABÍ,1318,Olmedo,2013,10.741207551712316,0.257088507985267
13,MANABÍ,1318,Olmedo,2014,10.668211765976706,0.24415006464262873
13,MANABÍ,1318,Olmedo,2015,11.126792666667088,0.24541372430418573
13,MANABÍ,1318,Olmedo,2016,12.031664464710877,0.2513871165193952
13,MANABÍ,1318,Olmedo,2017,12.245786649660763,0.2419341399156922
13,MANABÍ,1318,Olmedo,2018,10.77683,0.2156211536792038
13,MANABÍ,1318,Olmedo,2019,11.110719999999999,0.22683069730168887
13,MANABÍ,1318,Olmedo,2020,12.08678,0.2676679503734366
13,MANABÍ,1318,Olmedo,2021,12.064779999999999,0.2458957568367543
13,MANABÍ,1318,Olmedo,2022,13.049790000000002,0.23741190875842458
13,MANABÍ,1318,Olmedo,2023,13.48496,0.2290510778743413
13,MANABÍ,1318,Olmedo,2024,15.58562,0.24439327598338392
13,MANABÍ,1319,Puerto López,2007,33.373315198831406,1.6062982088417697
13,MANABÍ,1319,Puerto López,2008,37.920156133180555,1.4564127173190948
13,MANABÍ,1319,Puerto López,2009,38.875404446426224,1.4242719411199243
13,MANABÍ,1319,Puerto López,2010,36.580732572858395,1.23192219403235
13,MANABÍ,1319,Puerto López,2011,31.018184156512074,0.8718782424301833
13,MANABÍ,1319,Puerto López,2012,32.75328669823015,0.8625092381635179
13,MANABÍ,1319,Puerto López,2013,32.70150386040034,0.7827035085086441
13,MANABÍ,1319,Puerto López,2014,28.86513126302682,0.6606002785079463
13,MANABÍ,1319,Puerto López,2015,33.75811342972794,0.7445725457877412
13,MANABÍ,1319,Puerto López,2016,36.125899768192646,0.7548071009652171
13,MANABÍ,1319,Puerto López,2017,38.33273732995325,0.7573215263221409
13,MANABÍ,1319,Puerto López,2018,37.267830000000004,0.745648998798389
13,MANABÍ,1319,Puerto López,2019,40.00728,0.8167678799883277
13,MANABÍ,1319,Puerto López,2020,37.54999000000001,0.8315638126815449
13,MANABÍ,1319,Puerto López,2021,35.60364,0.7256480436396966
13,MANABÍ,1319,Puerto López,2022,37.35266,0.679548583372181
13,MANABÍ,1319,Puerto López,2023,40.06785,0.6805792698389485
13,MANABÍ,1319,Puerto López,2024,48.67004,0.7631798104818631
13,MANABÍ,1320,Jama,2007,14.40024988675666,0.6931015232427695
13,MANABÍ,1320,Jama,2008,17.634533877833046,0.6772957187588533
13,MANABÍ,1320,Jama,2009,19.280241776359716,0.7063671174899302
13,MANABÍ,1320,Jama,2010,19.305220195654037,0.6501381341212819
13,MANABÍ,1320,Jama,2011,23.061500998595882,0.6482268870738003
13,MANABÍ,1320,Jama,2012,23.175250649535833,0.6102858612677744
13,MANABÍ,1320,Jama,2013,22.79819923130054,0.545670027965483
13,MANABÍ,1320,Jama,2014,23.007806467860874,0.5265509871418491
13,MANABÍ,1320,Jama,2015,25.83478378234093,0.5698147430760754
13,MANABÍ,1320,Jama,2016,26.191190097390116,0.5472333255390909
13,MANABÍ,1320,Jama,2017,28.888259735333808,0.5707315073076763
13,MANABÍ,1320,Jama,2018,30.59091,0.6120582125074527
13,MANABÍ,1320,Jama,2019,31.645149999999997,0.6460509706586557
13,MANABÍ,1320,Jama,2020,23.841030000000003,0.5279718531231323
13,MANABÍ,1320,Jama,2021,24.53601,0.5000754882148015
13,MANABÍ,1320,Jama,2022,26.23476,0.47728311700181897
13,MANABÍ,1320,Jama,2023,31.25605,0.5309049446638556
13,MANABÍ,1320,Jama,2024,32.4613,0.5090155829334618
13,MANABÍ,1321,Jaramijó,2007,15.23153567209926,0.7331123180971626
13,MANABÍ,1321,Jaramijó,2008,19.519905164611203,0.7497078340805331
13,MANABÍ,1321,Jaramijó,2009,20.79908886177346,0.7620128739112614
13,MANABÍ,1321,Jaramijó,2010,23.7910414101615,0.8012062599879882
13,MANABÍ,1321,Jaramijó,2011,37.02786183430097,1.040801967456893
13,MANABÍ,1321,Jaramijó,2012,48.770061855943254,1.2842872620423238
13,MANABÍ,1321,Jaramijó,2013,57.35710901980155,1.3728301505446996
13,MANABÍ,1321,Jaramijó,2014,52.4307778324425,1.1999178567001547
13,MANABÍ,1321,Jaramijó,2015,103.87192065813987,2.2910101466803665
13,MANABÍ,1321,Jaramijó,2016,132.53342946273926,2.7691261481555376
13,MANABÍ,1321,Jaramijó,2017,175.07998021757922,3.458971288836707
13,MANABÍ,1321,Jaramijó,2018,222.87486,4.459245848667097
13,MANABÍ,1321,Jaramijó,2019,217.22650000000002,4.434783566448018
13,MANABÍ,1321,Jaramijó,2020,217.37855999999996,4.813959847894071
13,MANABÍ,1321,Jaramijó,2021,225.79368,4.601966039377089
13,MANABÍ,1321,Jaramijó,2022,253.84737,4.618188388089467
13,MANABÍ,1321,Jaramijó,2023,287.27886,4.879623857505844
13,MANABÍ,1321,Jaramijó,2024,325.80148,5.1087920158091205
13,MANABÍ,1322,San Vicente,2007,24.33600347159345,1.1713214151453686
13,MANABÍ,1322,San Vicente,2008,27.823591165436397,1.0686304105001043
13,MANABÍ,1322,San Vicente,2009,31.87958284639442,1.16796715016303
13,MANABÍ,1322,San Vicente,2010,30.736400864859576,1.0351037753188685
13,MANABÍ,1322,San Vicente,2011,34.79679263719798,0.9780896990502368
13,MANABÍ,1322,San Vicente,2012,33.53031240199168,0.882971057887431
13,MANABÍ,1322,San Vicente,2013,36.692443716914994,0.8782258013449578
13,MANABÍ,1322,San Vicente,2014,39.140129994203065,0.8957513665675425
13,MANABÍ,1322,San Vicente,2015,44.338359951458244,0.9779315901000143
13,MANABÍ,1322,San Vicente,2016,43.99894637953719,0.919304913520885
13,MANABÍ,1322,San Vicente,2017,43.06364731449698,0.8507878483212146
13,MANABÍ,1322,San Vicente,2018,38.88969,0.7780989237119446
13,MANABÍ,1322,San Vicente,2019,34.52982,0.7049428973371485
13,MANABÍ,1322,San Vicente,2020,31.88161,0.7060346265345493
13,MANABÍ,1322,San Vicente,2021,31.617309999999993,0.6444015035162083
13,MANABÍ,1322,San Vicente,2022,33.808370000000004,0.6150681086600672
13,MANABÍ,1322,San Vicente,2023,37.83432,0.6426412667625822
13,MANABÍ,1322,San Vicente,2024,45.5189,0.7137677609334795
14,MORONA SANTIAGO,1401,Morona,2007,75.12551683059846,43.59102389170894
14,MORONA SANTIAGO,1401,Morona,2008,91.21282659080538,40.559041225171065
14,MORONA SANTIAGO,1401,Morona,2009,103.41357201333972,42.030638251494665
14,MORONA SANTIAGO,1401,Morona,2010,113.63914780401304,42.400759585059845
14,MORONA SANTIAGO,1401,Morona,2011,144.98888344918487,43.534780187296455
14,MORONA SANTIAGO,1401,Morona,2012,137.3724011190799,40.364638198782295
14,MORONA SANTIAGO,1401,Morona,2013,124.29958686147806,37.839524029928874
14,MORONA SANTIAGO,1401,Morona,2014,144.23322378340768,40.632681294675955
14,MORONA SANTIAGO,1401,Morona,2015,165.6152231016409,40.21535159259832
14,MORONA SANTIAGO,1401,Morona,2016,177.65216763228204,41.691748556761496
14,MORONA SANTIAGO,1401,Morona,2017,176.8821464883171,38.49490617808708
14,MORONA SANTIAGO,1401,Morona,2018,174.48975000000002,38.510089320185045
14,MORONA SANTIAGO,1401,Morona,2019,147.08497,32.97490219005542
14,MORONA SANTIAGO,1401,Morona,2020,132.286,31.370252764046146
14,MORONA SANTIAGO,1401,Morona,2021,139.4945,32.080999645646216
14,MORONA SANTIAGO,1401,Morona,2022,157.2342,32.481082490387784
14,MORONA SANTIAGO,1401,Morona,2023,172.34320000000002,32.46584904380111
14,MORONA SANTIAGO,1401,Morona,2024,175.06396,31.33866620419341
14,MORONA SANTIAGO,1402,Gualaquiza,2007,16.766960330338854,9.728904361473193
14,MORONA SANTIAGO,1402,Gualaquiza,2008,23.699878050061468,10.538477611008135
14,MORONA SANTIAGO,1402,Gualaquiza,2009,25.293539256543887,10.280116796029844
14,MORONA SANTIAGO,1402,Gualaquiza,2010,26.554953786006642,9.908119103591876
14,MORONA SANTIAGO,1402,Gualaquiza,2011,31.55850627898721,9.475848087185524
14,MORONA SANTIAGO,1402,Gualaquiza,2012,35.16342708523221,10.332199194030995
14,MORONA SANTIAGO,1402,Gualaquiza,2013,35.42353328441482,10.783701481118994
14,MORONA SANTIAGO,1402,Gualaquiza,2014,35.36577568368223,9.963074071283229
14,MORONA SANTIAGO,1402,Gualaquiza,2015,40.86789563449889,9.923706051963183
14,MORONA SANTIAGO,1402,Gualaquiza,2016,42.793024369154566,10.042748342227146
14,MORONA SANTIAGO,1402,Gualaquiza,2017,50.636736315720064,11.02008570303575
14,MORONA SANTIAGO,1402,Gualaquiza,2018,46.31424,10.221606250203735
14,MORONA SANTIAGO,1402,Gualaquiza,2019,50.06286,11.223566295417116
14,MORONA SANTIAGO,1402,Gualaquiza,2020,43.97986,10.429367618095359
14,MORONA SANTIAGO,1402,Gualaquiza,2021,50.63317,11.644636231736337
14,MORONA SANTIAGO,1402,Gualaquiza,2022,54.176759999999994,11.191711539995378
14,MORONA SANTIAGO,1402,Gualaquiza,2023,58.883239999999994,11.092369069681371
14,MORONA SANTIAGO,1402,Gualaquiza,2024,61.30870999999999,10.975035627548323
14,MORONA SANTIAGO,1403,Limón-Indanza,2007,9.933466231230845,5.763820098428977
14,MORONA SANTIAGO,1403,Limón-Indanza,2008,13.621653357178982,6.0570560163355855
14,MORONA SANTIAGO,1403,Limón-Indanza,2009,15.042586362140353,6.113796220794231
14,MORONA SANTIAGO,1403,Limón-Indanza,2010,16.531308310020584,6.168121134528007
14,MORONA SANTIAGO,1403,Limón-Indanza,2011,19.89442740730387,5.973558134425163
14,MORONA SANTIAGO,1403,Limón-Indanza,2012,20.83937659132425,6.123310719944489
14,MORONA SANTIAGO,1403,Limón-Indanza,2013,20.97937778788344,6.386583334522691
14,MORONA SANTIAGO,1403,Limón-Indanza,2014,24.784414809059804,6.982144623792455
14,MORONA SANTIAGO,1403,Limón-Indanza,2015,28.138233882490955,6.83263861610512
14,MORONA SANTIAGO,1403,Limón-Indanza,2016,27.921901802395908,6.552765016533011
14,MORONA SANTIAGO,1403,Limón-Indanza,2017,31.792341259623495,6.918975251421244
14,MORONA SANTIAGO,1403,Limón-Indanza,2018,21.34663,4.711225891405895
14,MORONA SANTIAGO,1403,Limón-Indanza,2019,22.342090000000002,5.0088614252796555
14,MORONA SANTIAGO,1403,Limón-Indanza,2020,23.68655,5.617019643864182
14,MORONA SANTIAGO,1403,Limón-Indanza,2021,22.728150000000003,5.227028822614469
14,MORONA SANTIAGO,1403,Limón-Indanza,2022,25.624080000000003,5.293364015082571
14,MORONA SANTIAGO,1403,Limón-Indanza,2023,29.761830000000003,5.606505391841808
14,MORONA SANTIAGO,1403,Limón-Indanza,2024,33.12481,5.929760549614711
14,MORONA SANTIAGO,1404,Palora,2007,7.111858884404448,4.1266033649204665
14,MORONA SANTIAGO,1404,Palora,2008,9.243553901237327,4.110273716538546
14,MORONA SANTIAGO,1404,Palora,2009,10.279225611148188,4.177811526633446
14,MORONA SANTIAGO,1404,Palora,2010,12.077067061742522,4.5061655853028695
14,MORONA SANTIAGO,1404,Palora,2011,15.659003486846048,4.701817536175971
14,MORONA SANTIAGO,1404,Palora,2012,15.4936793171425,4.552564815856238
14,MORONA SANTIAGO,1404,Palora,2013,14.510886458977495,4.417432517068296
14,MORONA SANTIAGO,1404,Palora,2014,12.952237921858343,3.648841381525224
14,MORONA SANTIAGO,1404,Palora,2015,16.602097521735885,4.03138779459579
14,MORONA SANTIAGO,1404,Palora,2016,15.025954497671417,3.5263195776982994
14,MORONA SANTIAGO,1404,Palora,2017,14.8037992008303,3.2217545559514247
14,MORONA SANTIAGO,1404,Palora,2018,46.83497,10.336531962526092
14,MORONA SANTIAGO,1404,Palora,2019,51.201539999999994,11.478846366696814
14,MORONA SANTIAGO,1404,Palora,2020,48.11682999999999,11.410407142892206
14,MORONA SANTIAGO,1404,Palora,2021,45.29717000000001,10.417460865616755
14,MORONA SANTIAGO,1404,Palora,2022,53.84835999999999,11.123871416855224
14,MORONA SANTIAGO,1404,Palora,2023,56.890649999999994,10.717006849726145
14,MORONA SANTIAGO,1404,Palora,2024,55.04446,9.853655534411972
14,MORONA SANTIAGO,1405,Santiago,2007,8.527134833496628,4.947806736464005
14,MORONA SANTIAGO,1405,Santiago,2008,11.293978597106648,5.02202333418778
14,MORONA SANTIAGO,1405,Santiago,2009,11.797014171745275,4.7946901499197985
14,MORONA SANTIAGO,1405,Santiago,2010,12.312561094490114,4.594032540126111
14,MORONA SANTIAGO,1405,Santiago,2011,17.869946344087094,5.36568161324776
14,MORONA SANTIAGO,1405,Santiago,2012,20.866198700144682,6.131191958893837
14,MORONA SANTIAGO,1405,Santiago,2013,20.364955444672706,6.199539679692548
14,MORONA SANTIAGO,1405,Santiago,2014,22.718277561809842,6.400082501929069
14,MORONA SANTIAGO,1405,Santiago,2015,27.688141440209243,6.723345367111809
14,MORONA SANTIAGO,1405,Santiago,2016,31.114456545087158,7.301999835111117
14,MORONA SANTIAGO,1405,Santiago,2017,35.14847883393182,7.649372318670114
14,MORONA SANTIAGO,1405,Santiago,2018,29.868209999999998,6.591948437854052
14,MORONA SANTIAGO,1405,Santiago,2019,32.71997,7.33547289306003
14,MORONA SANTIAGO,1405,Santiago,2020,31.435089999999995,7.4545055331670715
14,MORONA SANTIAGO,1405,Santiago,2021,32.974959999999996,7.583594192424776
14,MORONA SANTIAGO,1405,Santiago,2022,36.32128,7.503167197953575
14,MORONA SANTIAGO,1405,Santiago,2023,36.81494,6.9351635840381
14,MORONA SANTIAGO,1405,Santiago,2024,32.53818,5.824746349345473
14,MORONA SANTIAGO,1406,Sucúa,2007,23.240187968178887,13.484946682670593
14,MORONA SANTIAGO,1406,Sucúa,2008,32.508669558577864,14.455428233979708
14,MORONA SANTIAGO,1406,Sucúa,2009,34.11123886406256,13.863916631956187
14,MORONA SANTIAGO,1406,Sucúa,2010,36.88272092877497,13.76159020165247
14,MORONA SANTIAGO,1406,Sucúa,2011,39.30136559586357,11.800741350464653
14,MORONA SANTIAGO,1406,Sucúa,2012,40.102022232316294,11.783324781837466
14,MORONA SANTIAGO,1406,Sucúa,2013,43.208376014259315,13.153578573900065
14,MORONA SANTIAGO,1406,Sucúa,2014,45.902148183316996,12.931329612895118
14,MORONA SANTIAGO,1406,Sucúa,2015,49.664637990993164,12.059766252895363
14,MORONA SANTIAGO,1406,Sucúa,2016,47.16128297083613,11.067899578372966
14,MORONA SANTIAGO,1406,Sucúa,2017,51.73622714401375,11.259368169463919
14,MORONA SANTIAGO,1406,Sucúa,2018,51.648509999999995,11.398885799048198
14,MORONA SANTIAGO,1406,Sucúa,2019,52.77932,11.832568036405322
14,MORONA SANTIAGO,1406,Sucúa,2020,52.19768,12.378138391793508
14,MORONA SANTIAGO,1406,Sucúa,2021,52.051460000000006,11.970815120419575
14,MORONA SANTIAGO,1406,Sucúa,2022,55.92484,11.552825920198904
14,MORONA SANTIAGO,1406,Sucúa,2023,60.60539,11.416786058171677
14,MORONA SANTIAGO,1406,Sucúa,2024,68.99825,12.351560683441
14,MORONA SANTIAGO,1407,Huamboya,2007,5.211732038833387,3.0240688571135297
14,MORONA SANTIAGO,1407,Huamboya,2008,7.171583413176922,3.188943465261682
14,MORONA SANTIAGO,1407,Huamboya,2009,7.639003049888756,3.1047392285272037
14,MORONA SANTIAGO,1407,Huamboya,2010,8.738312493621171,3.2604176851110798
14,MORONA SANTIAGO,1407,Huamboya,2011,11.330877556324916,3.402241965099769
14,MORONA SANTIAGO,1407,Huamboya,2012,12.075348293586114,3.548144030563854
14,MORONA SANTIAGO,1407,Huamboya,2013,12.899739767261742,3.9269640811204023
14,MORONA SANTIAGO,1407,Huamboya,2014,13.499106684826284,3.802902585822082
14,MORONA SANTIAGO,1407,Huamboya,2015,15.40935614858981,3.7417615586629362
14,MORONA SANTIAGO,1407,Huamboya,2016,15.055144009306211,3.533169827801025
14,MORONA SANTIAGO,1407,Huamboya,2017,18.32895424515032,3.9889349378520502
14,MORONA SANTIAGO,1407,Huamboya,2018,13.1353,2.898975878224518
14,MORONA SANTIAGO,1407,Huamboya,2019,14.377300000000002,3.2232393374869224
14,MORONA SANTIAGO,1407,Huamboya,2020,15.52042,3.6805066175117327
14,MORONA SANTIAGO,1407,Huamboya,2021,15.582960000000002,3.583775232988535
14,MORONA SANTIAGO,1407,Huamboya,2022,16.350179999999998,3.3775829006201485
14,MORONA SANTIAGO,1407,Huamboya,2023,18.298050000000003,3.44696935588944
14,MORONA SANTIAGO,1407,Huamboya,2024,19.686179999999997,3.5240755656142366
14,MORONA SANTIAGO,1408,San Juan Bosco,2007,5.618078059730177,3.2598481216363178
14,MORONA SANTIAGO,1408,San Juan Bosco,2008,7.439412386983927,3.308037311992977
14,MORONA SANTIAGO,1408,San Juan Bosco,2009,8.383144065124043,3.407182333532994
14,MORONA SANTIAGO,1408,San Juan Bosco,2010,8.78309244628532,3.2771258710121
14,MORONA SANTIAGO,1408,San Juan Bosco,2011,10.650330858944344,3.197899051540899
14,MORONA SANTIAGO,1408,San Juan Bosco,2012,11.023416552122882,3.239051055496965
14,MORONA SANTIAGO,1408,San Juan Bosco,2013,10.444579610128374,3.179559410606863
14,MORONA SANTIAGO,1408,San Juan Bosco,2014,10.306075179368316,2.9033773022441234
14,MORONA SANTIAGO,1408,San Juan Bosco,2015,12.777393578957247,3.1026578691948914
14,MORONA SANTIAGO,1408,San Juan Bosco,2016,14.079161997612609,3.304124513185579
14,MORONA SANTIAGO,1408,San Juan Bosco,2017,15.64314452186649,3.4044214899850336
14,MORONA SANTIAGO,1408,San Juan Bosco,2018,11.36546,2.5083701464698662
14,MORONA SANTIAGO,1408,San Juan Bosco,2019,10.822700000000001,2.4263354300056137
14,MORONA SANTIAGO,1408,San Juan Bosco,2020,10.464139999999999,2.4814622617538196
14,MORONA SANTIAGO,1408,San Juan Bosco,2021,11.47482,2.6389835897032072
14,MORONA SANTIAGO,1408,San Juan Bosco,2022,13.30665,2.7488574134680537
14,MORONA SANTIAGO,1408,San Juan Bosco,2023,13.65551,2.572412060795647
14,MORONA SANTIAGO,1408,San Juan Bosco,2024,14.924509999999998,2.67167632419115
14,MORONA SANTIAGO,1409,Taisha,2007,7.960415330504558,4.618971948537955
14,MORONA SANTIAGO,1409,Taisha,2008,11.88595744401406,5.285254892221388
14,MORONA SANTIAGO,1409,Taisha,2009,11.50594360244052,4.676389606133083
14,MORONA SANTIAGO,1409,Taisha,2010,13.210328472792991,4.929005298249748
14,MORONA SANTIAGO,1409,Taisha,2011,16.8450842732165,5.057953572888817
14,MORONA SANTIAGO,1409,Taisha,2012,20.344036404317254,5.977763089772963
14,MORONA SANTIAGO,1409,Taisha,2013,20.128058586098472,6.127423073362841
14,MORONA SANTIAGO,1409,Taisha,2014,18.411991702678325,5.186936624106781
14,MORONA SANTIAGO,1409,Taisha,2015,22.980793648435252,5.580288328214782
14,MORONA SANTIAGO,1409,Taisha,2016,22.60336775981488,5.30460133269417
14,MORONA SANTIAGO,1409,Taisha,2017,26.505261152590347,5.768346673484385
14,MORONA SANTIAGO,1409,Taisha,2018,28.683370000000004,6.3304528816387
14,MORONA SANTIAGO,1409,Taisha,2019,33.851620000000004,7.589176912331178
14,MORONA SANTIAGO,1409,Taisha,2020,30.86148,7.318479871434278
14,MORONA SANTIAGO,1409,Taisha,2021,31.043179999999992,7.139322672791626
14,MORONA SANTIAGO,1409,Taisha,2022,34.290229999999994,7.083597520414578
14,MORONA SANTIAGO,1409,Taisha,2023,39.689949999999996,7.476755249154092
14,MORONA SANTIAGO,1409,Taisha,2024,48.82689,8.740631752525587
14,MORONA SANTIAGO,1410,Logroño,2007,4.466889770983167,2.5918796561177198
14,MORONA SANTIAGO,1410,Logroño,2008,5.517545599310093,2.453452741116323
14,MORONA SANTIAGO,1410,Logroño,2009,5.937160524791248,2.4130550893877425
14,MORONA SANTIAGO,1410,Logroño,2010,6.832422151257004,2.5492965638805605
14,MORONA SANTIAGO,1410,Logroño,2011,12.126656242290846,3.6411847677968066
14,MORONA SANTIAGO,1410,Logroño,2012,13.091453082869494,3.846709840416157
14,MORONA SANTIAGO,1410,Logroño,2013,10.49542241342771,3.195037076508828
14,MORONA SANTIAGO,1410,Logroño,2014,11.48570201934011,3.2356960300512285
14,MORONA SANTIAGO,1410,Logroño,2015,13.994221629936666,3.3981329286816706
14,MORONA SANTIAGO,1410,Logroño,2016,13.962030425898476,3.276635853176252
14,MORONA SANTIAGO,1410,Logroño,2017,19.585670290801076,4.262434368010863
14,MORONA SANTIAGO,1410,Logroño,2018,11.061950000000001,2.441385138986221
14,MORONA SANTIAGO,1410,Logroño,2019,11.550040000000001,2.5893974026797415
14,MORONA SANTIAGO,1410,Logroño,2020,12.788279999999999,3.03260795562188
14,MORONA SANTIAGO,1410,Logroño,2021,11.912420000000001,2.7396230087837794
14,MORONA SANTIAGO,1410,Logroño,2022,13.415700000000001,2.7713847137982413
14,MORONA SANTIAGO,1410,Logroño,2023,16.46785,3.1021980105740172
14,MORONA SANTIAGO,1410,Logroño,2024,20.133280000000003,3.6041121285932483
14,MORONA SANTIAGO,1411,Pablo VI,2007,2.3435605099652204,1.3598336023686521
14,MORONA SANTIAGO,1411,Pablo VI,2008,2.9606338599523823,1.3164866748088544
14,MORONA SANTIAGO,1411,Pablo VI,2009,3.4497857694783165,1.4021051096019932
14,MORONA SANTIAGO,1411,Pablo VI,2010,4.086482849945721,1.5247384393259227
14,MORONA SANTIAGO,1411,Pablo VI,2011,4.060538920827874,1.2192291240187303
14,MORONA SANTIAGO,1411,Pablo VI,2012,4.617166376450742,1.3566789891621944
14,MORONA SANTIAGO,1411,Pablo VI,2013,5.485514374155758,1.6699110449072236
14,MORONA SANTIAGO,1411,Pablo VI,2014,6.046695935946743,1.7034457277339206
14,MORONA SANTIAGO,1411,Pablo VI,2015,7.235599501791323,1.7569772421777101
14,MORONA SANTIAGO,1411,Pablo VI,2016,7.232049769260332,1.6972311936778006
14,MORONA SANTIAGO,1411,Pablo VI,2017,6.438970721932499,1.4013148231475843
14,MORONA SANTIAGO,1411,Pablo VI,2018,6.58009,1.4522334614775734
14,MORONA SANTIAGO,1411,Pablo VI,2019,6.638700000000001,1.4883266670219326
14,MORONA SANTIAGO,1411,Pablo VI,2020,6.670190000000001,1.581766371983528
14,MORONA SANTIAGO,1411,Pablo VI,2021,7.5013000000000005,1.7251519066478316
14,MORONA SANTIAGO,1411,Pablo VI,2022,8.68961,1.7950798186355044
14,MORONA SANTIAGO,1411,Pablo VI,2023,9.153189999999999,1.7242692767061873
14,MORONA SANTIAGO,1411,Pablo VI,2024,10.171190000000003,1.8207718385293585
14,MORONA SANTIAGO,1412,Tiwintza,2007,6.035911159656396,3.5022926785596478
14,MORONA SANTIAGO,1412,Tiwintza,2008,8.333318015839815,3.705524777377952
14,MORONA SANTIAGO,1412,Tiwintza,2009,9.191093010176797,3.7355590559888103
14,MORONA SANTIAGO,1412,Tiwintza,2010,8.363659262540606,3.120627992159406
14,MORONA SANTIAGO,1412,Tiwintza,2011,8.75587612155946,2.6290646098594532
14,MORONA SANTIAGO,1412,Tiwintza,2012,9.340057007798267,2.7444233252425465
14,MORONA SANTIAGO,1412,Tiwintza,2013,10.25138161258675,3.1207456972623655
14,MORONA SANTIAGO,1412,Tiwintza,2014,9.262861565028018,2.6094882439408127
14,MORONA SANTIAGO,1412,Tiwintza,2015,10.847306504672277,2.633986397798429
14,MORONA SANTIAGO,1412,Tiwintza,2016,11.508157860409591,2.700756372761135
14,MORONA SANTIAGO,1412,Tiwintza,2017,11.99321097410093,2.6100855308905526
14,MORONA SANTIAGO,1412,Tiwintza,2018,11.772910000000001,2.598294831980101
14,MORONA SANTIAGO,1412,Tiwintza,2019,12.62016,2.8293070435602616
14,MORONA SANTIAGO,1412,Tiwintza,2020,13.68597,3.245485827836299
14,MORONA SANTIAGO,1412,Tiwintza,2021,14.12559,3.248608710626897
14,MORONA SANTIAGO,1412,Tiwintza,2022,14.897420000000002,3.07747505259004
14,MORONA SANTIAGO,1412,Tiwintza,2023,18.280780000000004,3.4437160496203996
14,MORONA SANTIAGO,1412,Tiwintza,2024,18.79927,3.3653074419915274
15,NAPO,1501,Tena,2007,77.322571365445,63.29914933587608
15,NAPO,1501,Tena,2008,96.71326873336382,64.42120682870556
15,NAPO,1501,Tena,2009,112.80105985935995,65.28008267776183
15,NAPO,1501,Tena,2010,135.78936220917407,67.91290251451078
15,NAPO,1501,Tena,2011,167.017165748497,67.72958862546415
15,NAPO,1501,Tena,2012,168.62613777760663,66.93527377098712
15,NAPO,1501,Tena,2013,173.6837476691149,66.69659450662745
15,NAPO,1501,Tena,2014,174.8854055092521,64.9331669545848
15,NAPO,1501,Tena,2015,204.29314929683292,66.52482033242919
15,NAPO,1501,Tena,2016,224.6725016908601,58.86865085071224
15,NAPO,1501,Tena,2017,205.48224129193906,48.60992957437723
15,NAPO,1501,Tena,2018,330.84073,62.15649495706666
15,NAPO,1501,Tena,2019,279.18319,56.079943076233974
15,NAPO,1501,Tena,2020,203.40694,48.40742621689118
15,NAPO,1501,Tena,2021,245.65016999999997,54.3829060907595
15,NAPO,1501,Tena,2022,280.61502,54.76329491273879
15,NAPO,1501,Tena,2023,266.57441000000006,53.8864175100367
15,NAPO,1501,Tena,2024,332.91115,56.53271844188343
15,NAPO,1503,Archidona,2007,17.197475194107,14.078496502229438
15,NAPO,1503,Archidona,2008,18.984130991944017,12.645427510748226
15,NAPO,1503,Archidona,2009,22.640753101208446,13.102627193188024
15,NAPO,1503,Archidona,2010,24.87433862237881,12.440507168538806
15,NAPO,1503,Archidona,2011,34.77978961163702,14.104064287760584
15,NAPO,1503,Archidona,2012,36.69038893995758,14.564060238982696
15,NAPO,1503,Archidona,2013,37.917516401408015,14.560770653918913
15,NAPO,1503,Archidona,2014,43.70419120105878,16.226920340264257
15,NAPO,1503,Archidona,2015,48.06822982133943,15.652655821151873
15,NAPO,1503,Archidona,2016,47.09642379677066,12.34019698870009
15,NAPO,1503,Archidona,2017,58.958984944851196,13.947638919677363
15,NAPO,1503,Archidona,2018,36.52124,6.861405093278029
15,NAPO,1503,Archidona,2019,43.734289999999994,8.784971952213557
15,NAPO,1503,Archidona,2020,40.189,9.564305191507428
15,NAPO,1503,Archidona,2021,40.79896,9.03221850113376
15,NAPO,1503,Archidona,2022,46.685649999999995,9.110916511678182
15,NAPO,1503,Archidona,2023,48.501039999999996,9.804194225210852
15,NAPO,1503,Archidona,2024,76.72804000000001,13.029436478524586
15,NAPO,1504,El Chaco,2007,10.084938206177775,8.255907664255616
15,NAPO,1504,El Chaco,2008,11.568536942258186,7.705862089279574
15,NAPO,1504,El Chaco,2009,12.621814668411602,7.304480171769652
15,NAPO,1504,El Chaco,2010,13.96835053564435,6.986049663849431
15,NAPO,1504,El Chaco,2011,16.728148060891055,6.783677483403844
15,NAPO,1504,El Chaco,2012,18.35550297877598,7.286122028774241
15,NAPO,1504,El Chaco,2013,20.12281539870308,7.727396932589792
15,NAPO,1504,El Chaco,2014,20.496600170256016,7.610178545094177
15,NAPO,1504,El Chaco,2015,21.97012471655143,7.15422227558907
15,NAPO,1504,El Chaco,2016,78.49075995566005,20.566135633254447
15,NAPO,1504,El Chaco,2017,124.84605508995928,29.534221095727432
15,NAPO,1504,El Chaco,2018,126.33031,23.734227875871476
15,NAPO,1504,El Chaco,2019,130.12492999999998,26.138388443798956
15,NAPO,1504,El Chaco,2020,132.10679000000002,31.439191257069886
15,NAPO,1504,El Chaco,2021,124.24828,27.506525003334588
15,NAPO,1504,El Chaco,2022,140.61113,27.44090027755269
15,NAPO,1504,El Chaco,2023,131.70769000000004,26.623919275006504
15,NAPO,1504,El Chaco,2024,73.10137999999999,12.413581621562175
15,NAPO,1507,Quijos,2007,12.002263430104987,9.8255018142123
15,NAPO,1507,Quijos,2008,15.838496564373289,10.550104203822059
15,NAPO,1507,Quijos,2009,17.33188507319418,10.030285991552224
15,NAPO,1507,Quijos,2010,17.97693250514228,8.990878555354056
15,NAPO,1507,Quijos,2011,20.390620832189637,8.268900712048225
15,NAPO,1507,Quijos,2012,21.502554303057046,8.535327785001167
15,NAPO,1507,Quijos,2013,21.77179955894782,8.360626174586695
15,NAPO,1507,Quijos,2014,23.282119599268864,8.64441349233088
15,NAPO,1507,Quijos,2015,25.40910234247006,8.274070735896826
15,NAPO,1507,Quijos,2016,23.82486855710414,6.242588025223083
15,NAPO,1507,Quijos,2017,25.93804436027568,6.136036387975371
15,NAPO,1507,Quijos,2018,26.64784,5.006446251574645
15,NAPO,1507,Quijos,2019,27.71335,5.566821879396637
15,NAPO,1507,Quijos,2020,29.71559,7.071809990437836
15,NAPO,1507,Quijos,2021,28.17767,6.2380725462816144
15,NAPO,1507,Quijos,2022,31.112579999999994,6.071761212340587
15,NAPO,1507,Quijos,2023,32.52675,6.575087348949158
15,NAPO,1507,Quijos,2024,85.42746000000001,14.506713107642263
15,NAPO,1509,Carlos Julio Arosemena Tola,2007,5.54695478588028,4.540944683426562
15,NAPO,1509,Carlos Julio Arosemena Tola,2008,7.022013468325193,4.677399367444578
15,NAPO,1509,Carlos Julio Arosemena Tola,2009,7.400009656725214,4.282523965728267
15,NAPO,1509,Carlos Julio Arosemena Tola,2010,7.337355013942518,3.669662097746927
15,NAPO,1509,Carlos Julio Arosemena Tola,2011,7.678370200954071,3.1137688913232062
15,NAPO,1509,Carlos Julio Arosemena Tola,2012,6.749593310380305,2.679216176254769
15,NAPO,1509,Carlos Julio Arosemena Tola,2013,6.912840418298756,2.6546117322771527
15,NAPO,1509,Carlos Julio Arosemena Tola,2014,6.963080264711537,2.5853206677258678
15,NAPO,1509,Carlos Julio Arosemena Tola,2015,7.352518277657334,2.394230834933037
15,NAPO,1509,Carlos Julio Arosemena Tola,2016,7.565948336778636,1.982428502110135
15,NAPO,1509,Carlos Julio Arosemena Tola,2017,7.491273763163573,1.7721740222426052
15,NAPO,1509,Carlos Julio Arosemena Tola,2018,11.930449999999999,2.2414258222091816
15,NAPO,1509,Carlos Julio Arosemena Tola,2019,17.074969999999997,3.4298746483568823
15,NAPO,1509,Carlos Julio Arosemena Tola,2020,14.77948,3.5172673440936624
15,NAPO,1509,Carlos Julio Arosemena Tola,2021,12.82967,2.8402778584905293
15,NAPO,1509,Carlos Julio Arosemena Tola,2022,13.39004,2.613127085689743
15,NAPO,1509,Carlos Julio Arosemena Tola,2023,15.386959999999997,3.1103816407967817
15,NAPO,1509,Carlos Julio Arosemena Tola,2024,20.71423,3.5175503503875287
16,PASTAZA,1601,Pastaza,2007,887.5242103508434,89.67318630024242
16,PASTAZA,1601,Pastaza,2008,1257.111431142841,90.04338471832916
16,PASTAZA,1601,Pastaza,2009,697.7045033346016,88.03104706485398
16,PASTAZA,1601,Pastaza,2010,688.7973679024806,86.81032338207257
16,PASTAZA,1601,Pastaza,2011,1333.8916960447862,96.12453541181317
16,PASTAZA,1601,Pastaza,2012,1240.0431254048954,96.05005802701922
16,PASTAZA,1601,Pastaza,2013,1244.6235100566892,95.98791670240503
16,PASTAZA,1601,Pastaza,2014,1184.3280399879952,95.80425997590645
16,PASTAZA,1601,Pastaza,2015,649.7178038377522,92.2843169025614
16,PASTAZA,1601,Pastaza,2016,571.8346824617066,91.56451563678505
16,PASTAZA,1601,Pastaza,2017,729.7658126858498,92.19835633040593
16,PASTAZA,1601,Pastaza,2018,818.09576,93.40395885957297
16,PASTAZA,1601,Pastaza,2019,715.0824,91.3977014452491
16,PASTAZA,1601,Pastaza,2020,540.15364,88.59094715032488
16,PASTAZA,1601,Pastaza,2021,823.83772,92.57481495998047
16,PASTAZA,1601,Pastaza,2022,1048.50772,93.9932077072787
16,PASTAZA,1601,Pastaza,2023,933.7120799999998,92.77354136408886
16,PASTAZA,1601,Pastaza,2024,818.5108699999998,91.6333564900867
16,PASTAZA,1602,Mera,2007,14.3212893830871,1.4469866127951458
16,PASTAZA,1602,Mera,2008,16.505477979468353,1.1822413406217025
16,PASTAZA,1602,Mera,2009,19.917631898125837,2.5130552872517153
16,PASTAZA,1602,Mera,2010,22.029146923401626,2.7763714807377635
16,PASTAZA,1602,Mera,2011,24.799846272465437,1.7871568646043112
16,PASTAZA,1602,Mera,2012,23.695345021801185,1.8353710590275736
16,PASTAZA,1602,Mera,2013,23.30022453562752,1.7969610840560775
16,PASTAZA,1602,Mera,2014,22.218920098567622,1.7973628299205364
16,PASTAZA,1602,Mera,2015,21.98413501596663,3.1225724009077513
16,PASTAZA,1602,Mera,2016,22.3024251951603,3.5711558307889724
16,PASTAZA,1602,Mera,2017,25.940240836556484,3.2772809117257733
16,PASTAZA,1602,Mera,2018,30.746430000000004,3.510393798885769
16,PASTAZA,1602,Mera,2019,36.40597999999999,4.653202051765935
16,PASTAZA,1602,Mera,2020,34.74633999999999,5.698769651181502
16,PASTAZA,1602,Mera,2021,32.92666,3.699975593191084
16,PASTAZA,1602,Mera,2022,31.25107,2.801494216546833
16,PASTAZA,1602,Mera,2023,31.646870000000003,3.1444299221114753
16,PASTAZA,1602,Mera,2024,29.841319999999996,3.3407745870189283
16,PASTAZA,1603,Santa Clara,2007,6.011040833585436,0.6073402598396611
16,PASTAZA,1603,Santa Clara,2008,6.806872111913862,0.4875572595377049
16,PASTAZA,1603,Santa Clara,2009,8.573281939344056,1.0817115014960954
16,PASTAZA,1603,Santa Clara,2010,9.829668291530796,1.2388500927708321
16,PASTAZA,1603,Santa Clara,2011,14.062683350458972,1.013402293240547
16,PASTAZA,1603,Santa Clara,2012,12.661973638080662,0.9807588766536893
16,PASTAZA,1603,Santa Clara,2013,13.040767089084968,1.0057306928305885
16,PASTAZA,1603,Santa Clara,2014,13.012906598010376,1.0526575785291812
16,PASTAZA,1603,Santa Clara,2015,13.146647666030098,1.8673174603680847
16,PASTAZA,1603,Santa Clara,2016,12.2486345154012,1.9613016156812473
16,PASTAZA,1603,Santa Clara,2017,13.785525713749575,1.7416584743541543
16,PASTAZA,1603,Santa Clara,2018,10.80023,1.2330882127954383
16,PASTAZA,1603,Santa Clara,2019,11.437289999999999,1.4618483363074424
16,PASTAZA,1603,Santa Clara,2020,13.39213,2.1964518855418254
16,PASTAZA,1603,Santa Clara,2021,10.990600000000002,1.235015994775235
16,PASTAZA,1603,Santa Clara,2022,12.203490000000002,1.0939787551814102
16,PASTAZA,1603,Santa Clara,2023,12.65971,1.2578675530709313
16,PASTAZA,1603,Santa Clara,2024,16.32616,1.8277348465686158
16,PASTAZA,1604,Arajuno,2007,81.87544841216425,8.272486827122771
16,PASTAZA,1604,Arajuno,2008,115.6936959966658,8.286816681511427
16,PASTAZA,1604,Arajuno,2009,66.37098592954192,8.374186146398213
16,PASTAZA,1604,Arajuno,2010,72.794804123957,9.174455044418846
16,PASTAZA,1604,Arajuno,2011,14.91614416053026,1.0749054303419703
16,PASTAZA,1604,Arajuno,2012,14.637948703363294,1.1338120372995093
16,PASTAZA,1604,Arajuno,2013,15.681527125997546,1.2093915207082968
16,PASTAZA,1604,Arajuno,2014,16.635726586371863,1.3457196156438411
16,PASTAZA,1604,Arajuno,2015,19.190653997963498,2.725793236162764
16,PASTAZA,1604,Arajuno,2016,18.129855911645304,2.903026916744724
16,PASTAZA,1604,Arajuno,2017,22.025581949050277,2.782704283514143
16,PASTAZA,1604,Arajuno,2018,16.22598,1.8525591287458252
16,PASTAZA,1604,Arajuno,2019,19.45987,2.4872481666775177
16,PASTAZA,1604,Arajuno,2020,21.424409999999998,3.513831312951796
16,PASTAZA,1604,Arajuno,2021,22.160619999999998,2.4901934520532056
16,PASTAZA,1604,Arajuno,2022,23.55207,2.1113193209930468
16,PASTAZA,1604,Arajuno,2023,28.423549999999995,2.824161160728742
16,PASTAZA,1604,Arajuno,2024,28.567190000000004,3.198134076325756
17,PICHINCHA,1701,Quito,2007,10460.262155974806,84.09993424961739
17,PICHINCHA,1701,Quito,2008,12719.53445295649,90.22605547051977
17,PICHINCHA,1701,Quito,2009,13317.966865846092,89.9672427391504
17,PICHINCHA,1701,Quito,2010,15162.015596169562,90.1991022133916
17,PICHINCHA,1701,Quito,2011,17173.667612243666,90.52632832443662
17,PICHINCHA,1701,Quito,2012,19562.127610544645,91.4710501893049
17,PICHINCHA,1701,Quito,2013,22262.61395525866,91.56643502884107
17,PICHINCHA,1701,Quito,2014,24964.072106365882,91.94897012761739
17,PICHINCHA,1701,Quito,2015,24144.22416627065,91.58871409897404
17,PICHINCHA,1701,Quito,2016,24321.763738501166,91.3691390612652
17,PICHINCHA,1701,Quito,2017,25724.906422809698,91.94669606435201
17,PICHINCHA,1701,Quito,2018,25615.001650000002,90.6157538252421
17,PICHINCHA,1701,Quito,2019,25282.105580000003,90.11852728314615
17,PICHINCHA,1701,Quito,2020,21918.040450000004,89.78534626186189
17,PICHINCHA,1701,Quito,2021,24460.635370000004,89.92376485874367
17,PICHINCHA,1701,Quito,2022,25183.672450000002,89.87804714788945
17,PICHINCHA,1701,Quito,2023,27140.555869999997,90.33055851761775
17,PICHINCHA,1701,Quito,2024,26875.922139999995,90.3113371396668
17,PICHINCHA,1702,Cayambe,2007,330.2167105378685,2.6549242485760285
17,PICHINCHA,1702,Cayambe,2008,402.9800895080894,2.8585404634067126
17,PICHINCHA,1702,Cayambe,2009,422.076500213883,2.85126546204401
17,PICHINCHA,1702,Cayambe,2010,487.189571381596,2.8982994818610246
17,PICHINCHA,1702,Cayambe,2011,455.2891991405324,2.3999334594423885
17,PICHINCHA,1702,Cayambe,2012,404.53074445049407,1.8915555999543852
17,PICHINCHA,1702,Cayambe,2013,455.17149769934497,1.8721265820280046
17,PICHINCHA,1702,Cayambe,2014,487.992493380183,1.7973993587718382
17,PICHINCHA,1702,Cayambe,2015,400.3200347987811,1.5185742545621914
17,PICHINCHA,1702,Cayambe,2016,380.6965890524104,1.430156133381739
17,PICHINCHA,1702,Cayambe,2017,340.3788398915007,1.216591781670796
17,PICHINCHA,1702,Cayambe,2018,484.11151000000007,1.7125952210948319
17,PICHINCHA,1702,Cayambe,2019,533.0558,1.9000871388552794
17,PICHINCHA,1702,Cayambe,2020,481.56495,1.9726889309270437
17,PICHINCHA,1702,Cayambe,2021,525.80187,1.9329867358293278
17,PICHINCHA,1702,Cayambe,2022,541.63421,1.933039160985826
17,PICHINCHA,1702,Cayambe,2023,609.78747,2.0295252243905155
17,PICHINCHA,1702,Cayambe,2024,624.3387100000001,2.097969455129352
17,PICHINCHA,1703,Mejía,2007,220.94003064139275,1.776345733308057
17,PICHINCHA,1703,Mejía,2008,277.75492577982135,1.9702553920749215
17,PICHINCHA,1703,Mejía,2009,285.13573475682887,1.9261855898035296
17,PICHINCHA,1703,Mejía,2010,333.20470611695833,1.982240761750666
17,PICHINCHA,1703,Mejía,2011,377.9266362819125,1.9921377035511791
17,PICHINCHA,1703,Mejía,2012,361.49155957375245,1.6903075803961691
17,PICHINCHA,1703,Mejía,2013,387.09197562149365,1.592114578600903
17,PICHINCHA,1703,Mejía,2014,373.05616283574557,1.3740598819917857
17,PICHINCHA,1703,Mejía,2015,396.130622598583,1.5026821358672895
17,PICHINCHA,1703,Mejía,2016,364.94580245919724,1.3709854323572297
17,PICHINCHA,1703,Mejía,2017,373.3235555930607,1.334343726488443
17,PICHINCHA,1703,Mejía,2018,593.65548,2.1001184996092293
17,PICHINCHA,1703,Mejía,2019,604.66609,2.155343325991217
17,PICHINCHA,1703,Mejía,2020,534.47014,2.1894104400435026
17,PICHINCHA,1703,Mejía,2021,601.68258,2.211944294377592
17,PICHINCHA,1703,Mejía,2022,632.9484599999998,2.2589307275581247
17,PICHINCHA,1703,Mejía,2023,611.0998500000001,2.033893153292016
17,PICHINCHA,1703,Mejía,2024,610.4449299999999,2.051282095224521
17,PICHINCHA,1704,Pedro Moncayo,2007,89.25734322087895,0.7176241459573542
17,PICHINCHA,1704,Pedro Moncayo,2008,105.84834513471084,0.7508355510108551
17,PICHINCHA,1704,Pedro Moncayo,2009,107.70969589283686,0.7276143913979692
17,PICHINCHA,1704,Pedro Moncayo,2010,114.6561590034105,0.6820915424962504
17,PICHINCHA,1704,Pedro Moncayo,2011,158.20599971612373,0.8339399944474915
17,PICHINCHA,1704,Pedro Moncayo,2012,199.71602741648053,0.9338572537260359
17,PICHINCHA,1704,Pedro Moncayo,2013,229.61984112654702,0.9444295403092295
17,PICHINCHA,1704,Pedro Moncayo,2014,239.60786777967928,0.8825361737037164
17,PICHINCHA,1704,Pedro Moncayo,2015,256.00781139360345,0.9711401817412192
17,PICHINCHA,1704,Pedro Moncayo,2016,274.1436609854081,1.0298706357256844
17,PICHINCHA,1704,Pedro Moncayo,2017,276.778313829749,0.9892689629511283
17,PICHINCHA,1704,Pedro Moncayo,2018,303.93782,1.0752119032286198
17,PICHINCHA,1704,Pedro Moncayo,2019,304.72447000000005,1.086195941103148
17,PICHINCHA,1704,Pedro Moncayo,2020,278.16245000000004,1.1394682817230517
17,PICHINCHA,1704,Pedro Moncayo,2021,313.10146,1.1510437746233135
17,PICHINCHA,1704,Pedro Moncayo,2022,319.9852,1.14199566998525
17,PICHINCHA,1704,Pedro Moncayo,2023,338.49296999999996,1.1265892703467029
17,PICHINCHA,1704,Pedro Moncayo,2024,345.19938,1.1599757368393673
17,PICHINCHA,1705,Rumiñahui,2007,321.7509499533362,2.586859997612156
17,PICHINCHA,1705,Rumiñahui,2008,391.21282801847576,2.7750693590337683
17,PICHINCHA,1705,Rumiñahui,2009,453.163965901476,3.061271508750224
17,PICHINCHA,1705,Rumiñahui,2010,503.57010459897344,2.995747567216995
17,PICHINCHA,1705,Rumiñahui,2011,653.9214546214064,3.4469694905034194
17,PICHINCHA,1705,Rumiñahui,2012,712.8462725785561,3.333216022021267
17,PICHINCHA,1705,Rumiñahui,2013,829.4195338696251,3.4114138623773425
17,PICHINCHA,1705,Rumiñahui,2014,915.8144938728994,3.373175625385452
17,PICHINCHA,1705,Rumiñahui,2015,990.5379451875963,3.757507221653047
17,PICHINCHA,1705,Rumiñahui,2016,1111.1742236283467,4.174328525331215
17,PICHINCHA,1705,Rumiñahui,2017,1097.2512253153136,3.921826702189645
17,PICHINCHA,1705,Rumiñahui,2018,1087.1878399999998,3.846040965265238
17,PICHINCHA,1705,Rumiñahui,2019,1159.0157800000002,4.131332924823856
17,PICHINCHA,1705,Rumiñahui,2020,1043.3267100000003,4.273897118462484
17,PICHINCHA,1705,Rumiñahui,2021,1154.1738300000002,4.2430482497738815
17,PICHINCHA,1705,Rumiñahui,2022,1188.27263,4.240828007739061
17,PICHINCHA,1705,Rumiñahui,2023,1210.4916899999998,4.0288191208161495
17,PICHINCHA,1705,Rumiñahui,2024,1159.32229,3.8956782818585958
17,PICHINCHA,1706,Santo Domingo,2007,850.9544488257416,6.841627114936778
17,PICHINCHA,1706,Santo Domingo,2008,,
17,PICHINCHA,1706,Santo Domingo,2009,,
17,PICHINCHA,1706,Santo Domingo,2010,,
17,PICHINCHA,1706,Santo Domingo,2011,,
17,PICHINCHA,1706,Santo Domingo,2012,,
17,PICHINCHA,1706,Santo Domingo,2013,,
17,PICHINCHA,1706,Santo Domingo,2014,,
17,PICHINCHA,1706,Santo Domingo,2015,,
17,PICHINCHA,1706,Santo Domingo,2016,,
17,PICHINCHA,1706,Santo Domingo,2017,,
17,PICHINCHA,1706,Santo Domingo,2018,,
17,PICHINCHA,1706,Santo Domingo,2019,,
17,PICHINCHA,1706,Santo Domingo,2020,,
17,PICHINCHA,1706,Santo Domingo,2021,,
17,PICHINCHA,1706,Santo Domingo,2022,,
17,PICHINCHA,1706,Santo Domingo,2023,,
17,PICHINCHA,1706,Santo Domingo,2024,,
17,PICHINCHA,1707,San Miguel De Los Bancos,2007,35.7699209967288,0.2875882037259092
17,PICHINCHA,1707,San Miguel De Los Bancos,2008,39.97064802979136,0.28353191067384687
17,PICHINCHA,1707,San Miguel De Los Bancos,2009,43.91726552069359,0.2966755607173487
17,PICHINCHA,1707,San Miguel De Los Bancos,2010,45.0780269910097,0.26816998956044585
17,PICHINCHA,1707,San Miguel De Los Bancos,2011,45.9364111275215,0.24214132529335888
17,PICHINCHA,1707,San Miguel De Los Bancos,2012,49.777501989580486,0.23275588798085606
17,PICHINCHA,1707,San Miguel De Los Bancos,2013,52.81914810615426,0.21724587701429754
17,PICHINCHA,1707,San Miguel De Los Bancos,2014,61.403244811299984,0.2261636282268736
17,PICHINCHA,1707,San Miguel De Los Bancos,2015,64.64316268393739,0.2452174112011283
17,PICHINCHA,1707,San Miguel De Los Bancos,2016,57.00070274664405,0.21413353043979994
17,PICHINCHA,1707,San Miguel De Los Bancos,2017,55.85782296354921,0.19964862792627758
17,PICHINCHA,1707,San Miguel De Los Bancos,2018,31.328879999999998,0.11082919753395958
17,PICHINCHA,1707,San Miguel De Los Bancos,2019,34.11803999999999,0.12161437696944664
17,PICHINCHA,1707,San Miguel De Los Bancos,2020,29.52474,0.12094552933409901
17,PICHINCHA,1707,San Miguel De Los Bancos,2021,33.11631,0.12174431401244755
17,PICHINCHA,1707,San Miguel De Los Bancos,2022,35.60666,0.12707666336642134
17,PICHINCHA,1707,San Miguel De Los Bancos,2023,38.50509,0.12815457067759528
17,PICHINCHA,1707,San Miguel De Los Bancos,2024,37.06194000000001,0.12453947964853361
17,PICHINCHA,1708,Pedro Vicente Maldonado,2007,24.824246149621427,0.19958557805236218
17,PICHINCHA,1708,Pedro Vicente Maldonado,2008,26.30107847414639,0.1865667783769588
17,PICHINCHA,1708,Pedro Vicente Maldonado,2009,26.557542207132506,0.17940492496881796
17,PICHINCHA,1708,Pedro Vicente Maldonado,2010,26.59707438211254,0.1582264716424263
17,PICHINCHA,1708,Pedro Vicente Maldonado,2011,29.150587058526437,0.1536594089563538
17,PICHINCHA,1708,Pedro Vicente Maldonado,2012,30.13955169449962,0.14093029657186493
17,PICHINCHA,1708,Pedro Vicente Maldonado,2013,31.11424187786112,0.12797330147782796
17,PICHINCHA,1708,Pedro Vicente Maldonado,2014,32.99484055979374,0.12152831461435883
17,PICHINCHA,1708,Pedro Vicente Maldonado,2015,37.756454093483335,0.14322535508057374
17,PICHINCHA,1708,Pedro Vicente Maldonado,2016,40.5337150493576,0.15227228941262153
17,PICHINCHA,1708,Pedro Vicente Maldonado,2017,43.47399332526402,0.1553859899539775
17,PICHINCHA,1708,Pedro Vicente Maldonado,2018,100.9223,0.3570232169896124
17,PICHINCHA,1708,Pedro Vicente Maldonado,2019,84.24226999999999,0.3002831106517815
17,PICHINCHA,1708,Pedro Vicente Maldonado,2020,77.20667999999999,0.3162704491463225
17,PICHINCHA,1708,Pedro Vicente Maldonado,2021,64.41401,0.23680293668711694
17,PICHINCHA,1708,Pedro Vicente Maldonado,2022,66.19619,0.23624768379762848
17,PICHINCHA,1708,Pedro Vicente Maldonado,2023,44.73815999999999,0.14889978669587747
17,PICHINCHA,1708,Pedro Vicente Maldonado,2024,47.87722,0.16088213584659533
17,PICHINCHA,1709,Puerto Quito,2007,103.91995343667283,0.8355107282139648
17,PICHINCHA,1709,Puerto Quito,2008,133.80484626228053,0.9491450749031741
17,PICHINCHA,1709,Puerto Quito,2009,146.60128008053363,0.9903398231677176
17,PICHINCHA,1709,Puerto Quito,2010,137.18600036382253,0.8161219720806058
17,PICHINCHA,1709,Puerto Quito,2011,76.81137019968031,0.40489029336917903
17,PICHINCHA,1709,Puerto Quito,2012,65.51155998084978,0.30632717004452303
17,PICHINCHA,1709,Puerto Quito,2013,65.2225478291331,0.26826122935133145
17,PICHINCHA,1709,Puerto Quito,2014,74.97909044558352,0.2761668896885951
17,PICHINCHA,1709,Puerto Quito,2015,71.95109895153271,0.2729393409205083
17,PICHINCHA,1709,Puerto Quito,2016,68.9742629767769,0.259114392086508
17,PICHINCHA,1709,Puerto Quito,2017,66.09486169766195,0.23623814446772037
17,PICHINCHA,1709,Puerto Quito,2018,51.56798999999999,0.18242717103641276
17,PICHINCHA,1709,Puerto Quito,2019,52.35375,0.18661589845911924
17,PICHINCHA,1709,Puerto Quito,2020,49.30484,0.20197298850161113
17,PICHINCHA,1709,Puerto Quito,2021,48.59956,0.1786648359526404
17,PICHINCHA,1709,Puerto Quito,2022,51.51023,0.18383493867823988
17,PICHINCHA,1709,Puerto Quito,2023,52.147630000000014,0.17356035616340823
17,PICHINCHA,1709,Puerto Quito,2024,59.02309,0.19833567578622616
18,TUNGURAHUA,1801,Ambato,2007,872.0359767057564,73.2573823214938
18,TUNGURAHUA,1801,Ambato,2008,988.332605306431,74.6907813518831
18,TUNGURAHUA,1801,Ambato,2009,1172.2363695297895,76.86787854562179
18,TUNGURAHUA,1801,Ambato,2010,1261.004202269512,78.06988361658922
18,TUNGURAHUA,1801,Ambato,2011,1388.001632855968,77.96085204835812
18,TUNGURAHUA,1801,Ambato,2012,1548.881044176413,79.86304323863628
18,TUNGURAHUA,1801,Ambato,2013,1682.7810534401533,80.05915968890513
18,TUNGURAHUA,1801,Ambato,2014,1790.851737176421,80.55234279604545
18,TUNGURAHUA,1801,Ambato,2015,1934.3434143476336,79.73864485963655
18,TUNGURAHUA,1801,Ambato,2016,1845.0557516633958,79.10592627368884
18,TUNGURAHUA,1801,Ambato,2017,1995.009707661539,78.51681902056735
18,TUNGURAHUA,1801,Ambato,2018,1926.3776200000002,76.29509396806054
18,TUNGURAHUA,1801,Ambato,2019,1963.2182200000002,75.48711151817584
18,TUNGURAHUA,1801,Ambato,2020,1605.6169399999997,74.62518969010897
18,TUNGURAHUA,1801,Ambato,2021,1830.58638,76.05520432422549
18,TUNGURAHUA,1801,Ambato,2022,1999.86311,77.25726757965845
18,TUNGURAHUA,1801,Ambato,2023,2105.32416,77.51795803494772
18,TUNGURAHUA,1801,Ambato,2024,2003.7255799999998,78.3434376062561
18,TUNGURAHUA,1802,Baños,2007,67.99815683532786,5.712341125259938
18,TUNGURAHUA,1802,Baños,2008,76.27312957409784,5.764152283811861
18,TUNGURAHUA,1802,Baños,2009,77.61740939517733,5.089660885378866
18,TUNGURAHUA,1802,Baños,2010,81.84928474106151,5.067361490417959
18,TUNGURAHUA,1802,Baños,2011,91.3695452715363,5.132016729680011
18,TUNGURAHUA,1802,Baños,2012,91.58651780242583,4.722362675192104
18,TUNGURAHUA,1802,Baños,2013,98.32360638946085,4.677795301433045
18,TUNGURAHUA,1802,Baños,2014,98.80877489428637,4.444409406605031
18,TUNGURAHUA,1802,Baños,2015,116.0245625355033,4.782832933589173
18,TUNGURAHUA,1802,Baños,2016,117.66835834973374,5.0449773520221495
18,TUNGURAHUA,1802,Baños,2017,132.40781002781057,5.211122540876892
18,TUNGURAHUA,1802,Baños,2018,145.20823,5.7510404179144
18,TUNGURAHUA,1802,Baños,2019,151.99067,5.844147399983004
18,TUNGURAHUA,1802,Baños,2020,144.05613999999997,6.6953807634371945
18,TUNGURAHUA,1802,Baños,2021,156.66096000000002,6.50877852725492
18,TUNGURAHUA,1802,Baños,2022,160.83241,6.2131615272664025
18,TUNGURAHUA,1802,Baños,2023,164.7298,6.065345169223409
18,TUNGURAHUA,1802,Baños,2024,125.38320999999999,4.902343807731949
18,TUNGURAHUA,1803,Cevallos,2007,13.336068133835687,1.1203269911369036
18,TUNGURAHUA,1803,Cevallos,2008,14.318877940419618,1.0821136282563408
18,TUNGURAHUA,1803,Cevallos,2009,15.263962791373334,1.0009145497190266
18,TUNGURAHUA,1803,Cevallos,2010,17.572322580735264,1.0879180071582013
18,TUNGURAHUA,1803,Cevallos,2011,21.57666023905513,1.2119112663675249
18,TUNGURAHUA,1803,Cevallos,2012,20.844272753775357,1.0747675313554206
18,TUNGURAHUA,1803,Cevallos,2013,24.192566169120965,1.1509735709577509
18,TUNGURAHUA,1803,Cevallos,2014,23.863503438456632,1.0733781414646508
18,TUNGURAHUA,1803,Cevallos,2015,24.427699102057485,1.0069730167814797
18,TUNGURAHUA,1803,Cevallos,2016,23.650654249352293,1.0140110452960927
18,TUNGURAHUA,1803,Cevallos,2017,29.14180166130511,1.1469225228262152
18,TUNGURAHUA,1803,Cevallos,2018,26.374920000000003,1.0445911429349348
18,TUNGURAHUA,1803,Cevallos,2019,27.907940000000004,1.073079781738456
18,TUNGURAHUA,1803,Cevallos,2020,24.63242,1.1448552697920802
18,TUNGURAHUA,1803,Cevallos,2021,26.2425,1.0902947390433917
18,TUNGURAHUA,1803,Cevallos,2022,26.484969999999997,1.0231482364456568
18,TUNGURAHUA,1803,Cevallos,2023,28.761159999999997,1.0589848519652274
18,TUNGURAHUA,1803,Cevallos,2024,28.73647,1.1235639585282187
18,TUNGURAHUA,1804,Mocha,2007,8.88045272743158,0.7460227995397487
18,TUNGURAHUA,1804,Mocha,2008,9.635930346921864,0.7282114976271268
18,TUNGURAHUA,1804,Mocha,2009,10.23729569726356,0.6712973788797587
18,TUNGURAHUA,1804,Mocha,2010,9.906271195757698,0.61330599686763
18,TUNGURAHUA,1804,Mocha,2011,8.44388519890048,0.4742735664873039
18,TUNGURAHUA,1804,Mocha,2012,9.092552391290818,0.4688280662388408
18,TUNGURAHUA,1804,Mocha,2013,9.415573672975507,0.44795067944601474
18,TUNGURAHUA,1804,Mocha,2014,9.374817697515603,0.42167841879046486
18,TUNGURAHUA,1804,Mocha,2015,11.190515062551873,0.4613020106722752
18,TUNGURAHUA,1804,Mocha,2016,12.113703212960127,0.5193695162879789
18,TUNGURAHUA,1804,Mocha,2017,12.131014542236633,0.4774356083034448
18,TUNGURAHUA,1804,Mocha,2018,14.50221,0.5743668651500152
18,TUNGURAHUA,1804,Mocha,2019,16.338530000000002,0.6282278880607891
18,TUNGURAHUA,1804,Mocha,2020,14.956839999999998,0.6951577268265552
18,TUNGURAHUA,1804,Mocha,2021,14.13256,0.5871641732767486
18,TUNGURAHUA,1804,Mocha,2022,14.526140000000002,0.5611633512653673
18,TUNGURAHUA,1804,Mocha,2023,14.285509999999999,0.5259919520839138
18,TUNGURAHUA,1804,Mocha,2024,13.742230000000001,0.5373058812653482
18,TUNGURAHUA,1805,Patate,2007,24.024572648797754,2.018239328028703
18,TUNGURAHUA,1805,Patate,2008,22.45878890449357,1.6972671775545969
18,TUNGURAHUA,1805,Patate,2009,24.964318156360385,1.6370027631774526
18,TUNGURAHUA,1805,Patate,2010,24.725218238337686,1.5307600932556085
18,TUNGURAHUA,1805,Patate,2011,25.659743632144636,1.4412486480929185
18,TUNGURAHUA,1805,Patate,2012,22.509108130915866,1.1606093848726362
18,TUNGURAHUA,1805,Patate,2013,23.677245527834398,1.1264569308236054
18,TUNGURAHUA,1805,Patate,2014,25.18145521914863,1.1326594886711738
18,TUNGURAHUA,1805,Patate,2015,26.92707993769252,1.110003967409705
18,TUNGURAHUA,1805,Patate,2016,28.419781578099148,1.2184852106526474
18,TUNGURAHUA,1805,Patate,2017,34.42089606177003,1.3546897823247417
18,TUNGURAHUA,1805,Patate,2018,41.12609,1.628818186274877
18,TUNGURAHUA,1805,Patate,2019,37.86121,1.455789963829428
18,TUNGURAHUA,1805,Patate,2020,34.98689999999999,1.6261064417823552
18,TUNGURAHUA,1805,Patate,2021,35.65625,1.4814069463281292
18,TUNGURAHUA,1805,Patate,2022,37.625659999999996,1.4535273279185852
18,TUNGURAHUA,1805,Patate,2023,33.508129999999994,1.2337681125407178
18,TUNGURAHUA,1805,Patate,2024,27.93776,1.0923352874591528
18,TUNGURAHUA,1806,Quero,2007,22.222638557895447,1.866863721813428
18,TUNGURAHUA,1806,Quero,2008,23.495645897727545,1.7756250689759758
18,TUNGURAHUA,1806,Quero,2009,24.55342996852883,1.6100593035313957
18,TUNGURAHUA,1806,Quero,2010,22.93952281922883,1.4202061131074049
18,TUNGURAHUA,1806,Quero,2011,21.91126163196343,1.2307050552725307
18,TUNGURAHUA,1806,Quero,2012,21.402081752814187,1.103529148896441
18,TUNGURAHUA,1806,Quero,2013,22.884583059402047,1.088745612996551
18,TUNGURAHUA,1806,Quero,2014,23.956867083468023,1.0775776294409716
18,TUNGURAHUA,1806,Quero,2015,24.543246705512573,1.0117361882266054
18,TUNGURAHUA,1806,Quero,2016,26.701374386635443,1.144809283801357
18,TUNGURAHUA,1806,Quero,2017,28.602219179754115,1.125686385534298
18,TUNGURAHUA,1806,Quero,2018,34.028690000000005,1.3477223127000417
18,TUNGURAHUA,1806,Quero,2019,40.110060000000004,1.542259816751662
18,TUNGURAHUA,1806,Quero,2020,43.39941,2.017099547846582
18,TUNGURAHUA,1806,Quero,2021,40.488980000000005,1.6821919361049105
18,TUNGURAHUA,1806,Quero,2022,39.085390000000004,1.509918563218713
18,TUNGURAHUA,1806,Quero,2023,36.86987000000001,1.3575472555323638
18,TUNGURAHUA,1806,Quero,2024,38.456990000000005,1.5036254598244017
18,TUNGURAHUA,1807,San Pedro De Pelileo,2007,106.70015518874149,8.963591263691445
18,TUNGURAHUA,1807,San Pedro De Pelileo,2008,106.09858211353225,8.018136764727748
18,TUNGURAHUA,1807,San Pedro De Pelileo,2009,117.60099968921996,7.711532926231174
18,TUNGURAHUA,1807,San Pedro De Pelileo,2010,122.94357968847171,7.6115455764630715
18,TUNGURAHUA,1807,San Pedro De Pelileo,2011,140.87484648435694,7.912615377479016
18,TUNGURAHUA,1807,San Pedro De Pelileo,2012,135.28001163452743,6.975276415908511
18,TUNGURAHUA,1807,San Pedro De Pelileo,2013,143.08502164518072,6.8073422704419375
18,TUNGURAHUA,1807,San Pedro De Pelileo,2014,156.2602665397343,7.0285721003101225
18,TUNGURAHUA,1807,San Pedro De Pelileo,2015,184.7333906320105,7.615188761241906
18,TUNGURAHUA,1807,San Pedro De Pelileo,2016,169.6714338553228,7.274585564804598
18,TUNGURAHUA,1807,San Pedro De Pelileo,2017,180.03930703000236,7.085736792345123
18,TUNGURAHUA,1807,San Pedro De Pelileo,2018,203.99062,8.079144691009715
18,TUNGURAHUA,1807,San Pedro De Pelileo,2019,227.16929000000005,8.734817837894164
18,TUNGURAHUA,1807,San Pedro De Pelileo,2020,167.89875999999998,7.80352804058861
18,TUNGURAHUA,1807,San Pedro De Pelileo,2021,187.58392,7.793531908359968
18,TUNGURAHUA,1807,San Pedro De Pelileo,2022,195.01815000000002,7.53380034968492
18,TUNGURAHUA,1807,San Pedro De Pelileo,2023,202.30794000000003,7.448970900071143
18,TUNGURAHUA,1807,San Pedro De Pelileo,2024,195.17104999999995,7.630970593399565
18,TUNGURAHUA,1808,Santiago De Píllaro,2007,61.68185348758317,5.181725575483837
18,TUNGURAHUA,1808,Santiago De Píllaro,2008,68.43103847655941,5.171505731059322
18,TUNGURAHUA,1808,Santiago De Píllaro,2009,67.94574813779498,4.455454250785986
18,TUNGURAHUA,1808,Santiago De Píllaro,2010,61.678159352824395,3.8185493067304623
18,TUNGURAHUA,1808,Santiago De Píllaro,2011,68.46927252226772,3.8457611998509353
18,TUNGURAHUA,1808,Santiago De Píllaro,2012,74.55798385300918,3.8443413783300366
18,TUNGURAHUA,1808,Santiago De Píllaro,2013,80.90050458492074,3.8488824212968322
18,TUNGURAHUA,1808,Santiago De Píllaro,2014,78.0067729314165,3.5087373137275666
18,TUNGURAHUA,1808,Santiago De Píllaro,2015,84.40092939717357,3.479224880704139
18,TUNGURAHUA,1808,Santiago De Píllaro,2016,87.93460578833256,3.7701562330170595
18,TUNGURAHUA,1808,Santiago De Píllaro,2017,104.3229008220467,4.105795722240611
18,TUNGURAHUA,1808,Santiago De Píllaro,2018,84.31772,3.3394430581957324
18,TUNGURAHUA,1808,Santiago De Píllaro,2019,92.98888000000001,3.5754873722139107
18,TUNGURAHUA,1808,Santiago De Píllaro,2020,74.55196000000001,3.4649946809663192
18,TUNGURAHUA,1808,Santiago De Píllaro,2021,72.34204000000001,3.0055880965482182
18,TUNGURAHUA,1808,Santiago De Píllaro,2022,71.53091,2.763330463196787
18,TUNGURAHUA,1808,Santiago De Píllaro,2023,82.82236999999999,3.0495166131637004
18,TUNGURAHUA,1808,Santiago De Píllaro,2024,79.29027,3.1001612109619328
18,TUNGURAHUA,1809,Tisaleo,2007,13.492957873418025,1.133506873552215
18,TUNGURAHUA,1809,Tisaleo,2008,14.18778355963927,1.0722064961039115
18,TUNGURAHUA,1809,Tisaleo,2009,14.582055996759198,0.9561993966745435
18,TUNGURAHUA,1809,Tisaleo,2010,12.606342563983034,0.7804697994104419
18,TUNGURAHUA,1809,Tisaleo,2011,14.075993535279743,0.7906161084116415
18,TUNGURAHUA,1809,Tisaleo,2012,15.267943847812688,0.7872421605697278
18,TUNGURAHUA,1809,Tisaleo,2013,16.661799200104088,0.7926935236991275
18,TUNGURAHUA,1809,Tisaleo,2014,16.91076688698011,0.7606447049445738
18,TUNGURAHUA,1809,Tisaleo,2015,19.26354913663449,0.7940933817381625
18,TUNGURAHUA,1809,Tisaleo,2016,21.17059237813579,0.9076795204292869
18,TUNGURAHUA,1809,Tisaleo,2017,24.79358930705799,0.9757916249813123
18,TUNGURAHUA,1809,Tisaleo,2018,48.977560000000004,1.939779357759733
18,TUNGURAHUA,1809,Tisaleo,2019,43.1482,1.6590784213527494
18,TUNGURAHUA,1809,Tisaleo,2020,41.475649999999995,1.9276878386513336
18,TUNGURAHUA,1809,Tisaleo,2021,43.22438,1.795839348858241
18,TUNGURAHUA,1809,Tisaleo,2022,43.609289999999994,1.6846826013451106
18,TUNGURAHUA,1809,Tisaleo,2023,47.309039999999996,1.7419171104717968
18,TUNGURAHUA,1809,Tisaleo,2024,45.17408,1.7662561945733217
19,ZAMORA CHINCHIPE,1901,Zamora,2007,63.52315200247266,48.09356266300277
19,ZAMORA CHINCHIPE,1901,Zamora,2008,76.87982297006502,46.167237802941926
19,ZAMORA CHINCHIPE,1901,Zamora,2009,97.89183718145938,47.67250483699701
19,ZAMORA CHINCHIPE,1901,Zamora,2010,92.79239533922517,46.8895442666453
19,ZAMORA CHINCHIPE,1901,Zamora,2011,114.37089397303849,47.49355278640687
19,ZAMORA CHINCHIPE,1901,Zamora,2012,111.1430149394465,44.955594916868215
19,ZAMORA CHINCHIPE,1901,Zamora,2013,109.78366589762737,44.91026417858012
19,ZAMORA CHINCHIPE,1901,Zamora,2014,108.3299625297734,40.9069096732396
19,ZAMORA CHINCHIPE,1901,Zamora,2015,137.58187381812226,46.00573419738563
19,ZAMORA CHINCHIPE,1901,Zamora,2016,145.66426968400546,46.74789726530244
19,ZAMORA CHINCHIPE,1901,Zamora,2017,124.72173019761938,41.95430332893374
19,ZAMORA CHINCHIPE,1901,Zamora,2018,101.41408,32.25798530347019
19,ZAMORA CHINCHIPE,1901,Zamora,2019,96.87913999999999,27.923432507458585
19,ZAMORA CHINCHIPE,1901,Zamora,2020,99.21357,14.663269706944831
19,ZAMORA CHINCHIPE,1901,Zamora,2021,109.64466000000002,10.34188679365588
19,ZAMORA CHINCHIPE,1901,Zamora,2022,125.48642999999998,9.557965017309822
19,ZAMORA CHINCHIPE,1901,Zamora,2023,120.29538999999998,7.344115017229081
19,ZAMORA CHINCHIPE,1901,Zamora,2024,113.90164,6.764632617646892
19,ZAMORA CHINCHIPE,1902,Chinchipe,2007,10.076330503422657,7.628819055777024
19,ZAMORA CHINCHIPE,1902,Chinchipe,2008,12.192413842181011,7.3216878954446365
19,ZAMORA CHINCHIPE,1902,Chinchipe,2009,14.820487123326139,7.217453103507932
19,ZAMORA CHINCHIPE,1902,Chinchipe,2010,13.926166763781914,7.0371242228187665
19,ZAMORA CHINCHIPE,1902,Chinchipe,2011,15.076860389734385,6.260803250711127
19,ZAMORA CHINCHIPE,1902,Chinchipe,2012,16.85473417910485,6.817473888036534
19,ZAMORA CHINCHIPE,1902,Chinchipe,2013,17.3139755431885,7.082795143233376
19,ZAMORA CHINCHIPE,1902,Chinchipe,2014,19.731793402187666,7.45100128851678
19,ZAMORA CHINCHIPE,1902,Chinchipe,2015,18.752925881519754,6.270754275879263
19,ZAMORA CHINCHIPE,1902,Chinchipe,2016,19.908281869416385,6.389146202971364
19,ZAMORA CHINCHIPE,1902,Chinchipe,2017,21.764816262520302,7.321320045267589
19,ZAMORA CHINCHIPE,1902,Chinchipe,2018,20.70799,6.586837223040505
19,ZAMORA CHINCHIPE,1902,Chinchipe,2019,21.520970000000002,6.202979849842196
19,ZAMORA CHINCHIPE,1902,Chinchipe,2020,19.354110000000002,2.8604407125746816
19,ZAMORA CHINCHIPE,1902,Chinchipe,2021,19.818669999999997,1.8693335502232753
19,ZAMORA CHINCHIPE,1902,Chinchipe,2022,20.733430000000002,1.5792097888898584
19,ZAMORA CHINCHIPE,1902,Chinchipe,2023,23.71319,1.4477063068286034
19,ZAMORA CHINCHIPE,1902,Chinchipe,2024,26.75201,1.588805213284162
19,ZAMORA CHINCHIPE,1903,Nangaritza,2007,5.325499770774467,4.031951325834384
19,ZAMORA CHINCHIPE,1903,Nangaritza,2008,6.7792374394502675,4.071011806460237
19,ZAMORA CHINCHIPE,1903,Nangaritza,2009,8.102078520337214,3.945644382325067
19,ZAMORA CHINCHIPE,1903,Nangaritza,2010,7.877604868708142,3.980685064288754
19,ZAMORA CHINCHIPE,1903,Nangaritza,2011,9.930053258321156,4.123544830445098
19,ZAMORA CHINCHIPE,1903,Nangaritza,2012,10.612264343186013,4.292493389916769
19,ZAMORA CHINCHIPE,1903,Nangaritza,2013,10.568295791225715,4.323274797035
19,ZAMORA CHINCHIPE,1903,Nangaritza,2014,10.423234900577057,3.935959347015166
19,ZAMORA CHINCHIPE,1903,Nangaritza,2015,11.008428441336033,3.6810868957385585
19,ZAMORA CHINCHIPE,1903,Nangaritza,2016,10.873848236930963,3.489733902221016
19,ZAMORA CHINCHIPE,1903,Nangaritza,2017,11.470373346903177,3.858441683975919
19,ZAMORA CHINCHIPE,1903,Nangaritza,2018,12.457600000000001,3.9625373292989527
19,ZAMORA CHINCHIPE,1903,Nangaritza,2019,12.29647,3.5442062153420153
19,ZAMORA CHINCHIPE,1903,Nangaritza,2020,16.727349999999998,2.472218714964733
19,ZAMORA CHINCHIPE,1903,Nangaritza,2021,15.11752,1.425912401395824
19,ZAMORA CHINCHIPE,1903,Nangaritza,2022,15.92318,1.2128259398592138
19,ZAMORA CHINCHIPE,1903,Nangaritza,2023,17.60679,1.0749064518947802
19,ZAMORA CHINCHIPE,1903,Nangaritza,2024,21.37019,1.2691782516855021
19,ZAMORA CHINCHIPE,1904,Yacuambí,2007,5.979242116905963,4.526901552610122
19,ZAMORA CHINCHIPE,1904,Yacuambí,2008,7.92063401264636,4.756433871528273
19,ZAMORA CHINCHIPE,1904,Yacuambí,2009,8.990300469148295,4.378201032299178
19,ZAMORA CHINCHIPE,1904,Yacuambí,2010,9.229143519168709,4.66364007528052
19,ZAMORA CHINCHIPE,1904,Yacuambí,2011,10.05945368940939,4.177279535062531
19,ZAMORA CHINCHIPE,1904,Yacuambí,2012,10.451192146799587,4.227342229341689
19,ZAMORA CHINCHIPE,1904,Yacuambí,2013,8.69438559214335,3.556696259147576
19,ZAMORA CHINCHIPE,1904,Yacuambí,2014,10.831705282018548,4.090203478625831
19,ZAMORA CHINCHIPE,1904,Yacuambí,2015,11.819478086488667,3.952292203242236
19,ZAMORA CHINCHIPE,1904,Yacuambí,2016,11.836907926687477,3.798807743972031
19,ZAMORA CHINCHIPE,1904,Yacuambí,2017,13.147766262566027,4.422688596474789
19,ZAMORA CHINCHIPE,1904,Yacuambí,2018,10.004040000000002,3.1821042531306105
19,ZAMORA CHINCHIPE,1904,Yacuambí,2019,12.44936,3.588273633736371
19,ZAMORA CHINCHIPE,1904,Yacuambí,2020,11.381920000000001,1.682190881175524
19,ZAMORA CHINCHIPE,1904,Yacuambí,2021,10.53093,0.9932967633071643
19,ZAMORA CHINCHIPE,1904,Yacuambí,2022,12.370470000000001,0.942225541898679
19,ZAMORA CHINCHIPE,1904,Yacuambí,2023,11.9135,0.7273272421973832
19,ZAMORA CHINCHIPE,1904,Yacuambí,2024,15.739419999999999,0.9347661185110578
19,ZAMORA CHINCHIPE,1905,Yantzaza,2007,22.972436808727508,17.39249855138489
19,ZAMORA CHINCHIPE,1905,Yantzaza,2008,30.993478188307442,18.611948136470495
19,ZAMORA CHINCHIPE,1905,Yantzaza,2009,38.374028668577196,18.687830568821852
19,ZAMORA CHINCHIPE,1905,Yantzaza,2010,38.14737134081977,19.276502676781327
19,ZAMORA CHINCHIPE,1905,Yantzaza,2011,46.870256056664736,19.46329964566311
19,ZAMORA CHINCHIPE,1905,Yantzaza,2012,49.734441343073385,20.116796360563843
19,ZAMORA CHINCHIPE,1905,Yantzaza,2013,49.23300791434302,20.140221896043062
19,ZAMORA CHINCHIPE,1905,Yantzaza,2014,58.94137050878992,22.25708624940537
19,ZAMORA CHINCHIPE,1905,Yantzaza,2015,62.32126304512592,20.83948548549101
19,ZAMORA CHINCHIPE,1905,Yantzaza,2016,62.35306735957815,20.01091134720533
19,ZAMORA CHINCHIPE,1905,Yantzaza,2017,64.69750505142409,21.763158250385455
19,ZAMORA CHINCHIPE,1905,Yantzaza,2018,91.84112999999999,29.213002985326053
19,ZAMORA CHINCHIPE,1905,Yantzaza,2019,110.62031999999999,31.88404685955585
19,ZAMORA CHINCHIPE,1905,Yantzaza,2020,429.6365399999999,63.49813298703585
19,ZAMORA CHINCHIPE,1905,Yantzaza,2021,299.1456299999999,28.215968203803698
19,ZAMORA CHINCHIPE,1905,Yantzaza,2022,410.24271000000005,31.24708759972197
19,ZAMORA CHINCHIPE,1905,Yantzaza,2023,557.6709000000001,34.04618607048581
19,ZAMORA CHINCHIPE,1905,Yantzaza,2024,618.1619300000002,36.712714186253656
19,ZAMORA CHINCHIPE,1906,El Pangui,2007,8.330894860495231,6.307344666973062
19,ZAMORA CHINCHIPE,1906,El Pangui,2008,11.131915628816818,6.684846246823209
19,ZAMORA CHINCHIPE,1906,El Pangui,2009,13.176372126646278,6.416782870028598
19,ZAMORA CHINCHIPE,1906,El Pangui,2010,12.863889983884441,6.500338057181587
19,ZAMORA CHINCHIPE,1906,El Pangui,2011,16.875564655119426,7.007731538211773
19,ZAMORA CHINCHIPE,1906,El Pangui,2012,19.981271857763304,8.082109020083951
19,ZAMORA CHINCHIPE,1906,El Pangui,2013,18.093033957552116,7.401492090666719
19,ZAMORA CHINCHIPE,1906,El Pangui,2014,22.064187246347245,8.331745840415183
19,ZAMORA CHINCHIPE,1906,El Pangui,2015,21.81428304951187,7.294435522873263
19,ZAMORA CHINCHIPE,1906,El Pangui,2016,23.969150903683133,7.692397088267875
19,ZAMORA CHINCHIPE,1906,El Pangui,2017,23.09756780321196,7.7696353653941275
19,ZAMORA CHINCHIPE,1906,El Pangui,2018,39.22176,12.475732735101824
19,ZAMORA CHINCHIPE,1906,El Pangui,2019,47.634020000000014,13.729532926581852
19,ZAMORA CHINCHIPE,1906,El Pangui,2020,48.23365,7.128692364364869
19,ZAMORA CHINCHIPE,1906,El Pangui,2021,553.97573,52.2520137879298
19,ZAMORA CHINCHIPE,1906,El Pangui,2022,673.6937999999999,51.313450966598694
19,ZAMORA CHINCHIPE,1906,El Pangui,2023,850.6353399999998,51.93186351263971
19,ZAMORA CHINCHIPE,1906,El Pangui,2024,819.59857,48.676061380668
19,ZAMORA CHINCHIPE,1907,Centinela Del Cóndor,2007,6.145338471037339,4.652653584171822
19,ZAMORA CHINCHIPE,1907,Centinela Del Cóndor,2008,7.943636646386256,4.770247223600861
19,ZAMORA CHINCHIPE,1907,Centinela Del Cóndor,2009,9.311440042562001,4.534593314921652
19,ZAMORA CHINCHIPE,1907,Centinela Del Cóndor,2010,8.400487791232369,4.244906521794426
19,ZAMORA CHINCHIPE,1907,Centinela Del Cóndor,2011,9.94697155468986,4.130570306715596
19,ZAMORA CHINCHIPE,1907,Centinela Del Cóndor,2012,9.707852783517227,3.9266731920684874
19,ZAMORA CHINCHIPE,1907,Centinela Del Cóndor,2013,11.931027361385157,4.880740557719482
19,ZAMORA CHINCHIPE,1907,Centinela Del Cóndor,2014,14.421656685608017,5.445819361513197
19,ZAMORA CHINCHIPE,1907,Centinela Del Cóndor,2015,13.908896584451824,4.650968775793264
19,ZAMORA CHINCHIPE,1907,Centinela Del Cóndor,2016,14.9855233797918,4.80928994423275
19,ZAMORA CHINCHIPE,1907,Centinela Del Cóndor,2017,17.054735624141173,5.736927722508843
19,ZAMORA CHINCHIPE,1907,Centinela Del Cóndor,2018,12.86276,4.091411400094191
19,ZAMORA CHINCHIPE,1907,Centinela Del Cóndor,2019,15.84641,4.567403881996856
19,ZAMORA CHINCHIPE,1907,Centinela Del Cóndor,2020,18.512010000000004,2.7359825419815036
19,ZAMORA CHINCHIPE,1907,Centinela Del Cóndor,2021,18.952009999999998,1.7875885787071994
19,ZAMORA CHINCHIPE,1907,Centinela Del Cóndor,2022,19.69846,1.5003788981396382
19,ZAMORA CHINCHIPE,1907,Centinela Del Cóndor,2023,18.477799999999995,1.1280822021970707
19,ZAMORA CHINCHIPE,1907,Centinela Del Cóndor,2024,21.694969999999998,1.2884669764269485
19,ZAMORA CHINCHIPE,1908,Palanda,2007,6.918926070151752,5.238338999654396
19,ZAMORA CHINCHIPE,1908,Palanda,2008,9.039167688636368,5.428126497955582
19,ZAMORA CHINCHIPE,1908,Palanda,2009,10.234981460642237,4.98435025061982
19,ZAMORA CHINCHIPE,1908,Palanda,2010,9.671982569509808,4.887414029795417
19,ZAMORA CHINCHIPE,1908,Palanda,2011,10.27145406938336,4.265314618878572
19,ZAMORA CHINCHIPE,1908,Palanda,2012,10.678264714863122,4.319189498305547
19,ZAMORA CHINCHIPE,1908,Palanda,2013,11.740821405496135,4.802931170890654
19,ZAMORA CHINCHIPE,1908,Palanda,2014,13.000123927020038,4.909028700876465
19,ZAMORA CHINCHIPE,1908,Palanda,2015,13.53026793921785,4.524359882275956
19,ZAMORA CHINCHIPE,1908,Palanda,2016,13.571292812647549,4.355422256530546
19,ZAMORA CHINCHIPE,1908,Palanda,2017,13.805269516925613,4.643861690605659
19,ZAMORA CHINCHIPE,1908,Palanda,2018,15.07153,4.7939812030125415
19,ZAMORA CHINCHIPE,1908,Palanda,2019,17.243959999999998,4.970219112404544
19,ZAMORA CHINCHIPE,1908,Palanda,2020,17.60132,2.6013871122492844
19,ZAMORA CHINCHIPE,1908,Palanda,2021,18.19984,1.7166425154006588
19,ZAMORA CHINCHIPE,1908,Palanda,2022,19.686269999999997,1.4994504185139046
19,ZAMORA CHINCHIPE,1908,Palanda,2023,20.173399999999997,1.2315997303684634
19,ZAMORA CHINCHIPE,1908,Palanda,2024,25.767799999999994,1.5303528585277748
19,ZAMORA CHINCHIPE,1909,Paquisha,2007,2.8106213801649056,2.1279296005915227
19,ZAMORA CHINCHIPE,1909,Paquisha,2008,3.6443258307660824,2.1884605187747783
19,ZAMORA CHINCHIPE,1909,Paquisha,2009,4.440814853169473,2.1626396404788952
19,ZAMORA CHINCHIPE,1909,Paquisha,2010,4.986665258029805,2.519845085413906
19,ZAMORA CHINCHIPE,1909,Paquisha,2011,7.41200758464246,3.0779034879053206
19,ZAMORA CHINCHIPE,1909,Paquisha,2012,8.065401320469844,3.2623275048149596
19,ZAMORA CHINCHIPE,1909,Paquisha,2013,7.092955786647541,2.901583906684009
19,ZAMORA CHINCHIPE,1909,Paquisha,2014,7.076660591206161,2.672246060392414
19,ZAMORA CHINCHIPE,1909,Paquisha,2015,8.316334210198814,2.780882761320814
19,ZAMORA CHINCHIPE,1909,Paquisha,2016,8.432998377734346,2.7063942492966406
19,ZAMORA CHINCHIPE,1909,Paquisha,2017,7.52018173611264,2.529663316453891
19,ZAMORA CHINCHIPE,1909,Paquisha,2018,10.803529999999999,3.4364075675251335
19,ZAMORA CHINCHIPE,1909,Paquisha,2019,12.455020000000001,3.5899050130817316
19,ZAMORA CHINCHIPE,1909,Paquisha,2020,15.952399999999997,2.3576849787087255
19,ZAMORA CHINCHIPE,1909,Paquisha,2021,14.81478,1.3973574055764981
19,ZAMORA CHINCHIPE,1909,Paquisha,2022,15.064280000000002,1.147405829068211
19,ZAMORA CHINCHIPE,1909,Paquisha,2023,17.49716,1.0682134661590938
19,ZAMORA CHINCHIPE,1909,Paquisha,2024,20.79508,1.2350223969960092
20,GALÁPAGOS,2001,San Cristóbal,2007,62.64173005933974,34.672633509641194
20,GALÁPAGOS,2001,San Cristóbal,2008,74.05812576937652,36.37627241733256
20,GALÁPAGOS,2001,San Cristóbal,2009,85.96364157157502,38.97129361676344
20,GALÁPAGOS,2001,San Cristóbal,2010,70.70514215743617,34.679325837922185
20,GALÁPAGOS,2001,San Cristóbal,2011,71.18111158913142,34.99084367902654
20,GALÁPAGOS,2001,San Cristóbal,2012,74.54341853150778,34.218759450854236
20,GALÁPAGOS,2001,San Cristóbal,2013,70.97726199515144,32.276452356957655
20,GALÁPAGOS,2001,San Cristóbal,2014,76.81298436663468,31.151984447912646
20,GALÁPAGOS,2001,San Cristóbal,2015,75.43398730288405,29.67851424294911
20,GALÁPAGOS,2001,San Cristóbal,2016,78.41494780337497,27.14077616399345
20,GALÁPAGOS,2001,San Cristóbal,2017,74.69590368996715,23.252774586939335
20,GALÁPAGOS,2001,San Cristóbal,2018,63.42846,18.68963639362173
20,GALÁPAGOS,2001,San Cristóbal,2019,69.63901000000001,19.243015327207765
20,GALÁPAGOS,2001,San Cristóbal,2020,61.38705,25.378112358134743
20,GALÁPAGOS,2001,San Cristóbal,2021,54.22897,24.41247338571198
20,GALÁPAGOS,2001,San Cristóbal,2022,57.58682999999999,23.173295329022167
20,GALÁPAGOS,2001,San Cristóbal,2023,64.43814,23.07282382241147
20,GALÁPAGOS,2001,San Cristóbal,2024,66.05967999999999,22.2706579726847
20,GALÁPAGOS,2002,Isabela,2007,15.271866233042651,8.453084236417938
20,GALÁPAGOS,2002,Isabela,2008,16.14576099157221,7.930562569778584
20,GALÁPAGOS,2002,Isabela,2009,17.61461333447709,7.9855187106295356
20,GALÁPAGOS,2002,Isabela,2010,17.263913347925588,8.467571918563765
20,GALÁPAGOS,2002,Isabela,2011,13.611844798157861,6.691240455259153
20,GALÁPAGOS,2002,Isabela,2012,13.764064613599587,6.318320588955857
20,GALÁPAGOS,2002,Isabela,2013,13.146389425098816,5.978235846491228
20,GALÁPAGOS,2002,Isabela,2014,14.773648201446635,5.99154508583718
20,GALÁPAGOS,2002,Isabela,2015,16.7062203822013,6.572843585321805
20,GALÁPAGOS,2002,Isabela,2016,16.86963683022784,5.838874474865974
20,GALÁPAGOS,2002,Isabela,2017,17.6934978405414,5.50797161044144
20,GALÁPAGOS,2002,Isabela,2018,28.80039,8.486234997578363
20,GALÁPAGOS,2002,Isabela,2019,32.94595999999999,9.103799914007588
20,GALÁPAGOS,2002,Isabela,2020,22.04397,9.113230681053276
20,GALÁPAGOS,2002,Isabela,2021,19.14835,8.620089681867423
20,GALÁPAGOS,2002,Isabela,2022,23.19117,9.332269747016099
20,GALÁPAGOS,2002,Isabela,2023,26.08847,9.341279436468323
20,GALÁPAGOS,2002,Isabela,2024,26.740959999999994,9.01516286517347
20,GALÁPAGOS,2003,Santa Cruz,2007,102.75260560405377,56.87428225394087
20,GALÁPAGOS,2003,Santa Cruz,2008,113.38521362771372,55.693165012888855
20,GALÁPAGOS,2003,Santa Cruz,2009,117.00370066597924,53.043187672607026
20,GALÁPAGOS,2003,Santa Cruz,2010,115.91363381762211,56.853102243514044
20,GALÁPAGOS,2003,Santa Cruz,2011,118.63486673718508,58.31791586571432
20,GALÁPAGOS,2003,Santa Cruz,2012,129.53623687217947,59.46291996018991
20,GALÁPAGOS,2003,Santa Cruz,2013,135.78051032028648,61.74531179655113
20,GALÁPAGOS,2003,Santa Cruz,2014,154.98829910302632,62.85647046625018
20,GALÁPAGOS,2003,Santa Cruz,2015,162.03015504055318,63.74864217172909
20,GALÁPAGOS,2003,Santa Cruz,2016,193.6347422477148,67.02034936114057
20,GALÁPAGOS,2003,Santa Cruz,2017,228.8449673431419,71.23925380261922
20,GALÁPAGOS,2003,Santa Cruz,2018,247.14885999999998,72.82412860879991
20,GALÁPAGOS,2003,Santa Cruz,2019,259.30742999999995,71.65318475878465
20,GALÁPAGOS,2003,Santa Cruz,2020,158.45872,65.50865696081198
20,GALÁPAGOS,2003,Santa Cruz,2021,148.759,66.9674369324206
20,GALÁPAGOS,2003,Santa Cruz,2022,167.72714,67.49443492396173
20,GALÁPAGOS,2003,Santa Cruz,2023,188.75494,67.5858967411202
20,GALÁPAGOS,2003,Santa Cruz,2024,203.8214,68.71417916214185
21,SUCUMBÍOS,2101,Lago Agrio,2007,1075.4389088665057,27.859902272062133
21,SUCUMBÍOS,2101,Lago Agrio,2008,1467.1373711468689,27.97615901831599
21,SUCUMBÍOS,2101,Lago Agrio,2009,1078.1991093781442,32.85530664139466
21,SUCUMBÍOS,2101,Lago Agrio,2010,2384.7192685027467,31.394986478576005
21,SUCUMBÍOS,2101,Lago Agrio,2011,2173.6561287227305,30.86963459386579
21,SUCUMBÍOS,2101,Lago Agrio,2012,1872.29919903881,29.78960191966608
21,SUCUMBÍOS,2101,Lago Agrio,2013,2357.091790003202,35.836040936155584
21,SUCUMBÍOS,2101,Lago Agrio,2014,2088.3665244408803,37.522962596624296
21,SUCUMBÍOS,2101,Lago Agrio,2015,1252.7031556180636,41.1932111529953
21,SUCUMBÍOS,2101,Lago Agrio,2016,1087.2165923814089,41.86446760745106
21,SUCUMBÍOS,2101,Lago Agrio,2017,1198.5561787776296,48.550486919820926
21,SUCUMBÍOS,2101,Lago Agrio,2018,960.7986500000003,29.39222117988325
21,SUCUMBÍOS,2101,Lago Agrio,2019,864.3688799999999,30.344540646646834
21,SUCUMBÍOS,2101,Lago Agrio,2020,670.0499400000001,33.5105779083097
21,SUCUMBÍOS,2101,Lago Agrio,2021,908.9781200000001,30.210680765687105
21,SUCUMBÍOS,2101,Lago Agrio,2022,1061.7835000000005,27.6957744832997
21,SUCUMBÍOS,2101,Lago Agrio,2023,989.9293200000002,29.155737380966407
21,SUCUMBÍOS,2101,Lago Agrio,2024,1046.635,32.789910794750604
21,SUCUMBÍOS,2102,Gonzalo Pizarro,2007,9.056460861296474,0.23461315417014997
21,SUCUMBÍOS,2102,Gonzalo Pizarro,2008,11.657342720374018,0.22228843739509965
21,SUCUMBÍOS,2102,Gonzalo Pizarro,2009,11.976637964911413,0.36495681497741533
21,SUCUMBÍOS,2102,Gonzalo Pizarro,2010,13.116881896243928,0.17268461542318525
21,SUCUMBÍOS,2102,Gonzalo Pizarro,2011,17.116490300540473,0.2430834363012219
21,SUCUMBÍOS,2102,Gonzalo Pizarro,2012,18.823025232189018,0.29948761868755036
21,SUCUMBÍOS,2102,Gonzalo Pizarro,2013,18.402789189998238,0.27978677349316233
21,SUCUMBÍOS,2102,Gonzalo Pizarro,2014,16.437039265646707,0.2953343689174646
21,SUCUMBÍOS,2102,Gonzalo Pizarro,2015,17.491924252209728,0.5751949501859183
21,SUCUMBÍOS,2102,Gonzalo Pizarro,2016,17.565559789899872,0.6763811497948795
21,SUCUMBÍOS,2102,Gonzalo Pizarro,2017,19.104991032965977,0.7738949860450406
21,SUCUMBÍOS,2102,Gonzalo Pizarro,2018,26.85045,0.8213941237109316
21,SUCUMBÍOS,2102,Gonzalo Pizarro,2019,29.790869999999998,1.0458385147021627
21,SUCUMBÍOS,2102,Gonzalo Pizarro,2020,29.72094,1.4864054392396453
21,SUCUMBÍOS,2102,Gonzalo Pizarro,2021,27.569760000000002,0.9163050240929997
21,SUCUMBÍOS,2102,Gonzalo Pizarro,2022,29.769959999999998,0.7765256274342672
21,SUCUMBÍOS,2102,Gonzalo Pizarro,2023,33.29108,0.9805002902719793
21,SUCUMBÍOS,2102,Gonzalo Pizarro,2024,31.38423,0.9832330297209017
21,SUCUMBÍOS,2103,Putumayo,2007,332.7819240428056,8.62091914780462
21,SUCUMBÍOS,2103,Putumayo,2008,468.53537685842,8.934282819373156
21,SUCUMBÍOS,2103,Putumayo,2009,318.7309385594193,9.712494317036686
21,SUCUMBÍOS,2103,Putumayo,2010,749.0935576979983,9.86186610128024
21,SUCUMBÍOS,2103,Putumayo,2011,736.1231964542914,10.45420836825984
21,SUCUMBÍOS,2103,Putumayo,2012,676.2807765051848,10.760104543309438
21,SUCUMBÍOS,2103,Putumayo,2013,753.9777641905325,11.463099628566557
21,SUCUMBÍOS,2103,Putumayo,2014,625.1556885660427,11.232555801195325
21,SUCUMBÍOS,2103,Putumayo,2015,361.3782824233086,11.883367442006197
21,SUCUMBÍOS,2103,Putumayo,2016,357.0788485728872,13.749712793328396
21,SUCUMBÍOS,2103,Putumayo,2017,301.7109779896596,12.221550520387463
21,SUCUMBÍOS,2103,Putumayo,2018,339.11789,10.374107029537683
21,SUCUMBÍOS,2103,Putumayo,2019,375.02082,13.165483833509633
21,SUCUMBÍOS,2103,Putumayo,2020,136.73512,6.838405047185104
21,SUCUMBÍOS,2103,Putumayo,2021,223.35433999999998,7.423376333162713
21,SUCUMBÍOS,2103,Putumayo,2022,299.42930000000007,7.810374117220968
21,SUCUMBÍOS,2103,Putumayo,2023,259.28311,7.636494959539358
21,SUCUMBÍOS,2103,Putumayo,2024,153.22921000000005,4.80050077347892
21,SUCUMBÍOS,2104,Shushufindi,2007,1482.7625305879103,38.411869660169124
21,SUCUMBÍOS,2104,Shushufindi,2008,1979.524946242498,37.74663897594885
21,SUCUMBÍOS,2104,Shushufindi,2009,1152.6148266303871,35.122931598599365
21,SUCUMBÍOS,2104,Shushufindi,2010,2705.357653795245,35.616211971961086
21,SUCUMBÍOS,2104,Shushufindi,2011,3212.235265910623,45.619234605640365
21,SUCUMBÍOS,2104,Shushufindi,2012,2915.2597580155275,46.383840642717956
21,SUCUMBÍOS,2104,Shushufindi,2013,2442.8947926705755,37.1405467382096
21,SUCUMBÍOS,2104,Shushufindi,2014,2086.387509602887,37.487404422867385
21,SUCUMBÍOS,2104,Shushufindi,2015,1017.1988849451873,33.44901644433461
21,SUCUMBÍOS,2104,Shushufindi,2016,735.9063384268361,28.336880878267777
21,SUCUMBÍOS,2104,Shushufindi,2017,619.3200144477195,25.08709127952019
21,SUCUMBÍOS,2104,Shushufindi,2018,1482.1470199999997,45.34102231819833
21,SUCUMBÍOS,2104,Shushufindi,2019,1202.97561,42.23167115244799
21,SUCUMBÍOS,2104,Shushufindi,2020,952.46837,47.634905419267334
21,SUCUMBÍOS,2104,Shushufindi,2021,1536.8600799999995,51.07888543940785
21,SUCUMBÍOS,2104,Shushufindi,2022,2035.1499699999995,53.085261363370314
21,SUCUMBÍOS,2104,Shushufindi,2023,1757.8588800000005,51.77306179604797
21,SUCUMBÍOS,2104,Shushufindi,2024,1667.3472899999997,52.23613666939207
21,SUCUMBÍOS,2105,Sucumbíos,2007,3.1443320806451025,0.08145584445146407
21,SUCUMBÍOS,2105,Sucumbíos,2008,5.544779394110819,0.10573081505644334
21,SUCUMBÍOS,2105,Sucumbíos,2009,5.631788078457955,0.17161405778178218
21,SUCUMBÍOS,2105,Sucumbíos,2010,6.6260089263778355,0.08723184460247356
21,SUCUMBÍOS,2105,Sucumbíos,2011,7.440738263576198,0.10567120910710164
21,SUCUMBÍOS,2105,Sucumbíos,2012,8.34162290672724,0.13272110882862234
21,SUCUMBÍOS,2105,Sucumbíos,2013,7.185279490040868,0.1092413842493906
21,SUCUMBÍOS,2105,Sucumbíos,2014,8.053718751884869,0.144706105922482
21,SUCUMBÍOS,2105,Sucumbíos,2015,8.767173942849876,0.28829499297035666
21,SUCUMBÍOS,2105,Sucumbíos,2016,10.18414069473154,0.39215150983893615
21,SUCUMBÍOS,2105,Sucumbíos,2017,9.188978353700051,0.37222232988930526
21,SUCUMBÍOS,2105,Sucumbíos,2018,7.262809999999999,0.2221798687034664
21,SUCUMBÍOS,2105,Sucumbíos,2019,8.80741,0.30919300419131684
21,SUCUMBÍOS,2105,Sucumbíos,2020,10.717850000000002,0.5360217589670662
21,SUCUMBÍOS,2105,Sucumbíos,2021,11.721290000000002,0.38956729822280056
21,SUCUMBÍOS,2105,Sucumbíos,2022,12.94241,0.33759242692168673
21,SUCUMBÍOS,2105,Sucumbíos,2023,12.50724,0.3683675161785472
21,SUCUMBÍOS,2105,Sucumbíos,2024,12.76777,0.40000003759466574
21,SUCUMBÍOS,2106,Cascales,2007,204.4316310660841,5.295926357009219
21,SUCUMBÍOS,2106,Cascales,2008,243.63098204538184,4.645685693468566
21,SUCUMBÍOS,2106,Cascales,2009,126.47581725174818,3.8540207670212454
21,SUCUMBÍOS,2106,Cascales,2010,305.712970514647,4.024731423275113
21,SUCUMBÍOS,2106,Cascales,2011,16.41001648863799,0.2330502999024208
21,SUCUMBÍOS,2106,Cascales,2012,19.27236624955528,0.30663695146534065
21,SUCUMBÍOS,2106,Cascales,2013,20.785777184982763,0.3160165273367819
21,SUCUMBÍOS,2106,Cascales,2014,20.437325802997265,0.36720997138479095
21,SUCUMBÍOS,2106,Cascales,2015,22.243115744016166,0.7314305543452563
21,SUCUMBÍOS,2106,Cascales,2016,23.53150393098194,0.9061063738140631
21,SUCUMBÍOS,2106,Cascales,2017,27.166711013013924,1.1004549232202459
21,SUCUMBÍOS,2106,Cascales,2018,17.82523,0.5452995825319803
21,SUCUMBÍOS,2106,Cascales,2019,21.34992,0.7495104581306286
21,SUCUMBÍOS,2106,Cascales,2020,23.197570000000002,1.1601582663651426
21,SUCUMBÍOS,2106,Cascales,2021,24.971469999999997,0.8299485893235058
21,SUCUMBÍOS,2106,Cascales,2022,27.773080000000004,0.7244386076696813
21,SUCUMBÍOS,2106,Cascales,2023,31.82087,0.9371991618087161
21,SUCUMBÍOS,2106,Cascales,2024,34.258199999999995,1.0732713142487353
21,SUCUMBÍOS,2107,Cuyabeno,2007,752.5517693097466,19.495313564333294
21,SUCUMBÍOS,2107,Cuyabeno,2008,1068.2108081200122,20.369214240441895
21,SUCUMBÍOS,2107,Cuyabeno,2009,588.0298273610578,17.918675803188847
21,SUCUMBÍOS,2107,Cuyabeno,2010,1431.2338133767407,18.842287564881893
21,SUCUMBÍOS,2107,Cuyabeno,2011,878.4236010158438,12.475117486923262
21,SUCUMBÍOS,2107,Cuyabeno,2012,774.7995148629627,12.327607215325004
21,SUCUMBÍOS,2107,Cuyabeno,2013,977.0953865059575,14.855268011988915
21,SUCUMBÍOS,2107,Cuyabeno,2014,720.7315940752528,12.949826733088255
21,SUCUMBÍOS,2107,Cuyabeno,2015,361.2601993772259,11.87948446316236
21,SUCUMBÍOS,2107,Cuyabeno,2016,365.50834205951685,14.074299687504881
21,SUCUMBÍOS,2107,Cuyabeno,2017,293.6321860479495,11.894299041116819
21,SUCUMBÍOS,2107,Cuyabeno,2018,434.88547,13.303775897434367
21,SUCUMBÍOS,2107,Cuyabeno,2019,346.20178,12.153762390371442
21,SUCUMBÍOS,2107,Cuyabeno,2020,176.62792,8.833526160666013
21,SUCUMBÍOS,2107,Cuyabeno,2021,275.34215,9.151236550103024
21,SUCUMBÍOS,2107,Cuyabeno,2022,366.89003,9.570033374083378
21,SUCUMBÍOS,2107,Cuyabeno,2023,310.62516999999986,9.148638895187021
21,SUCUMBÍOS,2107,Cuyabeno,2024,246.32050000000004,7.716947380814103
22,ORELLANA,2201,Orellana,2007,1176.4480479150968,27.811673125430403
22,ORELLANA,2201,Orellana,2008,1768.6818269904977,26.672536530419812
22,ORELLANA,2201,Orellana,2009,1055.1342184503242,27.569227919342932
22,ORELLANA,2201,Orellana,2010,896.1430978820993,28.830821047254616
22,ORELLANA,2201,Orellana,2011,1949.9198183837989,27.291690765859656
22,ORELLANA,2201,Orellana,2012,2654.4113715241447,30.330732672428322
22,ORELLANA,2201,Orellana,2013,2292.7674796323963,24.603591970920945
22,ORELLANA,2201,Orellana,2014,1912.6255157053668,20.259495021806558
22,ORELLANA,2201,Orellana,2015,990.8794658088414,25.185273764614074
22,ORELLANA,2201,Orellana,2016,882.714798715556,28.453298484497168
22,ORELLANA,2201,Orellana,2017,1135.4668178167974,23.754495767613115
22,ORELLANA,2201,Orellana,2018,3074.522719999999,57.18739992976482
22,ORELLANA,2201,Orellana,2019,2971.7671399999995,55.02399311848462
22,ORELLANA,2201,Orellana,2020,1894.3236799999997,56.796186167133925
22,ORELLANA,2201,Orellana,2021,3005.91617,56.87884358127596
22,ORELLANA,2201,Orellana,2022,4111.93415,56.899126294804326
22,ORELLANA,2201,Orellana,2023,3123.6438200000002,58.06504502468771
22,ORELLANA,2201,Orellana,2024,2532.6783599999994,41.89681842566056
22,ORELLANA,2202,Aguarico,2007,779.024542638194,18.416432391500713
22,ORELLANA,2202,Aguarico,2008,1052.999410146205,15.87971607161544
22,ORELLANA,2202,Aguarico,2009,511.3514157209296,13.360919853015554
22,ORELLANA,2202,Aguarico,2010,403.9890467113041,12.99718308193339
22,ORELLANA,2202,Aguarico,2011,14.866956776394842,0.20808260070256274
22,ORELLANA,2202,Aguarico,2012,14.809961027440375,0.16922658395426107
22,ORELLANA,2202,Aguarico,2013,18.37265492916667,0.19715619194503822
22,ORELLANA,2202,Aguarico,2014,16.959491432114174,0.17964349498630083
22,ORELLANA,2202,Aguarico,2015,20.22554240943942,0.5140744562747995
22,ORELLANA,2202,Aguarico,2016,22.682774288718857,0.7311531971963323
22,ORELLANA,2202,Aguarico,2017,21.933554819660166,0.4588602035364736
22,ORELLANA,2202,Aguarico,2018,903.1430100000001,16.79883520478314
22,ORELLANA,2202,Aguarico,2019,1060.9268699999998,19.643676655666706
22,ORELLANA,2202,Aguarico,2020,560.7744799999998,16.813310259552743
22,ORELLANA,2202,Aguarico,2021,915.13472,17.31645250595088
22,ORELLANA,2202,Aguarico,2022,1245.9673999999998,17.241145861202316
22,ORELLANA,2202,Aguarico,2023,924.5416700000001,17.186195606562457
22,ORELLANA,2202,Aguarico,2024,843.89492,13.960127267631941
22,ORELLANA,2203,La Joya De Los Sachas,2007,2024.2415569636269,47.85382967735404
22,ORELLANA,2203,La Joya De Los Sachas,2008,3453.7100059825852,52.08353752172172
22,ORELLANA,2203,La Joya De Los Sachas,2009,2078.7656912832067,54.31533176705078
22,ORELLANA,2203,La Joya De Los Sachas,2010,1662.2302940706907,53.4774683428768
22,ORELLANA,2203,La Joya De Los Sachas,2011,5135.450976895266,71.87738628187583
22,ORELLANA,2203,La Joya De Los Sachas,2012,6024.247399806046,68.8362924436886
22,ORELLANA,2203,La Joya De Los Sachas,2013,6943.27168424483,74.50795816843942
22,ORELLANA,2203,La Joya De Los Sachas,2014,7440.450025481239,78.81300286619128
22,ORELLANA,2203,La Joya De Los Sachas,2015,2856.1207166814766,72.59428077429324
22,ORELLANA,2203,La Joya De Los Sachas,2016,2117.8285627871014,68.26577318479153
22,ORELLANA,2203,La Joya De Los Sachas,2017,3534.9084299262213,73.9519341472562
22,ORELLANA,2203,La Joya De Los Sachas,2018,1353.22253,25.170501266316286
22,ORELLANA,2203,La Joya De Los Sachas,2019,1326.3030500000004,24.557270626602726
22,ORELLANA,2203,La Joya De Los Sachas,2020,837.9281899999999,25.123016713769612
22,ORELLANA,2203,La Joya De Los Sachas,2021,1324.6340699999996,25.06512151666523
22,ORELLANA,2203,La Joya De Los Sachas,2022,1823.4405499999996,25.231963927612373
22,ORELLANA,2203,La Joya De Los Sachas,2023,1281.27346,23.81744060173845
22,ORELLANA,2203,La Joya De Los Sachas,2024,2600.2040700000007,43.01386212754375
22,ORELLANA,2204,Loreto,2007,250.3371788068399,5.918064805714835
22,ORELLANA,2204,Loreto,2008,355.7059717006476,5.364209876243032
22,ORELLANA,2204,Loreto,2009,181.96582236427918,4.754520460590736
22,ORELLANA,2204,Loreto,2010,145.91913407812024,4.694527527935194
22,ORELLANA,2204,Loreto,2011,44.5003116743159,0.6228403515619628
22,ORELLANA,2204,Loreto,2012,58.08831109320448,0.6637482999288047
22,ORELLANA,2204,Loreto,2013,64.42049780097263,0.6912936686945955
22,ORELLANA,2204,Loreto,2014,70.6026222028275,0.7478586170158661
22,ORELLANA,2204,Loreto,2015,67.13478700006286,1.70637100481788
22,ORELLANA,2204,Loreto,2016,79.1024016065097,2.5497751335149617
22,ORELLANA,2204,Loreto,2017,87.6992806435879,1.8347098815942213
22,ORELLANA,2204,Loreto,2018,45.33574,0.8432635991357504
22,ORELLANA,2204,Loreto,2019,41.85986,0.7750595992459657
22,ORELLANA,2204,Loreto,2020,42.2745,1.26748685954372
22,ORELLANA,2204,Loreto,2021,39.08523,0.7395823961079376
22,ORELLANA,2204,Loreto,2022,45.36667,0.6277639163809835
22,ORELLANA,2204,Loreto,2023,50.100850000000015,0.9313187670113829
22,ORELLANA,2204,Loreto,2024,68.26008999999999,1.1291921791637405
23,SANTO DOMINGO,2301,Santo Domingo,2007,,
23,SANTO DOMINGO,2301,Santo Domingo,2008,814.1004570133048,100.0
23,SANTO DOMINGO,2301,Santo Domingo,2009,848.3929412975253,100.0
23,SANTO DOMINGO,2301,Santo Domingo,2010,949.5810509913883,100.0
23,SANTO DOMINGO,2301,Santo Domingo,2011,1064.5456765616075,100.0
23,SANTO DOMINGO,2301,Santo Domingo,2012,1240.533197926145,93.21216108753183
23,SANTO DOMINGO,2301,Santo Domingo,2013,1267.47143491583,93.59778853834449
23,SANTO DOMINGO,2301,Santo Domingo,2014,1294.606461429103,93.48219260667445
23,SANTO DOMINGO,2301,Santo Domingo,2015,1469.1418350735482,93.60297955996656
23,SANTO DOMINGO,2301,Santo Domingo,2016,1518.3863552669093,93.5207047425102
23,SANTO DOMINGO,2301,Santo Domingo,2017,1624.4792603559736,93.21811474488096
23,SANTO DOMINGO,2301,Santo Domingo,2018,1606.73335,88.96423336091497
23,SANTO DOMINGO,2301,Santo Domingo,2019,1595.0146900000002,90.16296871508337
23,SANTO DOMINGO,2301,Santo Domingo,2020,1503.90069,90.05167577026077
23,SANTO DOMINGO,2301,Santo Domingo,2021,1578.8196799999998,90.56060722344341
23,SANTO DOMINGO,2301,Santo Domingo,2022,1732.8993899999996,91.0798500516828
23,SANTO DOMINGO,2301,Santo Domingo,2023,1821.36822,90.45761584965072
23,SANTO DOMINGO,2301,Santo Domingo,2024,1844.4992500000003,90.29472184717983
23,SANTO DOMINGO,2302,La Concordia,2007,,
23,SANTO DOMINGO,2302,La Concordia,2008,,
23,SANTO DOMINGO,2302,La Concordia,2009,,
23,SANTO DOMINGO,2302,La Concordia,2010,,
23,SANTO DOMINGO,2302,La Concordia,2011,,
23,SANTO DOMINGO,2302,La Concordia,2012,90.33734884855096,6.787838912468189
23,SANTO DOMINGO,2302,La Concordia,2013,86.69670805966464,6.402211461655506
23,SANTO DOMINGO,2302,La Concordia,2014,90.26313280062266,6.517807393325553
23,SANTO DOMINGO,2302,La Concordia,2015,100.40417935897896,6.397020440033439
23,SANTO DOMINGO,2302,La Concordia,2016,105.19674266575696,6.479295257489784
23,SANTO DOMINGO,2302,La Concordia,2017,118.185526205998,6.781885255119039
23,SANTO DOMINGO,2302,La Concordia,2018,199.31082000000004,11.035766639085026
23,SANTO DOMINGO,2302,La Concordia,2019,174.02055,9.837031284916629
23,SANTO DOMINGO,2302,La Concordia,2020,166.14118000000002,9.948324229739223
23,SANTO DOMINGO,2302,La Concordia,2021,164.56491999999994,9.439392776556588
23,SANTO DOMINGO,2302,La Concordia,2022,169.71616,8.920149948317203
23,SANTO DOMINGO,2302,La Concordia,2023,192.13634,9.542384150349278
23,SANTO DOMINGO,2302,La Concordia,2024,198.25498000000002,9.705278152820176
24,SANTA ELENA,2401,Santa Elena,2007,,
24,SANTA ELENA,2401,Santa Elena,2008,245.13705844236887,30.981654192345452
24,SANTA ELENA,2401,Santa Elena,2009,232.332248712492,29.831460372426527
24,SANTA ELENA,2401,Santa Elena,2010,268.2149172037462,34.728425116092076
24,SANTA ELENA,2401,Santa Elena,2011,366.0919190922639,42.40732246557717
24,SANTA ELENA,2401,Santa Elena,2012,935.7026617568116,61.662372931412754
24,SANTA ELENA,2401,Santa Elena,2013,793.5657517259231,58.16528153670957
24,SANTA ELENA,2401,Santa Elena,2014,987.7361329562821,63.5421481930949
24,SANTA ELENA,2401,Santa Elena,2015,457.77707798774213,37.99486326567303
24,SANTA ELENA,2401,Santa Elena,2016,418.1364127053368,39.44622709846007
24,SANTA ELENA,2401,Santa Elena,2017,537.5905684169471,41.40640127373493
24,SANTA ELENA,2401,Santa Elena,2018,515.34362,32.666585293418215
24,SANTA ELENA,2401,Santa Elena,2019,448.92193999999995,33.20700837940011
24,SANTA ELENA,2401,Santa Elena,2020,323.03438000000006,33.7108906062151
24,SANTA ELENA,2401,Santa Elena,2021,352.91137000000003,31.465811544584994
24,SANTA ELENA,2401,Santa Elena,2022,414.43849000000006,34.62951125936989
24,SANTA ELENA,2401,Santa Elena,2023,433.74285,30.679207472453513
24,SANTA ELENA,2401,Santa Elena,2024,456.25181000000003,29.891701925468055
24,SANTA ELENA,2402,La Libertad,2007,,
24,SANTA ELENA,2402,La Libertad,2008,421.22904590874913,53.23704510056599
24,SANTA ELENA,2402,La Libertad,2009,404.9595360677303,51.99680379967495
24,SANTA ELENA,2402,La Libertad,2010,360.8664877305655,46.72493583396808
24,SANTA ELENA,2402,La Libertad,2011,352.29920224296404,40.8096029842104
24,SANTA ELENA,2402,La Libertad,2012,403.2972118929415,26.577099861242882
24,SANTA ELENA,2402,La Libertad,2013,384.73584311648847,28.199640147603986
24,SANTA ELENA,2402,La Libertad,2014,368.65688455326597,23.716101506357596
24,SANTA ELENA,2402,La Libertad,2015,567.481458281484,47.100174844899215
24,SANTA ELENA,2402,La Libertad,2016,455.11306175599765,42.93453677796244
24,SANTA ELENA,2402,La Libertad,2017,544.0137727363395,41.901130517767484
24,SANTA ELENA,2402,La Libertad,2018,863.09227,54.709665861478875
24,SANTA ELENA,2402,La Libertad,2019,691.4264599999999,51.14520411044947
24,SANTA ELENA,2402,La Libertad,2020,447.90725999999995,46.742246579418385
24,SANTA ELENA,2402,La Libertad,2021,549.4526099999999,48.98955870687972
24,SANTA ELENA,2402,La Libertad,2022,551.8752799999999,46.113408101954775
24,SANTA ELENA,2402,La Libertad,2023,727.6270599999999,51.46602770814869
24,SANTA ELENA,2402,La Libertad,2024,795.4098200000002,52.11190997363978
24,SANTA ELENA,2403,Salinas,2007,,
24,SANTA ELENA,2403,Salinas,2008,124.86685216072048,15.78130070708856
24,SANTA ELENA,2403,Salinas,2009,141.5244240542558,18.171735827898516
24,SANTA ELENA,2403,Salinas,2010,143.2395866083302,18.54663904993984
24,SANTA ELENA,2403,Salinas,2011,144.88412880448007,16.783074550212433
24,SANTA ELENA,2403,Salinas,2012,178.46145207249333,11.760527207344369
24,SANTA ELENA,2403,Salinas,2013,186.0273153943312,13.635078315686439
24,SANTA ELENA,2403,Salinas,2014,198.06518235285264,12.741750300547498
24,SANTA ELENA,2403,Salinas,2015,179.5808515890978,14.904961889427751
24,SANTA ELENA,2403,Salinas,2016,186.7667640033583,17.619236123577476
24,SANTA ELENA,2403,Salinas,2017,216.72285435199805,16.692468208497598
24,SANTA ELENA,2403,Salinas,2018,199.15055,12.623748845102902
24,SANTA ELENA,2403,Salinas,2019,211.54074,15.64778751015043
24,SANTA ELENA,2403,Salinas,2020,187.30768,19.546862814366516
24,SANTA ELENA,2403,Salinas,2021,219.20687,19.54462974853528
24,SANTA ELENA,2403,Salinas,2022,230.46457000000004,19.257080638675333
24,SANTA ELENA,2403,Salinas,2023,252.43078999999997,17.85476481939781
24,SANTA ELENA,2403,Salinas,2024,274.68776,17.99638810089215
