codigo_provincia,provincia,codigo_canton,canton,anio,vab,participacion_provincial,vab_group,num_emp,ventas_totales,empleo_prom,plazas
01,AZUAY,0101,Cuenca,2015,3768.547845559982,87.52578512558664,Alto,63567,10463483899,158368,154195
01,AZUAY,0101,Cuenca,2016,3763.837890107637,87.52801433021239,Alto,65863,10608220081,149504,157942
01,AZUAY,0101,Cuenca,2017,4035.9975865722863,87.63145170794022,Alto,63069,10193601376,142612,147151
01,AZUAY,0101,Cuenca,2018,3997.61996,85.9515277257354,Alto,62142,10047784315,146770,148328
01,AZUAY,0101,Cuenca,2019,3924.2377200000005,84.29555538589108,Alto,68213,13951246947,153452,158544
01,AZUAY,0101,Cuenca,2020,3488.7119500000003,83.2536011074211,Alto,63905,11620232412,151621,155910
01,AZUAY,0101,Cuenca,2021,3757.9798400000004,81.58715279334893,Alto,65333,9515114793,145268,158178
01,AZUAY,0101,Cuenca,2022,4174.47089,82.10529704763833,Alto,60347,6230358945,138887,151741
01,AZUAY,0101,Cuenca,2023,4139.07493,83.30154531591765,Alto,69768,14692114679,160426,155469
01,AZUAY,0101,Cuenca,2024,4557.407629999999,85.48727244475187,Alto,61321,9212202930,149740,144837
01,AZUAY,0102,Girón,2015,22.98271560345471,0.5337812626899358,Bajo,706,11431691,889,943
01,AZUAY,0102,Girón,2016,23.009286787075023,0.5350807453531095,Bajo,709,12436827,890,947
01,AZUAY,0102,Girón,2017,24.01925119111433,0.521517123255426,Bajo,708,11083966,840,936
01,AZUAY,0102,Girón,2018,20.64174,0.44381134416724827,Bajo,748,15542880,916,921
01,AZUAY,0102,Girón,2019,24.15174,0.5187974027311579,Bajo,755,13612760,933,857
01,AZUAY,0102,Girón,2020,20.60122,0.4916214857481214,Bajo,756,15269706,915,888
01,AZUAY,0102,Girón,2021,21.31083,0.46266611780522066,Bajo,724,13346599,866,897
01,AZUAY,0102,Girón,2022,24.35896,0.4791025495860005,Bajo,719,11605253,854,925
01,AZUAY,0102,Girón,2023,20.4875,0.41232411553850823,Bajo,754,13769424,890,922
01,AZUAY,0102,Girón,2024,25.07995,0.470446510958853,Bajo,648,6323948,810,864
01,AZUAY,0103,Gualaceo,2015,84.88434620704665,1.9714673532398481,Medio,3256,89088165,4145,4286
01,AZUAY,0103,Gualaceo,2016,77.71334334110907,1.8072230601341828,Medio,3434,95076583,4306,4314
01,AZUAY,0103,Gualaceo,2017,82.99601759898837,1.802048032034135,Medio,3182,77147987,4465,4216
01,AZUAY,0103,Gualaceo,2018,94.3896,2.029440117519594,Medio,3350,94883223,4460,4449
01,AZUAY,0103,Gualaceo,2019,101.92595,2.1894454863668567,Medio,3380,118590284,4221,4485
01,AZUAY,0103,Gualaceo,2020,95.37825000000001,2.2760786484031414,Medio,3644,146775483,4673,4520
01,AZUAY,0103,Gualaceo,2021,109.26994999999998,2.3722916263360254,Medio,3061,54537624,4088,4039
01,AZUAY,0103,Gualaceo,2022,120.88867000000003,2.3776905915958917,Medio,3680,151042420,4786,4441
01,AZUAY,0103,Gualaceo,2023,113.86847999999998,2.29167640286586,Medio,3534,106105678,4431,4448
01,AZUAY,0103,Gualaceo,2024,133.23928999999998,2.4992856486211013,Medio,3552,132861891,4653,4574
01,AZUAY,0104,Nabón,2015,18.95929741352277,0.4403360285058299,Bajo,706,3936557,580,567
01,AZUAY,0104,Nabón,2016,19.65349009881003,0.45704172529017634,Bajo,725,4107612,554,573
01,AZUAY,0104,Nabón,2017,21.593044146712714,0.46883819050474695,Bajo,704,4076998,556,576
01,AZUAY,0104,Nabón,2018,21.181189999999997,0.4554098833219427,Bajo,730,4958426,582,557
01,AZUAY,0104,Nabón,2019,23.091829999999998,0.49602974478482426,Bajo,676,3660441,573,562
01,AZUAY,0104,Nabón,2020,24.12572,0.5757291224084383,Bajo,745,5621511,597,626
01,AZUAY,0104,Nabón,2021,23.402620000000006,0.5080796638080645,Bajo,733,5110830,610,576
01,AZUAY,0104,Nabón,2022,25.904480000000007,0.5095005046890163,Bajo,763,5649166,595,559
01,AZUAY,0104,Nabón,2023,23.033720000000002,0.46356843082668203,Bajo,711,4042918,552,564
01,AZUAY,0104,Nabón,2024,31.194220000000005,0.5851372096468642,Bajo,739,5546556,607,563
01,AZUAY,0105,Paute,2015,66.7898828040202,1.5512173841059806,Medio,1597,73565417,2005,1889
01,AZUAY,0105,Paute,2016,65.10101493447165,1.5139234830150592,Medio,1587,69702430,1966,2193
01,AZUAY,0105,Paute,2017,65.33629287104624,1.4186118972304746,Medio,1646,79890609,2010,1971
01,AZUAY,0105,Paute,2018,77.74043999999999,1.6714719385358654,Medio,1610,81092002,1966,2010
01,AZUAY,0105,Paute,2019,88.45680999999999,1.9001183054257587,Medio,1692,110070089,2008,2050
01,AZUAY,0105,Paute,2020,78.04188,1.8623685876941563,Medio,1699,92002810,2010,2084
01,AZUAY,0105,Paute,2021,73.73266999999998,1.600763939476475,Medio,1555,63028804,1877,2078
01,AZUAY,0105,Paute,2022,74.60309,1.4673258064381178,Medio,1630,95690595,2010,2092
01,AZUAY,0105,Paute,2023,62.63786000000001,1.2606272226345288,Medio,1526,60591340,1948,1869
01,AZUAY,0105,Paute,2024,79.13286000000002,1.4843641191148862,Medio,1574,69563550,2055,2000
01,AZUAY,0106,Pucará,2015,11.68037318649642,0.27128057692366564,Bajo,268,8660956,431,439
01,AZUAY,0106,Pucará,2016,11.04299006182106,0.25680462883905586,Bajo,270,7520085,424,471
01,AZUAY,0106,Pucará,2017,11.470359348027856,0.24904976272126442,Bajo,260,6148551,402,455
01,AZUAY,0106,Pucará,2018,19.513870000000004,0.41956137780075436,Bajo,265,6274474,405,456
01,AZUAY,0106,Pucará,2019,23.673309999999994,0.5085203692176855,Bajo,275,11168983,442,464
01,AZUAY,0106,Pucará,2020,23.14593,0.5523477005547252,Bajo,276,9282724,433,465
01,AZUAY,0106,Pucará,2021,25.329320000000003,0.5499090439483648,Bajo,275,9657325,413,497
01,AZUAY,0106,Pucará,2022,23.95617,0.47118030184029436,Bajo,234,3806887,388,427
01,AZUAY,0106,Pucará,2023,28.267060000000004,0.5688927645332006,Bajo,265,8200350,434,469
01,AZUAY,0106,Pucará,2024,17.15743,0.32183688885028694,Bajo,261,6918346,420,463
01,AZUAY,0107,San Fernando,2015,7.607869833578356,0.17669532339936778,Bajo,261,1237430,208,206
01,AZUAY,0107,San Fernando,2016,6.905274350143867,0.160582089324829,Bajo,272,1188431,209,206
01,AZUAY,0107,San Fernando,2017,6.748298916900602,0.14652219630026006,Bajo,270,1263838,210,215
01,AZUAY,0107,San Fernando,2018,6.40191,0.13764538659714484,Bajo,270,1249684,208,207
01,AZUAY,0107,San Fernando,2019,7.432930000000002,0.15966488454589634,Bajo,272,1262628,220,202
01,AZUAY,0107,San Fernando,2020,8.21229,0.19597568547855124,Bajo,259,997273,202,206
01,AZUAY,0107,San Fernando,2021,6.846540000000001,0.1486409530833926,Bajo,265,1336141,204,215
01,AZUAY,0107,San Fernando,2022,7.843190000000001,0.1542632495758203,Bajo,264,1279295,210,205
01,AZUAY,0107,San Fernando,2023,5.832020000000002,0.11737315379147732,Bajo,256,1006010,196,200
01,AZUAY,0107,San Fernando,2024,8.37749,0.15714389147875818,Bajo,271,1448190,209,211
01,AZUAY,0108,Santa Isabel,2015,37.38173440822568,0.8682032940860623,Medio,1388,48598286,2169,2253
01,AZUAY,0108,Santa Isabel,2016,37.91795558327684,0.8817816963871683,Medio,1340,44523476,2191,2192
01,AZUAY,0108,Santa Isabel,2017,42.31508365482492,0.9187647242783669,Medio,1415,50630680,2236,2322
01,AZUAY,0108,Santa Isabel,2018,48.356579999999994,1.0396991130171718,Medio,1354,46620751,2186,2202
01,AZUAY,0108,Santa Isabel,2019,50.67821,1.0886057784269039,Medio,1385,53937532,2270,2419
01,AZUAY,0108,Santa Isabel,2020,43.9419,1.0486166433150743,Medio,1347,42747534,2293,2179
01,AZUAY,0108,Santa Isabel,2021,50.39206,1.0940305360423666,Medio,1297,35503967,2102,2173
01,AZUAY,0108,Santa Isabel,2022,56.821349999999995,1.1175868615046984,Medio,1410,59948326,2305,2259
01,AZUAY,0108,Santa Isabel,2023,50.17151000000001,1.0097339102370433,Medio,1308,34233364,2234,2289
01,AZUAY,0108,Santa Isabel,2024,64.69847,1.2136056681084302,Medio,1294,48303849,2162,2331
01,AZUAY,0109,Sigsig,2015,39.86270528276614,0.9258246730805487,Bajo,1299,8518655,1362,1366
01,AZUAY,0109,Sigsig,2016,39.79644935433632,0.9254660511636186,Bajo,1300,8891345,1376,1413
01,AZUAY,0109,Sigsig,2017,44.72650644662355,0.9711226544788149,Bajo,1314,8809862,1435,1414
01,AZUAY,0109,Sigsig,2018,37.72737,0.8111639227892183,Bajo,1342,8120500,1398,1380
01,AZUAY,0109,Sigsig,2019,39.395230000000005,0.8462389460964963,Bajo,1490,12601762,1501,1479
01,AZUAY,0109,Sigsig,2020,36.18279,0.863455512746928,Bajo,1405,12574161,1494,1373
01,AZUAY,0109,Sigsig,2021,35.59493,0.7727792899970851,Bajo,1199,6400535,1342,1414
01,AZUAY,0109,Sigsig,2022,38.010369999999995,0.7476043795674044,Bajo,1401,9341903,1325,1405
01,AZUAY,0109,Sigsig,2023,32.96414,0.663424520804762,Bajo,1396,10307035,1421,1374
01,AZUAY,0109,Sigsig,2024,42.15006999999999,0.7906456499383538,Bajo,1451,12215605,1438,1407
01,AZUAY,0110,Oña,2015,5.44866349912743,0.1265470335498395,Bajo,223,1536552,248,237
01,AZUAY,0110,Oña,2016,5.342289218110708,0.12423488494759825,Bajo,217,1500802,240,231
01,AZUAY,0110,Oña,2017,5.255273323907543,0.11410493208127745,Bajo,229,1941852,255,245
01,AZUAY,0110,Oña,2018,5.979769999999999,0.12856909163234234,Bajo,222,1720826,242,237
01,AZUAY,0110,Oña,2019,7.447349999999999,0.15997463690938574,Bajo,210,1534154,255,253
01,AZUAY,0110,Oña,2020,7.422140000000001,0.17711977709235482,Bajo,223,1702358,269,250
01,AZUAY,0110,Oña,2021,7.594469999999999,0.16487879410084982,Bajo,218,1618313,249,237
01,AZUAY,0110,Oña,2022,7.72274,0.15189418693531206,Bajo,200,950547,244,238
01,AZUAY,0110,Oña,2023,6.123709999999999,0.12324360266329801,Bajo,232,1875900,244,255
01,AZUAY,0110,Oña,2024,7.96839,0.14947004573212525,Bajo,232,2283691,254,241
01,AZUAY,0111,Chordeleg,2015,18.902726296475986,0.4390221453768723,Bajo,918,9180349,813,785
01,AZUAY,0111,Chordeleg,2016,19.400144076541608,0.45115016595232754,Bajo,873,9401179,800,780
01,AZUAY,0111,Chordeleg,2017,21.321173884567536,0.4629352172653021,Bajo,895,10414435,786,792
01,AZUAY,0111,Chordeleg,2018,20.149109999999997,0.43321946661830557,Bajo,924,11098788,823,832
01,AZUAY,0111,Chordeleg,2019,22.83407,0.49049286758558397,Bajo,849,7037604,783,762
01,AZUAY,0111,Chordeleg,2020,21.264550000000003,0.507450998764404,Bajo,794,6427562,764,751
01,AZUAY,0111,Chordeleg,2021,20.65682,0.44846731523836647,Bajo,910,12913424,808,810
01,AZUAY,0111,Chordeleg,2022,23.060589999999998,0.45356564746431816,Bajo,897,11226423,842,799
01,AZUAY,0111,Chordeleg,2023,17.862350000000003,0.359491283230715,Bajo,952,15010857,893,781
01,AZUAY,0111,Chordeleg,2024,25.345419999999997,0.47542616344078564,Bajo,863,8007459,787,772
01,AZUAY,0112,El Pan,2015,5.526246641243512,0.12834892799419967,Bajo,119,445398,138,141
01,AZUAY,0112,El Pan,2016,5.355741269982291,0.12454771228590662,Bajo,118,411475,138,138
01,AZUAY,0112,El Pan,2017,6.060695826371642,0.1315926390521614,Bajo,126,468184,137,146
01,AZUAY,0112,El Pan,2018,5.69505,0.12244741943264897,Bajo,115,399105,129,138
01,AZUAY,0112,El Pan,2019,6.765959999999999,0.14533787110091878,Bajo,126,462922,137,144
01,AZUAY,0112,El Pan,2020,6.2773200000000005,0.1498001276097434,Bajo,109,246503,121,138
01,AZUAY,0112,El Pan,2021,5.126429999999999,0.1112967193816579,Bajo,124,527375,150,143
01,AZUAY,0112,El Pan,2022,5.62908,0.11071517748801935,Bajo,124,498421,145,139
01,AZUAY,0112,El Pan,2023,4.005559999999999,0.08061447146974626,Bajo,123,510284,142,146
01,AZUAY,0112,El Pan,2024,5.741599999999999,0.10770020224607106,Bajo,118,379398,134,140
01,AZUAY,0113,Sevilla De Oro,2015,172.98090303448024,4.017539373332834,Bajo,284,5422653,346,352
01,AZUAY,0113,Sevilla De Oro,2016,178.48814080421485,4.150740016498827,Bajo,292,5464885,320,367
01,AZUAY,0113,Sevilla De Oro,2017,186.68074323232116,4.053298889422551,Bajo,295,5817366,327,377
01,AZUAY,0113,Sevilla De Oro,2018,140.42372999999998,3.0192049877713187,Bajo,295,5797809,341,353
01,AZUAY,0113,Sevilla De Oro,2019,161.80250999999998,3.4756386886982957,Bajo,288,5279879,342,361
01,AZUAY,0113,Sevilla De Oro,2020,148.31584000000007,3.5393658055581505,Bajo,282,5019526,332,358
01,AZUAY,0113,Sevilla De Oro,2021,149.58721,3.247594473045596,Bajo,276,3140678,309,323
01,AZUAY,0113,Sevilla De Oro,2022,159.80233999999996,3.1430614658347027,Bajo,269,2933360,298,319
01,AZUAY,0113,Sevilla De Oro,2023,147.42311000000004,2.9669849147375826,Bajo,301,5262731,319,346
01,AZUAY,0113,Sevilla De Oro,2024,10.31674,0.1935200962310386,Bajo,277,5480229,333,357
01,AZUAY,0114,Guachapala,2015,7.031805047139876,0.1633160259132988,Bajo,184,648605,182,207
01,AZUAY,0114,Guachapala,2016,6.610039408381566,0.15371640356262656,Bajo,180,671746,190,192
01,AZUAY,0114,Guachapala,2017,6.5413760535437655,0.14202939110933244,Bajo,177,644950,185,188
01,AZUAY,0114,Guachapala,2018,7.90849,0.17003787361110262,Bajo,181,756825,176,200
01,AZUAY,0114,Guachapala,2019,7.592819999999999,0.16309944109224384,Bajo,184,862620,196,191
01,AZUAY,0114,Guachapala,2020,6.94799,0.16580480023819413,Bajo,172,652946,191,198
01,AZUAY,0114,Guachapala,2021,6.861879999999999,0.14897399024089097,Bajo,188,861432,201,192
01,AZUAY,0114,Guachapala,2022,6.532420000000001,0.12848245889670915,Bajo,193,901229,204,203
01,AZUAY,0114,Guachapala,2023,5.045310000000001,0.1015401090112308,Bajo,184,632172,192,196
01,AZUAY,0114,Guachapala,2024,7.2328199999999985,0.13567231726512255,Bajo,182,643077,195,192
01,AZUAY,0115,Camilo Ponce Enríquez,2015,37.055891015144546,0.8606354722150961,Alto,1472,287727790,7295,7479
01,AZUAY,0115,Camilo Ponce Enríquez,2016,39.97821489286944,0.9296930070331264,Alto,1419,339398452,7198,8284
01,AZUAY,0115,Camilo Ponce Enríquez,2017,44.58787583456714,0.9681126423256657,Alto,1456,308327468,7778,7885
01,AZUAY,0115,Camilo Ponce Enríquez,2018,147.28795,3.166790351449949,Alto,1510,367721464,7791,8009
01,AZUAY,0115,Camilo Ponce Enríquez,2019,165.84526999999997,3.562480191126917,Alto,1433,320344758,7948,7997
01,AZUAY,0115,Camilo Ponce Enríquez,2020,181.89395,4.340663996966903,Alto,1458,319519306,7555,7705
01,AZUAY,0115,Camilo Ponce Enríquez,2021,312.40707000000003,6.7824747441467,Alto,1465,357628100,7432,8228
01,AZUAY,0115,Camilo Ponce Enríquez,2022,334.68503,6.582729770945354,Alto,1537,403966416,8346,8324
01,AZUAY,0115,Camilo Ponce Enríquez,2023,311.98803,6.278959781737721,Alto,1238,117028497,6964,7515
01,AZUAY,0115,Camilo Ponce Enríquez,2024,316.0525300000001,5.928473143615449,Alto,1405,243250664,7309,7399
02,BOLÍVAR,0201,Guaranda,2015,238.7021391828068,59.58678982576352,Medio,5490,96640021,8698,8248
02,BOLÍVAR,0201,Guaranda,2016,239.4190948422487,60.070733813691646,Medio,5869,117940365,8406,8797
02,BOLÍVAR,0201,Guaranda,2017,254.03593325099519,59.70572539011913,Medio,5636,112817780,8385,8767
02,BOLÍVAR,0201,Guaranda,2018,217.59114000000002,52.27565981728337,Medio,5587,105972470,8215,8913
02,BOLÍVAR,0201,Guaranda,2019,196.50749000000002,47.46860313148947,Medio,5829,127318800,8958,8836
02,BOLÍVAR,0201,Guaranda,2020,183.80398000000002,45.098336535540334,Medio,5230,70617039,8043,8399
02,BOLÍVAR,0201,Guaranda,2021,186.01693000000003,43.54877221080811,Medio,5687,121136544,8805,8779
02,BOLÍVAR,0201,Guaranda,2022,215.47531999999995,45.44759225984624,Medio,6322,156585077,9069,8506
02,BOLÍVAR,0201,Guaranda,2023,216.30912000000006,43.32215963817128,Medio,6040,136691708,8528,8496
02,BOLÍVAR,0201,Guaranda,2024,221.45180999999997,35.35530667240904,Medio,6376,171495659,9266,9052
02,BOLÍVAR,0202,Chillanes,2015,24.28892666995813,6.063201500962599,Bajo,581,7641318,595,614
02,BOLÍVAR,0202,Chillanes,2016,22.783112976260504,5.716329000182576,Bajo,591,7457267,627,606
02,BOLÍVAR,0202,Chillanes,2017,22.673482832386465,5.328918323891265,Bajo,585,8317045,609,643
02,BOLÍVAR,0202,Chillanes,2018,26.74782,6.426088576832349,Bajo,571,6704726,590,632
02,BOLÍVAR,0202,Chillanes,2019,31.131890000000006,7.52025956437175,Bajo,601,8300509,595,613
02,BOLÍVAR,0202,Chillanes,2020,39.02813999999999,9.57598519942921,Bajo,661,10929599,638,646
02,BOLÍVAR,0202,Chillanes,2021,44.79315,10.486608320837027,Bajo,543,5068258,564,604
02,BOLÍVAR,0202,Chillanes,2022,48.66517999999999,10.264355369756611,Bajo,632,8913227,641,632
02,BOLÍVAR,0202,Chillanes,2023,47.15435000000001,9.4440228795448,Bajo,612,8244167,623,634
02,BOLÍVAR,0202,Chillanes,2024,62.58630000000002,9.992051227720356,Bajo,638,11592468,628,638
02,BOLÍVAR,0203,Chimbo,2015,24.034111098725667,5.999592343795673,Medio,912,40210786,1217,1278
02,BOLÍVAR,0203,Chimbo,2016,21.6387327026324,5.429201681269069,Medio,906,42158869,1155,1248
02,BOLÍVAR,0203,Chimbo,2017,24.203087114641185,5.688419171126202,Medio,906,47252411,1249,1210
02,BOLÍVAR,0203,Chimbo,2018,31.577829999999995,7.586484903971756,Medio,928,42305658,1199,1300
02,BOLÍVAR,0203,Chimbo,2019,32.63448999999999,7.883229561420592,Medio,916,40522874,1158,1230
02,BOLÍVAR,0203,Chimbo,2020,36.88205,9.04941831521072,Medio,1014,64786654,1272,1336
02,BOLÍVAR,0203,Chimbo,2021,36.73971000000001,8.60120238454182,Medio,1075,76988602,1367,1358
02,BOLÍVAR,0203,Chimbo,2022,36.41501999999999,7.680577901423448,Medio,1078,73448836,1335,1363
02,BOLÍVAR,0203,Chimbo,2023,37.65332,7.541166733733403,Medio,1022,64026479,1303,1336
02,BOLÍVAR,0203,Chimbo,2024,48.08022000000001,7.6761211523938115,Medio,1007,61440067,1301,1253
02,BOLÍVAR,0204,Echeandía,2015,27.610719445643504,6.892414714749168,Bajo,706,20733974,895,871
02,BOLÍVAR,0204,Echeandía,2016,24.58542055754789,6.168531607653165,Bajo,695,21938903,881,925
02,BOLÍVAR,0204,Echeandía,2017,25.462497218762742,5.984416642302569,Bajo,716,21153320,903,865
02,BOLÍVAR,0204,Echeandía,2018,23.30689,5.599414815506014,Bajo,735,23006189,863,880
02,BOLÍVAR,0204,Echeandía,2019,24.57279,5.935834895369297,Bajo,739,26943948,882,923
02,BOLÍVAR,0204,Echeandía,2020,21.589370000000002,5.297190375585438,Bajo,664,15281035,866,840
02,BOLÍVAR,0204,Echeandía,2021,20.47501,4.793442975884066,Bajo,732,18241232,799,874
02,BOLÍVAR,0204,Echeandía,2022,22.45075,4.7352640289743775,Bajo,692,20697982,863,849
02,BOLÍVAR,0204,Echeandía,2023,22.65271,4.5368605764620495,Bajo,674,14086907,813,884
02,BOLÍVAR,0204,Echeandía,2024,31.9353,5.098546384314424,Bajo,647,13744835,821,847
02,BOLÍVAR,0205,San Miguel,2015,38.57683506809793,9.6298666246367,Medio,1304,23738798,2087,2065
02,BOLÍVAR,0205,San Miguel,2016,39.14306593199985,9.821074195448915,Medio,1323,27822952,2057,2114
02,BOLÍVAR,0205,San Miguel,2017,40.51361466216137,9.521860630598937,Medio,1356,28212829,2074,2087
02,BOLÍVAR,0205,San Miguel,2018,57.44080999999999,13.799993157760046,Medio,1348,34593487,2081,2039
02,BOLÍVAR,0205,San Miguel,2019,69.99189,16.907331363465413,Medio,1304,29062550,1993,2065
02,BOLÍVAR,0205,San Miguel,2020,61.36462,15.056487265050238,Medio,1186,12824330,1794,2041
02,BOLÍVAR,0205,San Miguel,2021,63.02621,14.75518417920646,Medio,1398,33107675,2104,2144
02,BOLÍVAR,0205,San Miguel,2022,65.38069999999999,13.7899569902638,Medio,1265,19712809,1908,2017
02,BOLÍVAR,0205,San Miguel,2023,71.4434,14.308607884372721,Medio,1305,31173038,2033,2059
02,BOLÍVAR,0205,San Miguel,2024,104.17991,16.632569709653644,Medio,1355,27489810,1982,2117
02,BOLÍVAR,0206,Caluma,2015,33.12679600241293,8.269383080329344,Medio,1140,28628454,886,934
02,BOLÍVAR,0206,Caluma,2016,35.72472779561667,8.963406262107327,Medio,1148,30582285,937,903
02,BOLÍVAR,0206,Caluma,2017,41.34449571315364,9.717141491961897,Medio,1162,36407115,908,978
02,BOLÍVAR,0206,Caluma,2018,31.146259999999998,7.482801424454415,Medio,1125,30412722,907,934
02,BOLÍVAR,0206,Caluma,2019,33.88895,8.186258539523813,Medio,1148,33776757,987,979
02,BOLÍVAR,0206,Caluma,2020,33.46573,8.211186471302351,Medio,1167,34682527,948,906
02,BOLÍVAR,0206,Caluma,2021,36.56264999999999,8.559750536004989,Medio,1092,30334395,927,905
02,BOLÍVAR,0206,Caluma,2022,39.14864,8.257147167701188,Medio,1247,46173913,1003,1006
02,BOLÍVAR,0206,Caluma,2023,41.93333,8.398362567515028,Medio,1296,53875722,1015,986
02,BOLÍVAR,0206,Caluma,2024,52.652330000000006,8.40606935733279,Medio,1264,42781557,1022,1005
02,BOLÍVAR,0207,Las Naves,2015,14.256208400641775,3.5587519097629943,Bajo,372,16166426,607,598
02,BOLÍVAR,0207,Las Naves,2016,15.267806472214255,3.8307234396472953,Bajo,368,16487542,611,601
02,BOLÍVAR,0207,Las Naves,2017,17.246910748742064,4.0535183500000125,Bajo,357,18531461,582,609
02,BOLÍVAR,0207,Las Naves,2018,28.427209999999995,6.829557304192053,Bajo,352,14989315,584,608
02,BOLÍVAR,0207,Las Naves,2019,25.246109999999994,6.098482944359664,Bajo,378,16951404,586,631
02,BOLÍVAR,0207,Las Naves,2020,31.428769999999997,7.711395837881713,Bajo,356,15069212,628,623
02,BOLÍVAR,0207,Las Naves,2021,39.53255,9.255039392717542,Bajo,368,15766030,641,616
02,BOLÍVAR,0207,Las Naves,2022,46.58262,9.825106282034337,Bajo,399,20548450,624,623
02,BOLÍVAR,0207,Las Naves,2023,62.15740999999999,12.448819720200714,Bajo,379,18423120,615,630
02,BOLÍVAR,0207,Las Naves,2024,105.47501,16.839335496175945,Bajo,381,16467225,632,624
03,CAÑAR,0301,Azogues,2015,269.36816833595736,33.82762262476103,Alto,5879,308425094,11560,12851
03,CAÑAR,0301,Azogues,2016,262.3376918955842,32.46189810202366,Alto,6277,255620394,11336,13112
03,CAÑAR,0301,Azogues,2017,297.03904905470705,35.11081102258649,Alto,6294,297259092,11818,12520
03,CAÑAR,0301,Azogues,2018,266.41521,33.18967988948666,Alto,6684,310504073,11878,12972
03,CAÑAR,0301,Azogues,2019,248.15515,31.458447504908193,Alto,6765,372271403,11735,13422
03,CAÑAR,0301,Azogues,2020,216.2158,30.66776635150487,Alto,6045,216625538,11261,12328
03,CAÑAR,0301,Azogues,2021,246.24996000000002,32.14135295526378,Alto,6563,362232127,12143,12616
03,CAÑAR,0301,Azogues,2022,281.0844,34.45317599488638,Alto,6985,395452719,12648,13293
03,CAÑAR,0301,Azogues,2023,292.40080000000006,37.26762618475901,Alto,6463,288612130,11724,12424
03,CAÑAR,0301,Azogues,2024,298.61881999999997,34.82632236139679,Alto,6337,311382309,12489,12354
03,CAÑAR,0302,Biblián,2015,46.193040212833615,5.8009851047480225,Medio,1268,85973122,1730,2029
03,CAÑAR,0302,Biblián,2016,47.49777313168484,5.877416471619662,Medio,1326,105072761,1874,1928
03,CAÑAR,0302,Biblián,2017,52.751195351321236,6.235332550013202,Medio,1331,63995102,1656,1952
03,CAÑAR,0302,Biblián,2018,43.72050000000001,5.446646231678372,Medio,1475,129144448,1949,2065
03,CAÑAR,0302,Biblián,2019,49.86501999999999,6.321352242744899,Medio,1394,109858146,1861,1935
03,CAÑAR,0302,Biblián,2020,42.452510000000004,6.021408508142903,Medio,1289,91023091,1756,1875
03,CAÑAR,0302,Biblián,2021,43.28967000000001,5.650309802230602,Medio,1409,108338448,1764,1910
03,CAÑAR,0302,Biblián,2022,44.491949999999996,5.453482952827282,Medio,1424,129489028,1958,1968
03,CAÑAR,0302,Biblián,2023,39.14238999999999,4.9888507777613755,Medio,1344,104093109,1873,1880
03,CAÑAR,0302,Biblián,2024,45.85577999999999,5.347915367200538,Medio,1425,124853111,1916,2086
03,CAÑAR,0303,Cañar,2015,168.97123573965033,21.219638654228554,Medio,2754,96893596,3463,3479
03,CAÑAR,0303,Cañar,2016,175.80808246828593,21.754647673233322,Medio,2751,95234233,3275,3663
03,CAÑAR,0303,Cañar,2017,162.93401374230507,19.259236736258092,Medio,2692,84718605,3456,3413
03,CAÑAR,0303,Cañar,2018,109.35514,13.623329129256541,Medio,2877,121450924,3448,3783
03,CAÑAR,0303,Cañar,2019,120.37401,15.259725516638659,Medio,2707,84186603,3369,3399
03,CAÑAR,0303,Cañar,2020,107.71292,15.277859729022284,Medio,2817,102101740,3541,3727
03,CAÑAR,0303,Cañar,2021,108.20998999999999,14.123923032822272,Medio,2675,91329446,3647,3373
03,CAÑAR,0303,Cañar,2022,122.12425,14.969056548472642,Medio,3267,162370837,3831,3891
03,CAÑAR,0303,Cañar,2023,109.43542,13.947972522414776,Medio,2771,94307813,3308,3409
03,CAÑAR,0303,Cañar,2024,123.48920000000001,14.401887621654257,Medio,2573,56889906,3242,3183
03,CAÑAR,0304,La Troncal,2015,252.60129827244444,31.722016173149697,Alto,4262,280118724,7970,8222
03,CAÑAR,0304,La Troncal,2016,261.62429829422024,32.37362214660613,Alto,4299,305057942,7667,7884
03,CAÑAR,0304,La Troncal,2017,269.525916671426,31.858685098998336,Alto,4279,349332911,7777,8046
03,CAÑAR,0304,La Troncal,2018,337.26878000000005,42.01653068125391,Alto,4056,249762621,7528,8103
03,CAÑAR,0304,La Troncal,2019,323.2666699999999,40.98028015248315,Alto,4494,386941602,8159,8455
03,CAÑAR,0304,La Troncal,2020,294.16803999999996,41.72441014394017,Alto,4501,359390226,8087,7963
03,CAÑAR,0304,La Troncal,2021,323.94684,42.28260472887939,Alto,4314,371951540,8297,7869
03,CAÑAR,0304,La Troncal,2022,320.72853,39.31245024864843,Alto,3765,217628808,7235,7159
03,CAÑAR,0304,La Troncal,2023,303.73559,38.71228952563476,Alto,4666,409181983,8453,8199
03,CAÑAR,0304,La Troncal,2024,339.93303000000003,39.64457861050542,Alto,4383,348777672,8105,8113
03,CAÑAR,0305,El Tambo,2015,37.570198281371866,4.718116833369141,Medio,663,42656166,683,730
03,CAÑAR,0305,El Tambo,2016,37.89967268671171,4.689739030507929,Medio,648,41940475,719,727
03,CAÑAR,0305,El Tambo,2017,39.97223763676394,4.724825528093636,Medio,666,47637435,714,721
03,CAÑAR,0305,El Tambo,2018,25.210250000000002,3.14066200437254,Medio,619,36490079,671,705
03,CAÑAR,0305,El Tambo,2019,25.666290000000004,3.253696877178452,Medio,669,46811095,718,726
03,CAÑAR,0305,El Tambo,2020,22.932190000000002,3.252671843816764,Medio,587,25773480,632,703
03,CAÑAR,0305,El Tambo,2021,23.841,3.111805564583416,Medio,742,67498941,790,763
03,CAÑAR,0305,El Tambo,2022,25.34012,3.1059981062326485,Medio,645,43329386,693,724
03,CAÑAR,0305,El Tambo,2023,23.34474,2.975378465792128,Medio,680,53621930,747,755
03,CAÑAR,0305,El Tambo,2024,28.4465,3.3175637726164546,Medio,554,24034227,619,679
03,CAÑAR,0306,Déleg,2015,11.434243873418653,1.4359279685455686,Bajo,265,2860368,324,352
03,CAÑAR,0306,Déleg,2016,12.161450689393446,1.504868668315522,Bajo,265,2534429,297,357
03,CAÑAR,0306,Déleg,2017,12.989443184531376,1.5353869681178138,Bajo,280,2908757,309,373
03,CAÑAR,0306,Déleg,2018,10.816650000000001,1.3475249816878547,Bajo,276,2755888,314,350
03,CAÑAR,0306,Déleg,2019,11.45475,1.4521103090419327,Bajo,286,2720403,303,376
03,CAÑAR,0306,Déleg,2020,12.006229999999999,1.7029479640360616,Bajo,273,3062533,313,380
03,CAÑAR,0306,Déleg,2021,10.827269999999999,1.4132108147832338,Bajo,290,3985970,326,378
03,CAÑAR,0306,Déleg,2022,12.09626,1.4826670375869466,Bajo,295,3684037,328,359
03,CAÑAR,0306,Déleg,2023,8.30372,1.0583416081724366,Bajo,290,4023331,334,367
03,CAÑAR,0306,Déleg,2024,10.61118,1.2375254021658997,Bajo,282,3382418,340,361
03,CAÑAR,0307,Suscal,2015,10.158295601525126,1.2756926411979885,Bajo,213,5498393,228,242
03,CAÑAR,0307,Suscal,2016,10.811365299744008,1.3378079076937703,Bajo,204,5487709,221,232
03,CAÑAR,0307,Suscal,2017,10.79266662311164,1.2757220959324391,Bajo,220,6206029,244,234
03,CAÑAR,0307,Suscal,2018,9.91844,1.23562708226411,Bajo,219,6294228,240,243
03,CAÑAR,0307,Suscal,2019,10.052810000000001,1.2743873970047215,Bajo,223,6070022,224,232
03,CAÑAR,0307,Suscal,2020,9.538549999999999,1.3529354595369385,Bajo,203,2871737,209,223
03,CAÑAR,0307,Suscal,2021,9.78211,1.276793101437317,Bajo,223,6515558,227,238
03,CAÑAR,0307,Suscal,2022,9.979160000000002,1.2231691113456686,Bajo,220,6847888,235,245
03,CAÑAR,0307,Suscal,2023,8.23467,1.0495409154655164,Bajo,233,7444468,229,247
03,CAÑAR,0307,Suscal,2024,10.496979999999997,1.2242068644606352,Bajo,203,4755725,228,232
04,CARCHI,0401,Tulcán,2015,357.3584637271263,58.28254222080381,Alto,6808,447879491,10300,9876
04,CARCHI,0401,Tulcán,2016,354.12552304825863,57.91468846299648,Alto,6593,420875895,9827,9842
04,CARCHI,0401,Tulcán,2017,362.4482150727898,59.30300310138873,Alto,6457,449501701,9348,9568
04,CARCHI,0401,Tulcán,2018,326.00546,54.42162723315449,Alto,6999,516909968,9424,9985
04,CARCHI,0401,Tulcán,2019,304.44581999999997,50.34882065798221,Alto,6924,580905274,10016,9793
04,CARCHI,0401,Tulcán,2020,272.07721,51.11105888742662,Alto,6913,567815152,9676,9839
04,CARCHI,0401,Tulcán,2021,318.0097999999999,54.56435556737708,Alto,6978,629779482,9923,10104
04,CARCHI,0401,Tulcán,2022,321.58748,53.59318105544614,Alto,7011,609999059,9786,10532
04,CARCHI,0401,Tulcán,2023,290.06241000000006,53.55128410411298,Alto,6840,403184685,9520,10102
04,CARCHI,0401,Tulcán,2024,312.21997,53.77038929028487,Alto,8281,948460220,11400,10936
04,CARCHI,0402,Bolívar,2015,41.384038368219855,6.749432875626199,Bajo,551,11083848,1235,1237
04,CARCHI,0402,Bolívar,2016,43.42718689956336,7.102204829697609,Bajo,565,12077878,1238,1298
04,CARCHI,0402,Bolívar,2017,41.13168921460926,6.729879170654665,Bajo,547,10285284,1153,1231
04,CARCHI,0402,Bolívar,2018,70.89786,11.83531376605893,Bajo,579,12403482,1205,1318
04,CARCHI,0402,Bolívar,2019,69.55981,11.503703347588472,Bajo,600,15172497,1260,1270
04,CARCHI,0402,Bolívar,2020,56.403950000000016,10.595762908379823,Bajo,620,16749593,1286,1248
04,CARCHI,0402,Bolívar,2021,59.11576,10.1431256152349,Bajo,556,13618613,1260,1246
04,CARCHI,0402,Bolívar,2022,69.67541,11.611543034083423,Bajo,517,6416459,1115,1084
04,CARCHI,0402,Bolívar,2023,54.354369999999996,10.034896662997713,Bajo,594,14238426,1246,1240
04,CARCHI,0402,Bolívar,2024,59.41684000000001,10.232742694833293,Bajo,590,16249061,1336,1338
04,CARCHI,0403,Espejo,2015,56.335728566888974,9.187943793172892,Medio,773,21073385,1515,1499
04,CARCHI,0403,Espejo,2016,59.31081688867953,9.699858550228257,Medio,797,22001496,1632,1503
04,CARCHI,0403,Espejo,2017,59.59280010438477,9.75044671885344,Medio,771,20203878,1604,1549
04,CARCHI,0403,Espejo,2018,51.985150000000004,8.67812598893166,Medio,780,23001903,1485,1488
04,CARCHI,0403,Espejo,2019,70.49149999999999,11.657784926763496,Medio,794,27629029,1546,1567
04,CARCHI,0403,Espejo,2020,50.19790000000001,9.429925508737588,Medio,766,25332267,1540,1487
04,CARCHI,0403,Espejo,2021,51.65975000000002,8.863817931151207,Medio,822,24892617,1598,1556
04,CARCHI,0403,Espejo,2022,48.884049999999995,8.146622319915817,Medio,839,30069068,1604,1571
04,CARCHI,0403,Espejo,2023,43.31952999999999,7.997645948975755,Medio,689,16596237,1533,1362
04,CARCHI,0403,Espejo,2024,51.954539999999994,8.94758859017787,Medio,743,18260850,1491,1435
04,CARCHI,0404,Mira,2015,33.485246182220706,5.4611978516885085,Bajo,575,12150884,961,929
04,CARCHI,0404,Mira,2016,32.04009390949025,5.239927472949774,Bajo,558,13229051,990,933
04,CARCHI,0404,Mira,2017,29.006792651726645,4.746029482421986,Bajo,543,13246717,984,938
04,CARCHI,0404,Mira,2018,30.508499999999998,5.092927629011776,Bajo,623,18851937,1052,1026
04,CARCHI,0404,Mira,2019,33.68657000000001,5.571037472324515,Bajo,555,14422516,980,1005
04,CARCHI,0404,Mira,2020,24.561619999999994,4.614022637877665,Bajo,596,18006716,1041,1002
04,CARCHI,0404,Mira,2021,27.20674,4.668152475770183,Bajo,580,15485127,1054,958
04,CARCHI,0404,Mira,2022,30.221590000000003,5.036486944869434,Bajo,549,12806345,1045,912
04,CARCHI,0404,Mira,2023,28.490979999999997,5.260000992147174,Bajo,594,14637108,1023,928
04,CARCHI,0404,Mira,2024,31.142010000000003,5.363263602203102,Bajo,599,17855560,1075,1051
04,CARCHI,0405,Montúfar,2015,99.71704814879126,16.263118573577792,Medio,1740,65807280,2343,2391
04,CARCHI,0405,Montúfar,2016,97.70514719126227,15.978975793964578,Medio,1736,69808341,2299,2449
04,CARCHI,0405,Montúfar,2017,88.23050471329468,14.436086803735005,Medio,1784,69450468,2386,2499
04,CARCHI,0405,Montúfar,2018,94.69595000000001,15.808041041366106,Medio,1714,67215806,2448,2419
04,CARCHI,0405,Montúfar,2019,106.36587,17.590637679834956,Medio,1727,65996705,2314,2489
04,CARCHI,0405,Montúfar,2020,112.37837999999998,21.110838345679912,Medio,1777,71397010,2446,2340
04,CARCHI,0405,Montúfar,2021,109.73734,18.828813573601042,Medio,1811,77943609,2477,2340
04,CARCHI,0405,Montúfar,2022,112.62634999999999,18.769400995225453,Medio,1905,102045667,2586,2480
04,CARCHI,0405,Montúfar,2023,106.71337000000001,19.70140837820842,Medio,1849,93735781,2413,2469
04,CARCHI,0405,Montúfar,2024,106.73755,18.382295070335335,Medio,2058,131561924,2779,2628
04,CARCHI,0406,San Pedro de Huaca,2015,24.86785548279881,4.055764685130784,Bajo,358,20868030,376,378
04,CARCHI,0406,San Pedro de Huaca,2016,24.851869159189246,4.064344890163299,Bajo,360,22308032,362,363
04,CARCHI,0406,San Pedro de Huaca,2017,30.77020180408691,5.03455472294617,Bajo,364,21077138,381,373
04,CARCHI,0406,San Pedro de Huaca,2018,24.943669999999994,4.163964341477036,Bajo,360,21357682,374,370
04,CARCHI,0406,San Pedro de Huaca,2019,20.12362,3.3280159155063584,Bajo,366,24667015,380,370
04,CARCHI,0406,San Pedro de Huaca,2020,16.70646,3.138391711898389,Bajo,377,28557243,388,408
04,CARCHI,0406,San Pedro de Huaca,2021,17.08662,2.9317348368655827,Bajo,356,21277672,363,384
04,CARCHI,0406,San Pedro de Huaca,2022,17.058100000000003,2.8427656504597314,Bajo,317,10535815,351,377
04,CARCHI,0406,San Pedro de Huaca,2023,18.71285,3.454763913557949,Bajo,362,22688115,383,368
04,CARCHI,0406,San Pedro de Huaca,2024,19.183190000000003,3.3037207521655327,Bajo,382,26543172,381,395
05,COTOPAXI,0501,Latacunga,2015,1036.1203738665233,63.754445291231384,Alto,17337,1295416662,31680,34857
05,COTOPAXI,0501,Latacunga,2016,1029.9220921460244,63.873896827240316,Alto,17362,1521784597,35588,35989
05,COTOPAXI,0501,Latacunga,2017,1096.8000393991238,62.98706849507192,Alto,18057,1617460030,32935,34777
05,COTOPAXI,0501,Latacunga,2018,1152.0991800000002,64.99056880180045,Alto,17621,1238396282,33310,34670
05,COTOPAXI,0501,Latacunga,2019,1127.9483300000002,65.05417940630613,Alto,17989,1416336714,34162,33870
05,COTOPAXI,0501,Latacunga,2020,989.6807100000001,63.379132271727656,Alto,16109,1028707255,31932,32828
05,COTOPAXI,0501,Latacunga,2021,1079.22089,64.79045828402226,Alto,16044,834154557,32767,33379
05,COTOPAXI,0501,Latacunga,2022,1105.09293,65.77213549908416,Alto,15733,793148376,31980,34440
05,COTOPAXI,0501,Latacunga,2023,1189.22546,67.32886650328123,Alto,15126,538262758,31229,32524
05,COTOPAXI,0501,Latacunga,2024,1220.77721,65.91887858835585,Alto,16454,1073798559,33806,33809
05,COTOPAXI,0502,La Maná,2015,138.83483458258794,8.54276982594401,Alto,2705,157824045,3268,3315
05,COTOPAXI,0502,La Maná,2016,139.6542647820052,8.661103755511217,Alto,2691,158093984,3231,3578
05,COTOPAXI,0502,La Maná,2017,154.67079654557605,8.882439557114512,Alto,2712,175450000,3511,3473
05,COTOPAXI,0502,La Maná,2018,150.18646,8.472103470925871,Alto,2552,145680834,3364,3375
05,COTOPAXI,0502,La Maná,2019,168.02785,9.690970418082797,Alto,2742,170574283,3384,3541
05,COTOPAXI,0502,La Maná,2020,188.36074999999994,12.062618548008095,Alto,2763,209601784,3521,3580
05,COTOPAXI,0502,La Maná,2021,188.71903,11.329647668899502,Alto,2901,225814739,3624,3557
05,COTOPAXI,0502,La Maná,2022,170.67908000000003,10.158356163421503,Alto,2791,208116518,3557,3576
05,COTOPAXI,0502,La Maná,2023,178.66122999999996,10.115035801522462,Alto,2665,176897022,3489,3559
05,COTOPAXI,0502,La Maná,2024,207.48266999999998,11.203538877431946,Alto,2624,110318396,3378,3450
05,COTOPAXI,0503,Pangua,2015,46.12771617178017,2.838325576118879,Medio,860,23215274,1325,1413
05,COTOPAXI,0503,Pangua,2016,50.192046301626334,3.1128195146663593,Medio,851,24046013,1298,1380
05,COTOPAXI,0503,Pangua,2017,46.00943181149855,2.6422311531989493,Medio,848,26324214,1227,1429
05,COTOPAXI,0503,Pangua,2018,112.43015999999999,6.342249153304172,Medio,816,21404189,1211,1329
05,COTOPAXI,0503,Pangua,2019,97.64193,5.631477491347484,Medio,803,20823902,1292,1406
05,COTOPAXI,0503,Pangua,2020,64.40419,4.124443000271754,Medio,896,35513767,1311,1400
05,COTOPAXI,0503,Pangua,2021,67.62086000000001,4.059582750441117,Medio,925,33273959,1346,1427
05,COTOPAXI,0503,Pangua,2022,58.75829000000001,3.4971341383701393,Medio,857,31089534,1317,1404
05,COTOPAXI,0503,Pangua,2023,53.85680999999999,3.049142566105657,Medio,894,33495080,1359,1420
05,COTOPAXI,0503,Pangua,2024,62.26334,3.3620627222927273,Medio,828,26995349,1314,1361
05,COTOPAXI,0504,Pujilí,2015,108.39967018485652,6.670036625762032,Medio,2537,56895683,3805,4233
05,COTOPAXI,0504,Pujilí,2016,105.32089204348748,6.531810360646998,Medio,2496,52993449,3653,4283
05,COTOPAXI,0504,Pujilí,2017,117.74704644434806,6.761981230002216,Medio,2777,66918692,3940,4108
05,COTOPAXI,0504,Pujilí,2018,119.69268000000001,6.7519320295079845,Medio,2503,50924819,3732,4177
05,COTOPAXI,0504,Pujilí,2019,116.73670999999999,6.732764856030177,Medio,2431,33885308,3612,4377
05,COTOPAXI,0504,Pujilí,2020,110.69646,7.088999017018336,Medio,2359,45996402,3815,4441
05,COTOPAXI,0504,Pujilí,2021,118.56773000000001,7.118151284484695,Medio,2453,39118117,3611,4478
05,COTOPAXI,0504,Pujilí,2022,122.97195,7.318957110680821,Medio,2370,34253028,3668,4095
05,COTOPAXI,0504,Pujilí,2023,111.36067999999999,6.304766093247465,Medio,2679,69687682,3885,4446
05,COTOPAXI,0504,Pujilí,2024,108.70889000000001,5.870004831909446,Medio,2581,54399628,3898,4246
05,COTOPAXI,0505,Salcedo,2015,223.2048727892937,13.734217770351925,Alto,3989,284284171,6153,6314
05,COTOPAXI,0505,Salcedo,2016,212.639158886574,13.187494277214215,Alto,3793,370904003,6559,6529
05,COTOPAXI,0505,Salcedo,2017,249.84321904809977,14.348004545872639,Alto,3940,315804026,6430,6558
05,COTOPAXI,0505,Salcedo,2018,161.43108,9.106418868806895,Alto,3932,317384203,6309,6694
05,COTOPAXI,0505,Salcedo,2019,153.44113000000002,8.84968445259043,Alto,3816,366704580,6500,6553
05,COTOPAXI,0505,Salcedo,2020,135.65228999999997,8.687169855894993,Alto,3980,312731045,6134,6509
05,COTOPAXI,0505,Salcedo,2021,143.07847999999998,8.589641264061626,Alto,3650,237371756,6277,6502
05,COTOPAXI,0505,Salcedo,2022,150.95747000000003,8.984579397715388,Alto,4196,400615251,6457,6717
05,COTOPAXI,0505,Salcedo,2023,164.99031,9.341046698012153,Alto,4323,458448170,6862,6805
05,COTOPAXI,0505,Salcedo,2024,174.76850000000002,9.437056522843402,Alto,4403,481633783,6869,6710
05,COTOPAXI,0506,Saquisilí,2015,51.726233342370556,3.1828129210906373,Medio,1378,42510657,1251,1275
05,COTOPAXI,0506,Saquisilí,2016,50.15174240704141,3.110319940354783,Medio,1390,43813415,1293,1394
05,COTOPAXI,0506,Saquisilí,2017,47.59352719312237,2.733202634527241,Medio,1327,37216977,1204,1369
05,COTOPAXI,0506,Saquisilí,2018,48.13177,2.7151404705777455,Medio,1383,41198390,1292,1305
05,COTOPAXI,0506,Saquisilí,2019,44.9163,2.590538024438999,Medio,1415,51347633,1230,1241
05,COTOPAXI,0506,Saquisilí,2020,44.26928000000001,2.8350037788390843,Medio,1472,53467469,1298,1351
05,COTOPAXI,0506,Saquisilí,2021,43.19626000000001,2.5932647407851603,Medio,1455,61348533,1350,1443
05,COTOPAXI,0506,Saquisilí,2022,45.75593,2.7232689180688268,Medio,1698,92089233,1471,1429
05,COTOPAXI,0506,Saquisilí,2023,44.008250000000004,2.4915591609458363,Medio,1338,37886407,1246,1302
05,COTOPAXI,0506,Saquisilí,2024,50.64591,2.7347509151868894,Medio,1571,74541295,1380,1450
05,COTOPAXI,0507,Sigchos,2015,20.759836583788015,1.2773919895011339,Bajo,620,13080759,721,781
05,COTOPAXI,0507,Sigchos,2016,24.550144002024684,1.5225553243661143,Bajo,622,13833639,731,817
05,COTOPAXI,0507,Sigchos,2017,28.64580776544436,1.645072384212524,Bajo,645,15481850,739,830
05,COTOPAXI,0507,Sigchos,2018,28.74616,1.6215872050768787,Bajo,596,13064231,756,834
05,COTOPAXI,0507,Sigchos,2019,25.147650000000002,1.4503853512039815,Bajo,681,17279425,762,821
05,COTOPAXI,0507,Sigchos,2020,28.460870000000003,1.822633528240078,Bajo,641,14623811,727,804
05,COTOPAXI,0507,Sigchos,2021,25.306359999999998,1.5192540073056309,Bajo,653,14174613,690,810
05,COTOPAXI,0507,Sigchos,2022,25.9684,1.5455687726591618,Bajo,588,9540607,686,826
05,COTOPAXI,0507,Sigchos,2023,24.19086,1.3695831768852018,Bajo,671,17878564,734,863
05,COTOPAXI,0507,Sigchos,2024,27.292159999999996,1.4737075419797374,Bajo,657,14774451,709,845
06,CHIMBORAZO,0601,Riobamba,2015,990.0852156223335,75.78640810521863,Alto,23444,1175982833,37190,35348
06,CHIMBORAZO,0601,Riobamba,2016,1053.1828920470612,76.53869678973886,Alto,23932,1394253695,36172,37693
06,CHIMBORAZO,0601,Riobamba,2017,996.4437568232439,74.30848517300552,Alto,23728,1214240283,34816,37417
06,CHIMBORAZO,0601,Riobamba,2018,963.2059400000002,71.88207185988199,Alto,23684,1147439657,33118,36383
06,CHIMBORAZO,0601,Riobamba,2019,963.83256,69.92774425564221,Alto,26935,1919848916,38727,38742
06,CHIMBORAZO,0601,Riobamba,2020,822.5021399999999,69.72377335433038,Alto,24441,1589049847,38025,38313
06,CHIMBORAZO,0601,Riobamba,2021,878.6179500000001,70.19034015472411,Alto,25085,1580062521,37972,37188
06,CHIMBORAZO,0601,Riobamba,2022,971.8191800000001,70.04122390262746,Alto,23633,1249962765,34310,34819
06,CHIMBORAZO,0601,Riobamba,2023,964.5455000000001,71.74375034489489,Alto,24977,1517835051,37458,37238
06,CHIMBORAZO,0601,Riobamba,2024,922.6743999999998,68.89117800806551,Alto,27171,2224079023,40453,37966
06,CHIMBORAZO,0602,Alausí,2015,59.31711998172202,4.540449035728031,Bajo,1361,17337448,2744,2146
06,CHIMBORAZO,0602,Alausí,2016,56.23058946186175,4.086484949223242,Bajo,1305,16856867,2826,2265
06,CHIMBORAZO,0602,Alausí,2017,58.400193118625666,4.355117742210761,Bajo,1305,16518605,2790,2320
06,CHIMBORAZO,0602,Alausí,2018,62.35753999999999,4.653614544035582,Bajo,1272,14632383,2669,2241
06,CHIMBORAZO,0602,Alausí,2019,69.02561,5.007929181360816,Bajo,1389,21847932,2851,2237
06,CHIMBORAZO,0602,Alausí,2020,55.05399,4.666944600304106,Bajo,1439,28258645,3145,2370
06,CHIMBORAZO,0602,Alausí,2021,52.1665,4.167436346686766,Bajo,1325,18254064,2864,2097
06,CHIMBORAZO,0602,Alausí,2022,61.061370000000004,4.4008321465431255,Bajo,1458,28808491,2967,2421
06,CHIMBORAZO,0602,Alausí,2023,54.56933000000001,4.058915196855081,Bajo,1203,10772049,2418,2136
06,CHIMBORAZO,0602,Alausí,2024,62.31284,4.652567528293954,Bajo,1298,15294128,2625,2237
06,CHIMBORAZO,0603,Colta,2015,47.53622326227895,3.6386763069392862,Bajo,759,17224350,1155,1025
06,CHIMBORAZO,0603,Colta,2016,43.685931907643294,3.174818278482706,Bajo,791,17646868,1198,1060
06,CHIMBORAZO,0603,Colta,2017,51.62397677377395,3.849790303163128,Bajo,758,15945609,1170,1032
06,CHIMBORAZO,0603,Colta,2018,60.153479999999995,4.489130094008736,Bajo,770,18231674,1295,1058
06,CHIMBORAZO,0603,Colta,2019,64.61670000000001,4.688055020929731,Bajo,753,17383189,1196,1036
06,CHIMBORAZO,0603,Colta,2020,53.320609999999995,4.520005415128332,Bajo,849,23281489,1212,1133
06,CHIMBORAZO,0603,Colta,2021,52.60948000000001,4.202824784723731,Bajo,761,13568588,1218,1008
06,CHIMBORAZO,0603,Colta,2022,58.247020000000006,4.197995525752867,Bajo,822,22413039,1258,1119
06,CHIMBORAZO,0603,Colta,2023,55.48811,4.127254868692109,Bajo,801,21633435,1182,1128
06,CHIMBORAZO,0603,Colta,2024,59.44468999999999,4.438418059961642,Bajo,782,19293567,1236,1109
06,CHIMBORAZO,0604,Chambo,2015,19.102567177937757,1.462212473392567,Bajo,793,13013327,700,684
06,CHIMBORAZO,0604,Chambo,2016,20.205944109809696,1.4684407060250915,Bajo,789,14271978,650,717
06,CHIMBORAZO,0604,Chambo,2017,18.252394812406084,1.3611483839424683,Bajo,789,16072484,687,731
06,CHIMBORAZO,0604,Chambo,2018,27.427729999999997,2.0468748965703436,Bajo,779,17607463,715,726
06,CHIMBORAZO,0604,Chambo,2019,28.62381,2.0767076651800327,Bajo,785,15655567,717,698
06,CHIMBORAZO,0604,Chambo,2020,25.734240000000003,2.1814998769558747,Bajo,754,10819692,696,708
06,CHIMBORAZO,0604,Chambo,2021,27.37031,2.1865378109339186,Bajo,698,9288294,638,672
06,CHIMBORAZO,0604,Chambo,2022,30.91358,2.2280121888639677,Bajo,828,18088540,720,762
06,CHIMBORAZO,0604,Chambo,2023,30.73725,2.286263934971051,Bajo,916,26096017,773,754
06,CHIMBORAZO,0604,Chambo,2024,35.30443999999999,2.6359943014730534,Bajo,840,20839639,758,708
06,CHIMBORAZO,0605,Chunchi,2015,24.84881433676732,1.9020609080333952,Bajo,603,3606374,840,658
06,CHIMBORAZO,0605,Chunchi,2016,24.855483521198998,1.8063399350265863,Bajo,645,4288579,869,648
06,CHIMBORAZO,0605,Chunchi,2017,24.310168755347657,1.8128989239384177,Bajo,639,3748435,847,633
06,CHIMBORAZO,0605,Chunchi,2018,22.728710000000003,1.6961967297485918,Bajo,641,4016628,835,608
06,CHIMBORAZO,0605,Chunchi,2019,20.552750000000003,1.4911380932702156,Bajo,646,4378491,896,631
06,CHIMBORAZO,0605,Chunchi,2020,18.943060000000003,1.60580934424983,Bajo,635,4588231,884,653
06,CHIMBORAZO,0605,Chunchi,2021,20.018289999999997,1.5992054162061133,Bajo,619,3514872,829,639
06,CHIMBORAZO,0605,Chunchi,2022,21.92265,1.5800153658100633,Bajo,664,4941146,876,629
06,CHIMBORAZO,0605,Chunchi,2023,18.97343,1.4112605627275632,Bajo,675,5383566,875,608
06,CHIMBORAZO,0605,Chunchi,2024,21.063050000000004,1.572665641251979,Bajo,693,5995588,935,655
06,CHIMBORAZO,0606,Guamote,2015,52.34479814326515,4.006750299545931,Bajo,876,18278491,1925,1976
06,CHIMBORAZO,0606,Guamote,2016,55.708646821977574,4.048553446767782,Bajo,865,18385482,1910,1936
06,CHIMBORAZO,0606,Guamote,2017,64.09803882674605,4.780027106558398,Bajo,831,15216690,2056,1858
06,CHIMBORAZO,0606,Guamote,2018,49.273860000000006,3.677206502000771,Bajo,906,21292203,2028,2033
06,CHIMBORAZO,0606,Guamote,2019,59.43846,4.3123646184241995,Bajo,864,18678689,2052,1980
06,CHIMBORAZO,0606,Guamote,2020,45.32248,3.8420013392015875,Bajo,939,24670333,2122,2010
06,CHIMBORAZO,0606,Guamote,2021,47.79258,3.8180160638328244,Bajo,820,14988987,1954,1876
06,CHIMBORAZO,0606,Guamote,2022,53.63738,3.8657682616742677,Bajo,840,14639976,2023,1942
06,CHIMBORAZO,0606,Guamote,2023,50.044639999999994,3.7223647388953034,Bajo,749,6127688,1794,1791
06,CHIMBORAZO,0606,Guamote,2024,58.57046,4.373143967009686,Bajo,768,8438853,1878,1820
06,CHIMBORAZO,0607,Guano,2015,60.188767262087076,4.607169571972001,Medio,1979,34116423,1755,1901
06,CHIMBORAZO,0607,Guano,2016,63.865867825854544,4.6413688730126,Medio,1956,39582666,1836,1764
06,CHIMBORAZO,0607,Guano,2017,64.31537761960783,4.796234861744077,Medio,2081,37381378,1753,1888
06,CHIMBORAZO,0607,Guano,2018,81.1792,6.058236193941798,Medio,2034,39205400,1817,1757
06,CHIMBORAZO,0607,Guano,2019,89.3802,6.484690418757125,Medio,2133,44825854,1844,1780
06,CHIMBORAZO,0607,Guano,2020,76.42823999999999,6.478846709906878,Medio,2085,42983009,1890,1834
06,CHIMBORAZO,0607,Guano,2021,86.30007,6.894272156261436,Medio,2046,45183977,1837,1875
06,CHIMBORAZO,0607,Guano,2022,91.8405,6.619154217381527,Medio,1972,36897951,1749,1725
06,CHIMBORAZO,0607,Guano,2023,78.70886,5.854434862607604,Medio,2366,62967658,2034,1939
06,CHIMBORAZO,0607,Guano,2024,83.05103,6.200977605407922,Medio,2102,45136439,1807,1827
06,CHIMBORAZO,0608,Pallatanga,2015,13.94845647329992,1.0676893241547167,Bajo,489,12923185,573,656
06,CHIMBORAZO,0608,Pallatanga,2016,15.120321650919374,1.0988497087658053,Bajo,501,14345526,603,658
06,CHIMBORAZO,0608,Pallatanga,2017,15.253770644746961,1.1375299228139695,Bajo,510,13896558,568,662
06,CHIMBORAZO,0608,Pallatanga,2018,26.583190000000002,1.9838486189618976,Bajo,509,15495131,614,651
06,CHIMBORAZO,0608,Pallatanga,2019,33.13053,2.4036781128185605,Bajo,550,16277100,587,667
06,CHIMBORAZO,0608,Pallatanga,2020,28.21145,2.391493772644803,Bajo,523,17544695,587,674
06,CHIMBORAZO,0608,Pallatanga,2021,33.46093,2.6731004739812256,Bajo,508,13457758,567,628
06,CHIMBORAZO,0608,Pallatanga,2022,36.96168,2.6639125446127414,Bajo,538,18653760,625,634
06,CHIMBORAZO,0608,Pallatanga,2023,34.701769999999996,2.5811484511678944,Bajo,506,14649936,624,628
06,CHIMBORAZO,0608,Pallatanga,2024,32.86839,2.4541074363052893,Bajo,549,19864453,647,684
06,CHIMBORAZO,0609,Penipe,2015,12.397248651967107,0.948951596180826,Bajo,330,17076788,613,629
06,CHIMBORAZO,0609,Penipe,2016,13.51140439132282,0.981923739665905,Bajo,341,18075745,597,623
06,CHIMBORAZO,0609,Penipe,2017,12.495965478716828,0.9318702226184272,Bajo,333,19372301,628,654
06,CHIMBORAZO,0609,Penipe,2018,20.78307,1.5509976311077955,Bajo,331,17333475,630,641
06,CHIMBORAZO,0609,Penipe,2019,22.836940000000002,1.6568600877121704,Bajo,350,19681138,629,676
06,CHIMBORAZO,0609,Penipe,2020,28.009409999999995,2.3743667762718705,Bajo,341,21723163,684,643
06,CHIMBORAZO,0609,Penipe,2021,24.732129999999998,1.975780960827009,Bajo,334,22397785,632,659
06,CHIMBORAZO,0609,Penipe,2022,29.267599999999998,2.1093826576797334,Bajo,332,18799456,605,654
06,CHIMBORAZO,0609,Penipe,2023,24.56297,1.8270155087646383,Bajo,307,15025746,607,690
06,CHIMBORAZO,0609,Penipe,2024,30.65258,2.288664717679898,Bajo,339,23382834,679,716
06,CHIMBORAZO,0610,Cumandá,2015,26.646069052185467,2.0396323788346162,Medio,928,55127064,1006,1010
06,CHIMBORAZO,0610,Cumandá,2016,29.646537804741325,2.1545235732914203,Medio,923,52775482,1011,1071
06,CHIMBORAZO,0610,Cumandá,2017,35.76190818959908,2.6668973600048345,Medio,954,44983876,993,1003
06,CHIMBORAZO,0610,Cumandá,2018,26.288050000000002,1.9618229297424916,Medio,945,51991157,1020,1030
06,CHIMBORAZO,0610,Cumandá,2019,26.888840000000005,1.9508325459049471,Medio,953,54074252,1006,1128
06,CHIMBORAZO,0610,Cumandá,2020,26.13248,2.2152588110063416,Medio,958,43951052,976,1074
06,CHIMBORAZO,0610,Cumandá,2021,28.69653,2.292485831822859,Medio,1017,61954118,1066,1096
06,CHIMBORAZO,0610,Cumandá,2022,31.825040000000005,2.293703189054239,Medio,924,45917730,959,1027
06,CHIMBORAZO,0610,Cumandá,2023,32.099529999999994,2.3875915304238764,Medio,1082,83321326,1094,1132
06,CHIMBORAZO,0610,Cumandá,2024,33.37968,2.492282734551067,Medio,792,9046992,906,936
07,EL ORO,0701,Machala,2015,1792.5995139662057,56.979194000607606,Alto,26215,4323085165,58692,62010
07,EL ORO,0701,Machala,2016,1709.079594005512,57.01417290075379,Alto,25637,4020646820,62601,65679
07,EL ORO,0701,Machala,2017,1916.5727090238972,58.19092236879938,Alto,25850,4889442208,61813,64993
07,EL ORO,0701,Machala,2018,1961.06279,58.37542795729298,Alto,26344,5198742153,63163,66966
07,EL ORO,0701,Machala,2019,1935.3399800000004,57.20294536382692,Alto,27447,5469949835,65457,65366
07,EL ORO,0701,Machala,2020,1815.31324,56.61065237368047,Alto,26024,4106050867,59003,61556
07,EL ORO,0701,Machala,2021,2021.9763400000002,56.136638755047805,Alto,27217,5442020094,63341,67737
07,EL ORO,0701,Machala,2022,2204.7221400000008,57.69382398408901,Alto,28661,6974688420,63681,67203
07,EL ORO,0701,Machala,2023,2260.42399,56.59711806647467,Alto,30358,8221453398,67742,66712
07,EL ORO,0701,Machala,2024,2295.23695,58.61451860755383,Alto,24806,3378069459,59312,63810
07,EL ORO,0702,Arenillas,2015,84.89395443906649,2.6984215167836445,Alto,1969,163197581,2778,2733
07,EL ORO,0702,Arenillas,2016,76.10575945927759,2.5388559688931824,Alto,1893,176198624,2734,2852
07,EL ORO,0702,Arenillas,2017,76.92869966679338,2.3357068423054748,Alto,1847,151543026,2586,2806
07,EL ORO,0702,Arenillas,2018,76.15048999999999,2.2667899597990737,Alto,1887,126241012,2681,2800
07,EL ORO,0702,Arenillas,2019,78.53768999999997,2.3213426253257956,Alto,1910,151760370,2627,2688
07,EL ORO,0702,Arenillas,2020,72.27621,2.25393794802991,Alto,1775,84516284,2544,2658
07,EL ORO,0702,Arenillas,2021,78.67832000000001,2.1843660285827347,Alto,2023,208030361,2885,2907
07,EL ORO,0702,Arenillas,2022,89.81271000000001,2.3502456787021835,Alto,2024,186802849,2857,2910
07,EL ORO,0702,Arenillas,2023,91.77107,2.2977893115869437,Alto,1807,119566675,2584,2748
07,EL ORO,0702,Arenillas,2024,105.47625,2.6935953685653238,Alto,2267,279836696,3078,3130
07,EL ORO,0703,Atahualpa,2015,15.822599015092283,0.5029338298101103,Bajo,345,4709426,457,464
07,EL ORO,0703,Atahualpa,2016,17.464460078310317,0.5826070067277892,Bajo,343,4593194,444,485
07,EL ORO,0703,Atahualpa,2017,17.612410013362233,0.5347474577872889,Bajo,345,4206811,422,464
07,EL ORO,0703,Atahualpa,2018,9.41919,0.28038329525443423,Bajo,324,3377162,419,450
07,EL ORO,0703,Atahualpa,2019,10.82795,0.3200422864473918,Bajo,366,6067007,495,509
07,EL ORO,0703,Atahualpa,2020,9.887030000000001,0.30832762412846726,Bajo,351,4997757,440,458
07,EL ORO,0703,Atahualpa,2021,11.187929999999998,0.3106133204440769,Bajo,382,6492845,464,511
07,EL ORO,0703,Atahualpa,2022,12.69672,0.33225154116484823,Bajo,332,4156007,461,470
07,EL ORO,0703,Atahualpa,2023,14.05333,0.35187114486301774,Bajo,363,5682914,473,441
07,EL ORO,0703,Atahualpa,2024,13.223750000000003,0.3377009682754715,Bajo,342,4231739,452,460
07,EL ORO,0704,Balsas,2015,35.44346038574385,1.1265984340829303,Medio,678,88584741,764,780
07,EL ORO,0704,Balsas,2016,37.48474454739829,1.250475234893631,Medio,660,87024134,741,796
07,EL ORO,0704,Balsas,2017,43.19127359931456,1.3113721369367313,Medio,660,104094944,765,795
07,EL ORO,0704,Balsas,2018,21.119870000000002,0.6286802523301119,Medio,681,109361535,777,791
07,EL ORO,0704,Balsas,2019,23.070379999999997,0.6818924324927782,Medio,653,93417054,736,773
07,EL ORO,0704,Balsas,2020,21.03889,0.6560990477423623,Medio,658,92212310,769,795
07,EL ORO,0704,Balsas,2021,22.491149999999998,0.6244274662163422,Medio,699,119919261,788,800
07,EL ORO,0704,Balsas,2022,25.179959999999998,0.6589166742646315,Medio,650,86345609,759,787
07,EL ORO,0704,Balsas,2023,26.44808,0.6622143071449033,Medio,703,124922732,792,812
07,EL ORO,0704,Balsas,2024,27.00273,0.6895810996941958,Medio,638,64296426,736,773
07,EL ORO,0705,Chilla,2015,8.333956294136893,0.26490139530695145,Bajo,95,5484,129,125
07,EL ORO,0705,Chilla,2016,8.87279257666217,0.2959926102053209,Bajo,89,4794,136,123
07,EL ORO,0705,Chilla,2017,9.15976135811101,0.278108396095251,Bajo,90,6011,133,133
07,EL ORO,0705,Chilla,2018,4.26541,0.12696948584869996,Bajo,95,6471,139,121
07,EL ORO,0705,Chilla,2019,6.21842,0.18379816630942977,Bajo,92,5507,128,126
07,EL ORO,0705,Chilla,2020,5.9966099999999996,0.1870046428629232,Bajo,102,8208,148,131
07,EL ORO,0705,Chilla,2021,5.176069999999999,0.14370453600898228,Bajo,82,3702,125,120
07,EL ORO,0705,Chilla,2022,5.78725,0.15144247739623057,Bajo,95,6017,143,125
07,EL ORO,0705,Chilla,2023,5.75072,0.1439881103045793,Bajo,93,7287,134,130
07,EL ORO,0705,Chilla,2024,5.409890000000001,0.13815484195207794,Bajo,84,3473,125,120
07,EL ORO,0706,El Guabo,2015,313.7218159436603,9.971896161751232,Alto,3570,431209269,9339,9752
07,EL ORO,0706,El Guabo,2016,288.62005366597185,9.628243002872976,Alto,3457,448579421,9598,9458
07,EL ORO,0706,El Guabo,2017,327.55057979344065,9.94508075319655,Alto,3536,425279005,9449,9511
07,EL ORO,0706,El Guabo,2018,397.796,11.8412892530072,Alto,3462,442500194,9446,9768
07,EL ORO,0706,El Guabo,2019,411.40173,12.159822525742412,Alto,3510,387132557,9049,9355
07,EL ORO,0706,El Guabo,2020,381.88865000000004,11.909220477345348,Alto,3356,383026146,9181,9236
07,EL ORO,0706,El Guabo,2021,395.05279999999993,10.967950457209675,Alto,2975,190870559,8637,8114
07,EL ORO,0706,El Guabo,2022,318.08444000000003,8.323728129041022,Alto,3450,472175321,9122,9484
07,EL ORO,0706,El Guabo,2023,345.78763999999995,8.657926111909491,Alto,3514,572771931,9639,9756
07,EL ORO,0706,El Guabo,2024,280.62341999999995,7.166408972853714,Alto,4733,1384351672,11907,11321
07,EL ORO,0707,Huaquillas,2015,149.67344145680207,4.757488770392741,Alto,4286,380907920,4716,4585
07,EL ORO,0707,Huaquillas,2016,152.35659925192908,5.08255175638843,Alto,4336,392480967,4647,5012
07,EL ORO,0707,Huaquillas,2017,154.09715768917079,4.678693220519695,Alto,4342,372443064,4766,4896
07,EL ORO,0707,Huaquillas,2018,165.2372,4.9186554931598145,Alto,4599,537431975,4920,5152
07,EL ORO,0707,Huaquillas,2019,169.40726,5.0071792750417,Alto,4332,363260568,4616,4786
07,EL ORO,0707,Huaquillas,2020,144.93595000000002,4.519836302135457,Alto,4453,460220542,5005,5024
07,EL ORO,0707,Huaquillas,2021,158.98542,4.413952286830196,Alto,4612,523928884,5070,5113
07,EL ORO,0707,Huaquillas,2022,173.80559000000002,4.548196316888594,Alto,4837,644560961,4899,5062
07,EL ORO,0707,Huaquillas,2023,177.35493,4.440661556100965,Alto,4765,623661152,5034,5119
07,EL ORO,0707,Huaquillas,2024,161.67593000000002,4.128792370381878,Alto,4039,201521523,4408,4407
07,EL ORO,0708,Marcabelí,2015,14.635595262484141,0.4652039762804369,Medio,420,32621011,583,548
07,EL ORO,0708,Marcabelí,2016,14.300611039231937,0.47706234000858855,Medio,430,34922763,585,552
07,EL ORO,0708,Marcabelí,2017,13.631901787497808,0.41389138795542124,Medio,405,29680854,536,583
07,EL ORO,0708,Marcabelí,2018,10.868490000000001,0.3235249570971459,Medio,418,31643041,529,570
07,EL ORO,0708,Marcabelí,2019,10.984389999999998,0.32466619173803585,Medio,388,20055008,565,563
07,EL ORO,0708,Marcabelí,2020,10.85062,0.33837723612862797,Medio,434,34558797,577,575
07,EL ORO,0708,Marcabelí,2021,10.56008,0.293182162648058,Medio,441,39394823,579,548
07,EL ORO,0708,Marcabelí,2022,11.876359999999998,0.310784116955289,Medio,396,25777577,522,594
07,EL ORO,0708,Marcabelí,2023,12.19192,0.30526464891085053,Medio,482,56427732,618,592
07,EL ORO,0708,Marcabelí,2024,12.430249999999997,0.31743699486954746,Medio,433,36747344,581,574
07,EL ORO,0709,Pasaje,2015,222.714889241314,7.079168984502972,Alto,5144,304759996,8945,8836
07,EL ORO,0709,Pasaje,2016,215.95720780176302,7.204241176338111,Alto,5236,272564009,8681,8527
07,EL ORO,0709,Pasaje,2017,237.54675585910533,7.212387385082494,Alto,5405,300701532,8150,8565
07,EL ORO,0709,Pasaje,2018,210.16140999999993,6.255925262269704,Alto,5301,334270465,8625,9022
07,EL ORO,0709,Pasaje,2019,227.02008,6.710044419550313,Alto,5521,404392785,9165,8481
07,EL ORO,0709,Pasaje,2020,215.04517000000004,6.706196536917795,Alto,5257,319078423,8340,8702
07,EL ORO,0709,Pasaje,2021,240.60085,6.679862040624789,Alto,4510,123288613,7420,8161
07,EL ORO,0709,Pasaje,2022,249.64743,6.532848118675026,Alto,5509,406088037,8597,8894
07,EL ORO,0709,Pasaje,2023,281.79330000000004,7.055618211891974,Alto,5674,427819244,9036,9228
07,EL ORO,0709,Pasaje,2024,267.60201,6.833875253953107,Alto,4578,74909042,7631,8357
07,EL ORO,0710,Piñas,2015,97.13954993321445,3.087657459267102,Alto,2623,194829916,3927,4312
07,EL ORO,0710,Piñas,2016,99.73956418824216,3.327269705647149,Alto,2619,195187381,3863,4040
07,EL ORO,0710,Piñas,2017,98.9021473217909,3.0028639924863576,Alto,2681,210941671,4001,3942
07,EL ORO,0710,Piñas,2018,81.11045000000001,2.4144342826262157,Alto,2812,219260737,4114,4228
07,EL ORO,0710,Piñas,2019,92.41336,2.7314665317706437,Alto,2659,165311606,4114,3937
07,EL ORO,0710,Piñas,2020,83.70744999999998,2.6104218537166832,Alto,2997,312765969,4384,4295
07,EL ORO,0710,Piñas,2021,87.77205999999998,2.436837824228141,Alto,2924,273158120,4176,4272
07,EL ORO,0710,Piñas,2022,100.15361999999999,2.6208496838741477,Alto,2790,258854283,3936,4218
07,EL ORO,0710,Piñas,2023,102.90231000000001,2.576496362694761,Alto,2399,84624755,3730,3760
07,EL ORO,0710,Piñas,2024,105.0924,2.6837928150784127,Alto,3118,352849732,4462,4480
07,EL ORO,0711,Portovelo,2015,36.12091725397404,1.148131936698094,Medio,1146,114533042,4149,4021
07,EL ORO,0711,Portovelo,2016,41.16962598184237,1.3734013221039933,Medio,1106,112863024,4097,3896
07,EL ORO,0711,Portovelo,2017,43.842754588389106,1.3311523829360041,Medio,1103,96154897,3828,4128
07,EL ORO,0711,Portovelo,2018,50.70849000000001,1.5094518237318206,Medio,1144,112147885,4205,4356
07,EL ORO,0711,Portovelo,2019,59.5995,1.7615855495381239,Medio,1109,106637113,3966,4087
07,EL ORO,0711,Portovelo,2020,78.60909000000001,2.4514291910311647,Medio,1148,142926740,4200,4178
07,EL ORO,0711,Portovelo,2021,119.87307,3.3280662557349987,Medio,1147,106512430,4256,4155
07,EL ORO,0711,Portovelo,2022,129.10849,3.378549324547316,Medio,1214,131622795,4255,4200
07,EL ORO,0711,Portovelo,2023,142.73532,3.5738462315187363,Medio,1191,158049187,4248,4370
07,EL ORO,0711,Portovelo,2024,139.85148999999998,3.5714516372260072,Medio,1199,143464533,4242,4162
07,EL ORO,0712,Santa Rosa,2015,296.7551115444662,9.432596036999069,Alto,4592,364056543,8805,9523
07,EL ORO,0712,Santa Rosa,2016,253.8531055596876,8.46843230855792,Alto,4455,402077048,9178,9861
07,EL ORO,0712,Santa Rosa,2017,273.9569261075597,8.317871868080086,Alto,4650,407396795,8692,9469
07,EL ORO,0712,Santa Rosa,2018,285.78972000000005,8.507171364357454,Alto,4403,342961497,8609,9508
07,EL ORO,0712,Santa Rosa,2019,267.21922,7.898212510354094,Alto,4582,351423772,8967,9427
07,EL ORO,0712,Santa Rosa,2020,269.50605000000013,8.404562349335233,Alto,4409,377760248,9048,9895
07,EL ORO,0712,Santa Rosa,2021,302.97527,8.411578784202327,Alto,5057,578615069,9370,10006
07,EL ORO,0712,Santa Rosa,2022,339.69554,8.889253814514722,Alto,5076,703016961,9953,10964
07,EL ORO,0712,Santa Rosa,2023,353.73536,8.856923312960824,Alto,4689,472916623,8735,9373
07,EL ORO,0712,Santa Rosa,2024,338.40429000000006,8.641985548847602,Alto,4076,102164071,7916,9304
07,EL ORO,0713,Zaruma,2015,65.65342195406797,2.0868459670881694,Alto,1720,146746028,4929,4729
07,EL ORO,0713,Zaruma,2016,70.40053528572149,2.3485321018190084,Alto,1674,149147302,4865,4928
07,EL ORO,0713,Zaruma,2017,70.49235365173303,2.140286700122683,Alto,1719,180213117,5076,5053
07,EL ORO,0713,Zaruma,2018,77.93776000000001,2.3199920559569596,Alto,1761,188824850,4875,5133
07,EL ORO,0713,Zaruma,2019,81.58554999999998,2.411428383310599,Alto,1687,136207078,4753,4847
07,EL ORO,0713,Zaruma,2020,87.84384000000001,2.739415424199301,Alto,1626,132871044,4753,4791
07,EL ORO,0713,Zaruma,2021,135.12221,3.751431973013941,Alto,1635,136582370,5015,4679
07,EL ORO,0713,Zaruma,2022,148.48803,3.885678884942901,Alto,1810,165969948,4920,5106
07,EL ORO,0713,Zaruma,2023,165.71077,4.149111872846665,Alto,1860,156971409,5015,4924
07,EL ORO,0713,Zaruma,2024,152.63501,3.8979102500982155,Alto,1900,216350595,5155,4854
07,EL ORO,0714,Las Lajas,2015,12.55156830632793,0.39896153042894306,Bajo,223,5010045,254,257
07,EL ORO,0714,Las Lajas,2016,12.235243888112434,0.4081625647901122,Bajo,219,4815167,256,266
07,EL ORO,0714,Las Lajas,2017,10.10853747377212,0.3069151076965682,Bajo,222,4714011,256,260
07,EL ORO,0714,Las Lajas,2018,7.770440000000001,0.23130455726839202,Bajo,233,6468243,261,268
07,EL ORO,0714,Las Lajas,2019,9.66178,0.285573738551774,Bajo,219,5247959,253,248
07,EL ORO,0714,Las Lajas,2020,9.7649,0.30451899274626154,Bajo,246,7018283,263,270
07,EL ORO,0714,Las Lajas,2021,11.43195,0.3173881092079291,Bajo,215,3660045,248,239
07,EL ORO,0714,Las Lajas,2022,12.359659999999998,0.3234312549440744,Bajo,250,8038020,267,269
07,EL ORO,0714,Las Lajas,2023,13.22658,0.3311707507916126,Bajo,243,8696589,276,264
07,EL ORO,0714,Las Lajas,2024,11.152059999999999,0.2847952706506214,Bajo,215,3150095,227,255
08,ESMERALDAS,0801,Esmeraldas,2015,1095.4404792008047,59.64309638696803,Alto,8998,1824208867,17375,18971
08,ESMERALDAS,0801,Esmeraldas,2016,1577.992402701218,67.71006091012305,Alto,9402,1969159965,19070,18499
08,ESMERALDAS,0801,Esmeraldas,2017,1650.2144584597736,68.92869821510948,Alto,9110,1851790765,17171,18022
08,ESMERALDAS,0801,Esmeraldas,2018,1771.35565,71.61360028956973,Alto,9385,1937037205,18859,19868
08,ESMERALDAS,0801,Esmeraldas,2019,1437.01749,66.78824846022891,Alto,9223,1880057776,18386,19192
08,ESMERALDAS,0801,Esmeraldas,2020,1276.23462,66.05645586852549,Alto,9571,2146335832,17927,19226
08,ESMERALDAS,0801,Esmeraldas,2021,1345.5831600000001,66.6887005798317,Alto,9610,2659392397,19295,19859
08,ESMERALDAS,0801,Esmeraldas,2022,1134.1673399999997,62.12167150843872,Alto,8315,1196142367,17310,18749
08,ESMERALDAS,0801,Esmeraldas,2023,1030.9605,56.25152709514262,Alto,9937,2510489129,19778,18646
08,ESMERALDAS,0801,Esmeraldas,2024,1091.2612900000001,52.2993922583543,Alto,10793,3595500449,20746,19965
08,ESMERALDAS,0802,Eloy Alfaro,2015,72.10479959640467,3.9258668945928594,Medio,1014,32177349,2100,2056
08,ESMERALDAS,0802,Eloy Alfaro,2016,83.32293960219013,3.575303218201257,Medio,1024,28518812,2128,2034
08,ESMERALDAS,0802,Eloy Alfaro,2017,91.54214645260456,3.823673313760841,Medio,971,26303870,1987,2033
08,ESMERALDAS,0802,Eloy Alfaro,2018,57.00516,2.3046443229415665,Medio,1082,42902773,2232,2176
08,ESMERALDAS,0802,Eloy Alfaro,2019,70.69727999999999,3.285796822210126,Medio,1009,35820379,2229,2001
08,ESMERALDAS,0802,Eloy Alfaro,2020,72.34183999999998,3.744331556691301,Medio,983,25068770,2078,2015
08,ESMERALDAS,0802,Eloy Alfaro,2021,63.365669999999994,3.140477912692088,Medio,1202,56079377,2402,2324
08,ESMERALDAS,0802,Eloy Alfaro,2022,65.38197,3.5811622497563684,Medio,992,29818103,2132,2090
08,ESMERALDAS,0802,Eloy Alfaro,2023,76.61402,4.180233502542337,Medio,908,16554752,1943,2119
08,ESMERALDAS,0802,Eloy Alfaro,2024,94.22183,4.515641204930832,Medio,940,19870672,2099,1975
08,ESMERALDAS,0803,Muisne,2015,36.83621811599222,2.0056097518199945,Bajo,836,21183996,1022,994
08,ESMERALDAS,0803,Muisne,2016,42.243120798462606,1.8126096661817477,Bajo,820,18874686,1002,1031
08,ESMERALDAS,0803,Muisne,2017,46.010391278208,1.9218328617328695,Bajo,815,22491197,996,963
08,ESMERALDAS,0803,Muisne,2018,61.256409999999995,2.4765168197103735,Bajo,847,21992990,992,970
08,ESMERALDAS,0803,Muisne,2019,58.37059999999999,2.7128898309878173,Bajo,818,20555618,1032,925
08,ESMERALDAS,0803,Muisne,2020,47.15108000000001,2.440486401452826,Bajo,891,30109231,1095,1050
08,ESMERALDAS,0803,Muisne,2021,47.145880000000005,2.3366058437389157,Bajo,892,26980521,1062,1074
08,ESMERALDAS,0803,Muisne,2022,53.11871,2.909467533752136,Bajo,911,29105093,1055,1034
08,ESMERALDAS,0803,Muisne,2023,57.326350000000005,3.1278547823031335,Bajo,852,25704613,1108,1023
08,ESMERALDAS,0803,Muisne,2024,71.34550999999999,3.419279000872778,Bajo,770,13139068,962,937
08,ESMERALDAS,0804,Quinindé,2015,419.6861456071642,22.85051694728792,Alto,4640,302704510,4766,4481
08,ESMERALDAS,0804,Quinindé,2016,406.8185851657295,17.45617477865463,Alto,4980,336281796,4939,4800
08,ESMERALDAS,0804,Quinindé,2017,375.1776014950298,15.670995692678877,Alto,5140,370881822,5149,5041
08,ESMERALDAS,0804,Quinindé,2018,354.31427,14.324464151888803,Alto,4587,263852719,4679,4811
08,ESMERALDAS,0804,Quinindé,2019,333.51683999999995,15.50085905745685,Alto,4811,324247992,4738,4837
08,ESMERALDAS,0804,Quinindé,2020,306.26024,15.851682528283103,Alto,4642,205202912,4854,5008
08,ESMERALDAS,0804,Quinindé,2021,319.58123,15.838825567945076,Alto,4540,308085534,4860,4778
08,ESMERALDAS,0804,Quinindé,2022,313.97544,17.197355678922584,Alto,4867,302492064,4684,4657
08,ESMERALDAS,0804,Quinindé,2023,368.0551699999999,20.081919111122414,Alto,4767,321100974,4791,5002
08,ESMERALDAS,0804,Quinindé,2024,467.03711,22.383050914504775,Alto,5838,624047556,5585,5376
08,ESMERALDAS,0805,San Lorenzo,2015,56.67438308828589,3.0857319565848877,Medio,1086,110060822,4992,4932
08,ESMERALDAS,0805,San Lorenzo,2016,59.48885249150019,2.552606602400402,Medio,1096,104138127,5023,4903
08,ESMERALDAS,0805,San Lorenzo,2017,65.95714113548372,2.754999420319262,Medio,1116,137011342,4844,5154
08,ESMERALDAS,0805,San Lorenzo,2018,108.59938000000001,4.390531393859328,Medio,1111,126562698,5274,4740
08,ESMERALDAS,0805,San Lorenzo,2019,123.01715999999998,5.717467396274858,Medio,1084,124336954,5363,5011
08,ESMERALDAS,0805,San Lorenzo,2020,125.87536999999999,6.5151663283819365,Medio,1053,99921194,4566,4753
08,ESMERALDAS,0805,San Lorenzo,2021,125.78400999999998,6.234005024721442,Medio,1266,171753147,5225,5607
08,ESMERALDAS,0805,San Lorenzo,2022,134.22106,7.351681100986779,Medio,1268,182007086,5499,5333
08,ESMERALDAS,0805,San Lorenzo,2023,164.98668,9.00204488955457,Medio,1196,146743722,5042,5361
08,ESMERALDAS,0805,San Lorenzo,2024,218.24182999999996,10.459378683130115,Medio,1185,153104626,5058,5163
08,ESMERALDAS,0806,Atacames,2015,105.32294737982923,5.73448473158276,Medio,1960,36002181,3081,2793
08,ESMERALDAS,0806,Atacames,2016,104.75371682764731,4.4948762331302365,Medio,2057,36257135,2864,2847
08,ESMERALDAS,0806,Atacames,2017,108.75876841425739,4.5428036870251844,Medio,2018,33753126,2995,3060
08,ESMERALDAS,0806,Atacames,2018,79.01723,3.194563624311695,Medio,2060,39687191,2914,3057
08,ESMERALDAS,0806,Atacames,2019,87.51585,4.0674733430058145,Medio,2085,36681904,2891,2850
08,ESMERALDAS,0806,Atacames,2020,72.74577000000001,3.7652385151774883,Medio,2059,40336920,2869,2913
08,ESMERALDAS,0806,Atacames,2021,80.80222,4.004654053314467,Medio,2384,65591180,3086,3187
08,ESMERALDAS,0806,Atacames,2022,85.33901000000002,4.674267860750928,Medio,1869,22697108,2838,2829
08,ESMERALDAS,0806,Atacames,2023,88.06838,4.805209184828437,Medio,2286,60250455,2991,3242
08,ESMERALDAS,0806,Atacames,2024,85.03281000000001,4.075251569695204,Medio,2266,61797698,3194,3142
08,ESMERALDAS,0807,Rioverde,2015,50.594331373453,2.754693331163548,Bajo,585,21424462,963,1093
08,ESMERALDAS,0807,Rioverde,2016,55.89431415496628,2.3983685913086803,Bajo,582,20104270,921,1052
08,ESMERALDAS,0807,Rioverde,2017,56.428603964539754,2.356996809373492,Bajo,600,20102207,980,1094
08,ESMERALDAS,0807,Rioverde,2018,41.94246999999999,1.6956793977185043,Bajo,602,22464063,1022,1114
08,ESMERALDAS,0807,Rioverde,2019,41.467079999999996,1.9272650898356076,Bajo,575,13729589,936,1108
08,ESMERALDAS,0807,Rioverde,2020,31.427250000000004,1.626638801487863,Bajo,567,17513375,898,1033
08,ESMERALDAS,0807,Rioverde,2021,35.4457,1.7567310177563018,Bajo,621,25012595,1027,1113
08,ESMERALDAS,0807,Rioverde,2022,39.51575999999999,2.164394067392474,Bajo,617,24327699,993,1107
08,ESMERALDAS,0807,Rioverde,2023,46.757810000000006,2.551211434506493,Bajo,587,17717439,956,1037
08,ESMERALDAS,0807,Rioverde,2024,59.42553000000001,2.8480063685119825,Bajo,558,13395331,939,1019
09,GUAYAS,0901,Guayaquil,2015,20953.82935843564,80.90220414596624,Alto,179990,59079236268,631736,667102
09,GUAYAS,0901,Guayaquil,2016,21931.422529152303,80.26145385423379,Alto,179414,53972817419,654613,710746
09,GUAYAS,0901,Guayaquil,2017,23207.55154830803,80.10489588546717,Alto,175578,59103787768,654240,688156
09,GUAYAS,0901,Guayaquil,2018,22680.37297,76.9241624402003,Alto,176051,52063174355,632516,662328
09,GUAYAS,0901,Guayaquil,2019,22861.519839999997,75.71948108900224,Alto,191314,71013798254,691499,681824
09,GUAYAS,0901,Guayaquil,2020,21572.80577,75.05203625125658,Alto,182498,64192135334,682427,670310
09,GUAYAS,0901,Guayaquil,2021,23347.18532,75.79701461404872,Alto,168941,45834718800,650694,661806
09,GUAYAS,0901,Guayaquil,2022,26052.2269,76.38024815905334,Alto,181263,49445716385,657245,650631
09,GUAYAS,0901,Guayaquil,2023,27178.87194,75.84664351479685,Alto,194311,82891205607,704607,706299
09,GUAYAS,0901,Guayaquil,2024,26277.882319999997,74.56762565445935,Alto,177353,60963473326,669628,662227
09,GUAYAS,0902,Alfredo Baquerizo Moreno,2015,51.10662235351067,0.19732137377505127,Medio,458,27611368,581,600
09,GUAYAS,0902,Alfredo Baquerizo Moreno,2016,52.088166592610655,0.19062475194061454,Medio,444,31917414,606,605
09,GUAYAS,0902,Alfredo Baquerizo Moreno,2017,49.370594953586306,0.17041118535612745,Medio,425,26346107,548,615
09,GUAYAS,0902,Alfredo Baquerizo Moreno,2018,46.94854999999999,0.1592336198046158,Medio,478,33326132,595,603
09,GUAYAS,0902,Alfredo Baquerizo Moreno,2019,62.64526000000001,0.20748693057519962,Medio,486,34643991,589,608
09,GUAYAS,0902,Alfredo Baquerizo Moreno,2020,70.74266,0.24611451748264265,Medio,472,37594369,596,575
09,GUAYAS,0902,Alfredo Baquerizo Moreno,2021,61.93417000000001,0.2010702842443955,Medio,472,36937695,632,640
09,GUAYAS,0902,Alfredo Baquerizo Moreno,2022,59.78247,0.17527100127326012,Medio,450,31521587,598,584
09,GUAYAS,0902,Alfredo Baquerizo Moreno,2023,65.97534000000002,0.18411389938457903,Medio,439,25760192,587,577
09,GUAYAS,0902,Alfredo Baquerizo Moreno,2024,76.16673,0.21613508047570398,Medio,435,32040589,630,582
09,GUAYAS,0903,Balao,2015,71.07775580110517,0.2744294139125056,Medio,830,47289390,1353,1338
09,GUAYAS,0903,Balao,2016,62.98806402195055,0.2305146228953127,Medio,813,45554514,1367,1355
09,GUAYAS,0903,Balao,2017,58.697711559076104,0.20260534866711422,Medio,836,45906072,1420,1386
09,GUAYAS,0903,Balao,2018,75.48780000000004,0.25602911368054787,Medio,819,50189801,1412,1352
09,GUAYAS,0903,Balao,2019,85.33224,0.2826283194723156,Medio,863,55238404,1398,1332
09,GUAYAS,0903,Balao,2020,70.79306000000001,0.2462898596549772,Medio,830,51464597,1331,1393
09,GUAYAS,0903,Balao,2021,75.9817,0.24667581750707862,Medio,831,45515234,1339,1396
09,GUAYAS,0903,Balao,2022,75.60896,0.2216713047224357,Medio,821,40187018,1368,1413
09,GUAYAS,0903,Balao,2023,80.6714,0.22512541841865652,Medio,883,62628424,1443,1421
09,GUAYAS,0903,Balao,2024,93.07363,0.2641110693634333,Medio,827,46463330,1338,1329
09,GUAYAS,0904,Balzar,2015,99.29742294750575,0.38338483362867354,Medio,1130,91465976,1897,1856
09,GUAYAS,0904,Balzar,2016,100.48008676333704,0.3677225148667409,Medio,1179,92256779,1938,1963
09,GUAYAS,0904,Balzar,2017,100.8369236445633,0.3480561597868107,Medio,1163,87439032,1876,1824
09,GUAYAS,0904,Balzar,2018,96.46273,0.32716898975868924,Medio,1110,76439260,1806,1800
09,GUAYAS,0904,Balzar,2019,102.33009000000003,0.3389267804073913,Medio,1174,97177115,1898,1869
09,GUAYAS,0904,Balzar,2020,93.72664,0.32607604490514425,Medio,1232,138036911,2066,2010
09,GUAYAS,0904,Balzar,2021,102.80254999999998,0.3337501406662699,Medio,1169,108209060,1824,1863
09,GUAYAS,0904,Balzar,2022,109.87281999999998,0.3221265226096659,Medio,1197,99326364,1833,1890
09,GUAYAS,0904,Balzar,2023,123.74996000000002,0.3453424822711892,Medio,1131,93811155,1786,1983
09,GUAYAS,0904,Balzar,2024,138.20085000000003,0.39216665644646553,Medio,1322,148969253,2036,1931
09,GUAYAS,0905,Colimes,2015,45.646330190163205,0.17623932410579043,Medio,378,30534548,476,500
09,GUAYAS,0905,Colimes,2016,48.696501439133584,0.1782124254787553,Medio,365,29880711,483,503
09,GUAYAS,0905,Colimes,2017,51.21258125546106,0.1767691210748953,Medio,368,28517165,489,500
09,GUAYAS,0905,Colimes,2018,37.55944999999999,0.12738896475760117,Medio,373,29634357,491,518
09,GUAYAS,0905,Colimes,2019,38.32543999999999,0.12693742365414362,Medio,361,21423650,456,484
09,GUAYAS,0905,Colimes,2020,40.720150000000004,0.1416658642616892,Medio,411,40437082,499,523
09,GUAYAS,0905,Colimes,2021,45.18852,0.14670526077904247,Medio,392,32069219,495,515
09,GUAYAS,0905,Colimes,2022,45.60845000000001,0.13371543025942925,Medio,383,37841038,519,535
09,GUAYAS,0905,Colimes,2023,51.8392,0.1446649195438336,Medio,412,40064891,497,522
09,GUAYAS,0905,Colimes,2024,57.119550000000004,0.16208571033554936,Medio,432,47782119,545,543
09,GUAYAS,0906,Daule,2015,535.3384772162846,2.0669282941118676,Alto,10682,1104739972,16751,18459
09,GUAYAS,0906,Daule,2016,680.8286179251259,2.4915982822182845,Alto,11002,951899354,17552,17224
09,GUAYAS,0906,Daule,2017,565.509972033194,1.95195591131694,Alto,10539,967590729,16539,16636
09,GUAYAS,0906,Daule,2018,704.4029600000001,2.389096854362617,Alto,10790,1094732944,17849,17657
09,GUAYAS,0906,Daule,2019,768.24734,2.5445066793427276,Alto,11724,1461948649,17572,18262
09,GUAYAS,0906,Daule,2020,744.0818200000001,2.5886691014574033,Alto,10949,1059441107,16670,17725
09,GUAYAS,0906,Daule,2021,750.87761,2.4377363009054993,Alto,11725,1392668957,18463,18204
09,GUAYAS,0906,Daule,2022,831.1419099999998,2.436752358440021,Alto,11568,1233028739,17771,17684
09,GUAYAS,0906,Daule,2023,912.5887200000001,2.5467131775839538,Alto,11641,1306996169,16808,17938
09,GUAYAS,0906,Daule,2024,874.15463,2.4805513024290167,Alto,12091,1644152569,18622,17972
09,GUAYAS,0907,Durán,2015,1217.7269007880643,4.701612704597579,Alto,12009,8582225258,57244,56193
09,GUAYAS,0907,Durán,2016,1441.940601205043,5.277006034165264,Alto,12164,7562845218,58077,57449
09,GUAYAS,0907,Durán,2017,1579.9720992465725,5.453548180153323,Alto,12593,7499760112,57299,55956
09,GUAYAS,0907,Durán,2018,2131.3049800000003,7.228666420432674,Alto,12568,7891905721,60650,60058
09,GUAYAS,0907,Durán,2019,2365.0449399999993,7.833248920556911,Alto,11945,7876076319,56432,57803
09,GUAYAS,0907,Durán,2020,2359.3833399999994,8.208321432650195,Alto,12697,9441487006,58488,56234
09,GUAYAS,0907,Durán,2021,2472.04707,8.025540780322478,Alto,13905,13047925195,58848,60630
09,GUAYAS,0907,Durán,2022,2647.8414399999997,7.762975005911112,Alto,10910,2969995924,54558,52494
09,GUAYAS,0907,Durán,2023,2848.42756,7.948956461400606,Alto,10838,2983125752,53195,50697
09,GUAYAS,0907,Durán,2024,3200.5332000000003,9.082016528045282,Alto,12176,9105158301,60683,58911
09,GUAYAS,0908,El Empalme,2015,142.21573969512835,0.5490913669654817,Alto,2540,186618325,3803,2956
09,GUAYAS,0908,El Empalme,2016,157.67579720038108,0.5770391183748292,Alto,2429,189831479,3722,3156
09,GUAYAS,0908,El Empalme,2017,174.86382731751317,0.6035728780886811,Alto,2492,185147714,3796,3088
09,GUAYAS,0908,El Empalme,2018,169.45264,0.5747261044834918,Alto,2503,187930738,3676,3066
09,GUAYAS,0908,El Empalme,2019,181.51003999999998,0.6011781428983087,Alto,2730,265019647,4127,3178
09,GUAYAS,0908,El Empalme,2020,160.11641,0.5570468086470451,Alto,2512,187839532,3941,3163
09,GUAYAS,0908,El Empalme,2021,174.89755,0.5678077237839527,Alto,2662,246321320,3643,3124
09,GUAYAS,0908,El Empalme,2022,187.56082,0.5498931830858397,Alto,2809,272920532,4014,3165
09,GUAYAS,0908,El Empalme,2023,217.23971999999995,0.6062394214325246,Alto,2703,216489234,3919,3243
09,GUAYAS,0908,El Empalme,2024,212.73660999999998,0.6036736029297628,Alto,2574,211423075,3734,3117
09,GUAYAS,0909,El Triunfo,2015,147.1612901147204,0.5681860118065656,Alto,2203,275715032,5338,5277
09,GUAYAS,0909,El Triunfo,2016,140.84568161871542,0.5154466911930667,Alto,2273,283729338,5484,5421
09,GUAYAS,0909,El Triunfo,2017,150.56143169946765,0.5196889376954559,Alto,2258,287689721,5449,5344
09,GUAYAS,0909,El Triunfo,2018,147.02294999999998,0.4986521739830738,Alto,2188,264103511,5089,5597
09,GUAYAS,0909,El Triunfo,2019,169.29626,0.5607249669849075,Alto,2250,301186245,5438,5477
09,GUAYAS,0909,El Triunfo,2020,175.55542000000003,0.6107592997600412,Alto,2236,277035291,5347,5463
09,GUAYAS,0909,El Triunfo,2021,168.84053999999998,0.5481435428904144,Alto,2301,375709176,5249,5826
09,GUAYAS,0909,El Triunfo,2022,176.74942999999996,0.5181962132139738,Alto,2260,287159844,5537,5414
09,GUAYAS,0909,El Triunfo,2023,219.93496999999996,0.6137609133614225,Alto,2135,192668561,5119,5493
09,GUAYAS,0909,El Triunfo,2024,222.61432999999997,0.6317031875937817,Alto,2097,184919429,5059,5300
09,GUAYAS,0910,Milagro,2015,502.84525931738324,1.9414728032395998,Alto,8199,702134402,19236,19073
09,GUAYAS,0910,Milagro,2016,500.38871934642464,1.8312503921538623,Alto,8333,723464862,18715,19303
09,GUAYAS,0910,Milagro,2017,569.8308064604446,1.9668700219766868,Alto,8457,810648230,18312,20338
09,GUAYAS,0910,Milagro,2018,594.7329700000001,2.0171333008207926,Alto,8295,598246429,18493,18520
09,GUAYAS,0910,Milagro,2019,609.99885,2.020372954648151,Alto,8236,661887297,18737,19206
09,GUAYAS,0910,Milagro,2020,607.0107999999999,2.1117974663202213,Alto,7892,602494047,17835,19726
09,GUAYAS,0910,Milagro,2021,625.88004,2.031929668964541,Alto,8407,723869058,19585,19135
09,GUAYAS,0910,Milagro,2022,684.4451700000001,2.0066650016726766,Alto,8326,671524303,19250,19119
09,GUAYAS,0910,Milagro,2023,681.89973,1.9029415881690277,Alto,9280,938293814,20058,19017
09,GUAYAS,0910,Milagro,2024,634.03606,1.799177079711815,Alto,6721,10,15627,17330
09,GUAYAS,0911,Naranjal,2015,279.19381829908855,1.0779602571895233,Alto,3013,368379133,5726,6169
09,GUAYAS,0911,Naranjal,2016,270.42443047123527,0.989660288495816,Alto,2983,361397966,5751,6012
09,GUAYAS,0911,Naranjal,2017,265.06726154512506,0.9149257018569961,Alto,2999,377015448,5571,5938
09,GUAYAS,0911,Naranjal,2018,351.26336999999995,1.1913666750063228,Alto,3035,427965058,6188,5971
09,GUAYAS,0911,Naranjal,2019,365.70707,1.2112558467144947,Alto,2802,274084101,5487,5823
09,GUAYAS,0911,Naranjal,2020,295.94302000000005,1.0295891272629,Alto,3077,454180928,6372,6063
09,GUAYAS,0911,Naranjal,2021,311.36599999999993,1.0108547531038266,Alto,3036,425923085,5934,6027
09,GUAYAS,0911,Naranjal,2022,337.20349,0.9886174546675264,Alto,3242,451169095,6018,6139
09,GUAYAS,0911,Naranjal,2023,355.03586000000007,0.9907798369202414,Alto,3150,507109731,5711,5753
09,GUAYAS,0911,Naranjal,2024,373.88957000000005,1.0609704827944744,Alto,2986,322260241,5291,6068
09,GUAYAS,0912,Naranjito,2015,77.65708770358184,0.2998320476561057,Medio,1515,53793755,1894,1987
09,GUAYAS,0912,Naranjito,2016,72.09369482570578,0.2638380958983901,Medio,1560,47865658,1897,1911
09,GUAYAS,0912,Naranjito,2017,76.76668477786893,0.26497354875215157,Medio,1536,59651972,1846,1986
09,GUAYAS,0912,Naranjito,2018,78.38486999999999,0.26585499633139337,Medio,1651,63352660,2012,1902
09,GUAYAS,0912,Naranjito,2019,83.97449,0.2781313251268778,Medio,1451,34024461,1903,1820
09,GUAYAS,0912,Naranjito,2020,83.13892999999999,0.2892412815827564,Medio,1678,70781793,2034,2027
09,GUAYAS,0912,Naranjito,2021,91.18137000000002,0.2960217919073332,Medio,1482,34978543,1877,1818
09,GUAYAS,0912,Naranjito,2022,85.90961000000001,0.25187088060589136,Medio,1508,40163221,1956,1922
09,GUAYAS,0912,Naranjito,2023,87.27878999999999,0.2435643129761483,Medio,1397,22278929,1823,1868
09,GUAYAS,0912,Naranjito,2024,95.02074999999999,0.2696363287239947,Medio,1394,33689338,1829,1875
09,GUAYAS,0913,Palestina,2015,38.72713133352782,0.14952447266501093,Medio,424,53010026,479,534
09,GUAYAS,0913,Palestina,2016,39.06076190515226,0.14294893707849096,Medio,421,59962093,499,520
09,GUAYAS,0913,Palestina,2017,40.344785058897294,0.13925703450177784,Medio,432,61784673,502,537
09,GUAYAS,0913,Palestina,2018,21.216450000000002,0.07195903031943782,Medio,436,54257573,489,552
09,GUAYAS,0913,Palestina,2019,22.474730000000005,0.07443839714619042,Medio,423,51707291,483,501
09,GUAYAS,0913,Palestina,2020,22.54146,0.07842199531731334,Medio,424,53842768,500,540
09,GUAYAS,0913,Palestina,2021,23.610559999999992,0.07665206477085836,Medio,473,94739753,566,558
09,GUAYAS,0913,Palestina,2022,26.766849999999994,0.07847538919738782,Medio,436,64023581,534,551
09,GUAYAS,0913,Palestina,2023,29.949110000000005,0.08357740066512259,Medio,450,67634091,519,569
09,GUAYAS,0913,Palestina,2024,36.480030000000006,0.1035178249060462,Medio,371,26182355,443,491
09,GUAYAS,0914,Pedro Carbo,2015,61.99379999286049,0.23935649074031778,Medio,1063,44771733,2026,1796
09,GUAYAS,0914,Pedro Carbo,2016,67.25157733782109,0.24611761339006022,Medio,1066,45967643,1955,1832
09,GUAYAS,0914,Pedro Carbo,2017,73.71396088720151,0.25443654191108217,Medio,1064,50319513,2021,1855
09,GUAYAS,0914,Pedro Carbo,2018,75.33422999999999,0.25550825612491723,Medio,1114,59643509,2056,1890
09,GUAYAS,0914,Pedro Carbo,2019,64.69707,0.21428271622639652,Medio,1107,53513667,1943,1841
09,GUAYAS,0914,Pedro Carbo,2020,66.22948000000001,0.23041311301167264,Medio,1158,66082729,2193,1914
09,GUAYAS,0914,Pedro Carbo,2021,66.05864,0.21446044278300966,Medio,1138,64108062,2093,1957
09,GUAYAS,0914,Pedro Carbo,2022,73.87028,0.2165738207192858,Medio,1037,44203127,1836,1836
09,GUAYAS,0914,Pedro Carbo,2023,79.00657000000001,0.22047946520170567,Medio,1214,76897456,2205,1933
09,GUAYAS,0914,Pedro Carbo,2024,79.45507000000002,0.22546626261430283,Medio,1133,52390849,1986,1874
09,GUAYAS,0916,Samborondón,2015,847.5246600716054,3.2722712347683576,Alto,9835,3590031582,39779,43365
09,GUAYAS,0916,Samborondón,2016,861.8157021112291,3.1539486831695323,Alto,9980,3779226700,42974,43959
09,GUAYAS,0916,Samborondón,2017,1012.1958367497202,3.493769773591261,Alto,9802,3942743289,43827,42382
09,GUAYAS,0916,Samborondón,2018,1309.03938,4.43981931165478,Alto,10459,5003310042,43389,44738
09,GUAYAS,0916,Samborondón,2019,1458.3920099999998,4.830330047800835,Alto,9191,2460917714,40364,42974
09,GUAYAS,0916,Samborondón,2020,1378.51868,4.795882141963695,Alto,9873,4957119060,43894,42968
09,GUAYAS,0916,Samborondón,2021,1405.9030999999998,4.564287144512903,Alto,10189,4121693117,43179,42781
09,GUAYAS,0916,Samborondón,2022,1535.0100700000003,4.500361927726257,Alto,9688,3369344372,42054,43591
09,GUAYAS,0916,Samborondón,2023,1630.8466799999999,4.55111775935061,Alto,10706,5024610007,43510,45493
09,GUAYAS,0916,Samborondón,2024,1598.4243999999999,4.535780731670229,Alto,8802,1893655769,40531,42211
09,GUAYAS,0918,Santa Lucía,2015,55.81722714056274,0.21550889948283455,Alto,872,206098477,1200,1056
09,GUAYAS,0918,Santa Lucía,2016,51.087084575274986,0.1869611365033629,Alto,862,224866769,1218,1094
09,GUAYAS,0918,Santa Lucía,2017,57.06662059813342,0.19697535485522644,Alto,848,198382489,1094,1063
09,GUAYAS,0918,Santa Lucía,2018,82.76797,0.28072099067979417,Alto,884,227186531,1202,1005
09,GUAYAS,0918,Santa Lucía,2019,66.75756999999999,0.22110728396624144,Alto,895,305408896,1284,1068
09,GUAYAS,0918,Santa Lucía,2020,70.92158,0.24673698219443035,Alto,828,166982561,1159,1025
09,GUAYAS,0918,Santa Lucía,2021,72.62312000000001,0.23577213323622234,Alto,745,128696058,1094,998
09,GUAYAS,0918,Santa Lucía,2022,79.96829000000001,0.23445204352397006,Alto,939,295323105,1244,1116
09,GUAYAS,0918,Santa Lucía,2023,95.79069999999999,0.26731805098357037,Alto,792,139007792,1144,957
09,GUAYAS,0918,Santa Lucía,2024,101.58913000000003,0.28827514044526736,Alto,811,181597955,1176,1090
09,GUAYAS,0919,Salitre (Urbina Jado),2015,59.55956249381886,0.22995796144438507,Medio,915,45682478,2276,2373
09,GUAYAS,0919,Salitre (Urbina Jado),2016,56.625310189393254,0.2072291350324611,Medio,909,41807351,2162,2340
09,GUAYAS,0919,Salitre (Urbina Jado),2017,60.58211987025177,0.20910971132071954,Medio,988,51882922,2388,2283
09,GUAYAS,0919,Salitre (Urbina Jado),2018,84.58524,0.2868845565463083,Medio,919,39199918,2224,2287
09,GUAYAS,0919,Salitre (Urbina Jado),2019,76.54594999999999,0.25352730938402523,Medio,975,52244561,2341,2378
09,GUAYAS,0919,Salitre (Urbina Jado),2020,84.39334000000001,0.2936053882176413,Medio,958,54705081,2238,2411
09,GUAYAS,0919,Salitre (Urbina Jado),2021,91.37086000000002,0.29663697425596997,Medio,886,31076896,2212,2230
09,GUAYAS,0919,Salitre (Urbina Jado),2022,87.50851000000002,0.2565585558380425,Medio,855,23886555,2174,2191
09,GUAYAS,0919,Salitre (Urbina Jado),2023,98.5192,0.27493233193264655,Medio,966,55670925,2332,2418
09,GUAYAS,0919,Salitre (Urbina Jado),2024,104.51533,0.2965786933546282,Medio,1083,85908673,2425,2418
09,GUAYAS,0920,Yaguachi,2015,212.96268737956416,0.8222435391227875,Alto,1582,966813598,9344,9051
09,GUAYAS,0920,Yaguachi,2016,232.86220917872998,0.8521954940018192,Alto,1661,1104808812,9466,9126
09,GUAYAS,0920,Yaguachi,2017,261.73690268906574,0.9034303897009266,Alto,1634,936390807,8861,8989
09,GUAYAS,0920,Yaguachi,2018,316.4033299999999,1.073133196959957,Alto,1587,987246085,9219,8794
09,GUAYAS,0920,Yaguachi,2019,331.48920999999996,1.0979231102512426,Alto,1655,1057590359,9780,9416
09,GUAYAS,0920,Yaguachi,2020,373.53787000000005,1.2995424915679465,Alto,1706,1495405339,9749,9311
09,GUAYAS,0920,Yaguachi,2021,409.7988600000001,1.3304186245368146,Alto,1712,1255156161,9222,9468
09,GUAYAS,0920,Yaguachi,2022,449.15669999999994,1.3168432909779957,Alto,1606,946713687,9054,9243
09,GUAYAS,0920,Yaguachi,2023,487.4445799999999,1.3602858637436102,Alto,1605,685477579,8709,8977
09,GUAYAS,0920,Yaguachi,2024,522.3661,1.482295998020128,Alto,1766,1512000347,9956,9450
09,GUAYAS,0921,Playas (General Villamil),2015,98.41896741868318,0.3799931390935004,Medio,1944,90149532,2648,2799
09,GUAYAS,0921,Playas (General Villamil),2016,100.4640554366728,0.36766384573191513,Medio,1875,88365244,2686,2862
09,GUAYAS,0921,Playas (General Villamil),2017,116.22129465575011,0.4011579889715601,Medio,1952,76719457,2718,2853
09,GUAYAS,0921,Playas (General Villamil),2018,85.55207,0.29016371725810236,Medio,1934,78859996,2836,2800
09,GUAYAS,0921,Playas (General Villamil),2019,92.72622000000001,0.3071178692791871,Medio,1885,86480330,2664,2731
09,GUAYAS,0921,Playas (General Villamil),2020,82.36838,0.28656052938251053,Medio,1884,98096632,2699,2888
09,GUAYAS,0921,Playas (General Villamil),2021,90.52553999999998,0.2938926292090035,Medio,1944,102147867,2866,2841
09,GUAYAS,0921,Playas (General Villamil),2022,100.49321,0.2946272634413399,Medio,2164,138513075,2918,2871
09,GUAYAS,0921,Playas (General Villamil),2023,110.58152,0.3085940117485383,Medio,1886,81357196,2515,2781
09,GUAYAS,0921,Playas (General Villamil),2024,97.15853999999999,0.27570264420964247,Medio,1997,113650250,2865,2986
09,GUAYAS,0922,Simón Bolívar,2015,92.5062511029946,0.3571642912372756,Medio,646,45069790,803,767
09,GUAYAS,0922,Simón Bolívar,2016,83.84419857634413,0.30684089306269763,Medio,631,42987674,789,773
09,GUAYAS,0922,Simón Bolívar,2017,96.91558771324777,0.33452098758839444,Medio,615,46616669,766,798
09,GUAYAS,0922,Simón Bolívar,2018,58.10672999999999,0.1970783965193699,Medio,651,36317253,774,791
09,GUAYAS,0922,Simón Bolívar,2019,53.3115,0.17657264890208382,Medio,655,39368242,789,800
09,GUAYAS,0922,Simón Bolívar,2020,52.446090000000005,0.18246054267963982,Medio,679,57442979,846,836
09,GUAYAS,0922,Simón Bolívar,2021,60.9334,0.1978212682591443,Medio,584,28157874,752,749
09,GUAYAS,0922,Simón Bolívar,2022,60.62077000000001,0.17772873981044962,Medio,529,2457920,624,655
09,GUAYAS,0922,Simón Bolívar,2023,60.566729999999986,0.16902037690556743,Medio,698,61425114,861,846
09,GUAYAS,0922,Simón Bolívar,2024,65.00362,0.18445799944295996,Medio,732,79394561,840,859
09,GUAYAS,0923,Coronel Marcelino Maridueña,2015,180.54444886939956,0.6970775417703223,Alto,657,426003682,4930,5006
09,GUAYAS,0923,Coronel Marcelino Maridueña,2016,227.61600633739096,0.8329961982561658,Alto,661,459333725,4968,4847
09,GUAYAS,0923,Coronel Marcelino Maridueña,2017,244.25899277609008,0.8431023472979974,Alto,669,493005859,4908,5100
09,GUAYAS,0923,Coronel Marcelino Maridueña,2018,180.73530999999997,0.6129931092186953,Alto,645,475871957,4742,4926
09,GUAYAS,0923,Coronel Marcelino Maridueña,2019,168.37448999999998,0.5576719789695922,Alto,655,524695220,4839,5127
09,GUAYAS,0923,Coronel Marcelino Maridueña,2020,176.27842,0.6132746249703167,Alto,639,388749632,4862,4870
09,GUAYAS,0923,Coronel Marcelino Maridueña,2021,183.58306999999994,0.5960054048897199,Alto,648,477808377,4775,4775
09,GUAYAS,0923,Coronel Marcelino Maridueña,2022,215.98136000000002,0.6332168815299946,Alto,687,563331656,4901,5014
09,GUAYAS,0923,Coronel Marcelino Maridueña,2023,218.00002,0.608361150516484,Alto,668,499195243,5008,4937
09,GUAYAS,0923,Coronel Marcelino Maridueña,2024,173.86485000000005,0.49336886783305794,Alto,667,490678024,4924,4878
09,GUAYAS,0924,Lomas De Sargentillo,2015,30.455431883755516,0.11758765070887774,Medio,492,22847809,745,753
09,GUAYAS,0924,Lomas De Sargentillo,2016,34.64163048955528,0.12677643792950663,Medio,522,21875969,755,741
09,GUAYAS,0924,Lomas De Sargentillo,2017,32.20124571252234,0.11114819371679939,Medio,510,22103396,738,741
09,GUAYAS,0924,Lomas De Sargentillo,2018,28.3745,0.09623671753751867,Medio,536,24621468,754,747
09,GUAYAS,0924,Lomas De Sargentillo,2019,30.386250000000004,0.100642087592751,Medio,540,28362968,757,760
09,GUAYAS,0924,Lomas De Sargentillo,2020,33.27239,0.11575502264608518,Medio,438,6256803,691,690
09,GUAYAS,0924,Lomas De Sargentillo,2021,33.92240999999999,0.11012965251580706,Medio,482,15721177,717,729
09,GUAYAS,0924,Lomas De Sargentillo,2022,34.699279999999995,0.10173178774749869,Medio,547,32657022,755,791
09,GUAYAS,0924,Lomas De Sargentillo,2023,37.339079999999996,0.10420019992671119,Medio,549,30239938,782,803
09,GUAYAS,0924,Lomas De Sargentillo,2024,40.40075000000001,0.11464348479354174,Medio,513,22053746,719,747
09,GUAYAS,0925,Nobol,2015,42.99714909348489,0.16601090302643196,Alto,661,147427317,1647,1578
09,GUAYAS,0925,Nobol,2016,44.688871873795115,0.16354588139135226,Alto,649,163926125,1643,1644
09,GUAYAS,0925,Nobol,2017,49.99810826045736,0.17257715654912542,Alto,662,141220119,1665,1542
09,GUAYAS,0925,Nobol,2018,65.48526000000001,0.2221038774072132,Alto,662,161837284,1743,1657
09,GUAYAS,0925,Nobol,2019,65.88113,0.21820443312910984,Alto,663,166390759,1689,1505
09,GUAYAS,0925,Nobol,2020,59.229400000000005,0.206059755199853,Alto,704,202264893,1687,1498
09,GUAYAS,0925,Nobol,2021,65.80320999999999,0.21363118515826796,Alto,695,166968948,1670,1769
09,GUAYAS,0925,Nobol,2022,75.41189,0.22109353240521765,Alto,679,149262187,1571,1601
09,GUAYAS,0925,Nobol,2023,86.04873,0.24013164945251975,Alto,666,156351982,1694,1605
09,GUAYAS,0925,Nobol,2024,88.33785,0.2506725484841041,Alto,619,76641687,1468,1577
09,GUAYAS,0927,General Antonio Elizalde,2015,29.506883478024275,0.11392532935223725,Medio,827,39169915,1227,1316
09,GUAYAS,0927,General Antonio Elizalde,2016,30.656219185471446,0.11219120502691338,Medio,805,40963469,1296,1302
09,GUAYAS,0927,General Antonio Elizalde,2017,32.70105463821311,0.1128733710527948,Medio,815,48366017,1245,1354
09,GUAYAS,0927,General Antonio Elizalde,2018,37.005030000000005,0.12550855943108796,Medio,853,41228476,1281,1318
09,GUAYAS,0927,General Antonio Elizalde,2019,38.226240000000004,0.12660886402308683,Medio,832,42362858,1262,1330
09,GUAYAS,0927,General Antonio Elizalde,2020,38.31828999999999,0.13330976604654063,Medio,855,50538295,1318,1306
09,GUAYAS,0927,General Antonio Elizalde,2021,39.76932000000001,0.1291117403624901,Medio,871,59373151,1348,1301
09,GUAYAS,0927,General Antonio Elizalde,2022,41.68907,0.1222245424294284,Medio,848,47775794,1337,1323
09,GUAYAS,0927,General Antonio Elizalde,2023,43.495580000000004,0.12138081955763937,Medio,802,36706652,1218,1351
09,GUAYAS,0927,General Antonio Elizalde,2024,45.232589999999995,0.12835459103698585,Medio,861,58633785,1311,1401
09,GUAYAS,0928,Isidro Ayora,2015,26.085633433980366,0.1007159696326876,Alto,308,281480095,2046,2176
09,GUAYAS,0928,Isidro Ayora,2016,34.488891960148166,0.12621746751099056,Alto,307,324823410,2086,2121
09,GUAYAS,0928,Isidro Ayora,2017,43.27415644672789,0.1493682687499743,Alto,288,262702471,1952,2095
09,GUAYAS,0928,Isidro Ayora,2018,26.067050000000002,0.08841062672069556,Alto,283,220863316,1987,2028
09,GUAYAS,0928,Isidro Ayora,2019,29.19419,0.09669387394559759,Alto,342,447807912,2263,2209
09,GUAYAS,0928,Isidro Ayora,2020,31.7247,0.11037059156075828,Alto,277,238002875,1948,2130
09,GUAYAS,0928,Isidro Ayora,2021,30.164660000000005,0.09793005638624926,Alto,326,377165937,2193,2229
09,GUAYAS,0928,Isidro Ayora,2022,33.463840000000005,0.09810970913794918,Alto,287,289147369,2042,2136
09,GUAYAS,0928,Isidro Ayora,2023,32.87946,0.09175497375624422,Alto,276,220099333,1977,1999
09,GUAYAS,0928,Isidro Ayora,2024,32.080169999999995,0.09103252988049065,Alto,294,306985102,2131,2176
10,IMBABURA,1001,Ibarra,2015,846.4466273166101,55.87944130936353,Alto,19123,1114505432,34152,36062
10,IMBABURA,1001,Ibarra,2016,795.9819569059134,54.260229782273996,Alto,19586,1185123616,35160,34738
10,IMBABURA,1001,Ibarra,2017,848.0626692414152,56.06418424390288,Alto,19992,1209552258,34641,33986
10,IMBABURA,1001,Ibarra,2018,845.45805,53.94440516824657,Alto,20293,1260537920,36414,37074
10,IMBABURA,1001,Ibarra,2019,846.08293,53.56001639611466,Alto,21251,1694281844,38142,37313
10,IMBABURA,1001,Ibarra,2020,708.98536,53.88974603731356,Alto,19247,1159137585,33070,35136
10,IMBABURA,1001,Ibarra,2021,730.79054,54.23949605126087,Alto,20418,1792467190,38027,36478
10,IMBABURA,1001,Ibarra,2022,840.8174700000001,54.9530279342175,Alto,20811,1635033934,37267,35060
10,IMBABURA,1001,Ibarra,2023,910.73163,55.8280094334596,Alto,20982,1643681225,35830,38630
10,IMBABURA,1001,Ibarra,2024,913.1632,56.844961674761386,Alto,21762,1857799931,37496,38131
10,IMBABURA,1002,Antonio Ante,2015,131.66387747351277,8.691987984131238,Alto,4297,198348995,5322,5176
10,IMBABURA,1002,Antonio Ante,2016,130.90823874491693,8.92370870101466,Alto,4134,191488052,5125,5178
10,IMBABURA,1002,Antonio Ante,2017,134.5677930880156,8.896080229224497,Alto,4112,191186265,5226,5029
10,IMBABURA,1002,Antonio Ante,2018,154.59849,9.864148295659513,Alto,4133,206193222,5145,5362
10,IMBABURA,1002,Antonio Ante,2019,159.09087999999997,10.071010581991423,Alto,4508,254797323,5147,5097
10,IMBABURA,1002,Antonio Ante,2020,130.17718,9.894725005398776,Alto,4103,145462697,5043,4659
10,IMBABURA,1002,Antonio Ante,2021,111.46849,8.27322521607219,Alto,4065,147870038,4963,5090
10,IMBABURA,1002,Antonio Ante,2022,122.95782,8.036113375701492,Alto,4770,327434091,5754,5859
10,IMBABURA,1002,Antonio Ante,2023,132.01139,8.092321473719009,Alto,3679,60013898,4732,4676
10,IMBABURA,1002,Antonio Ante,2024,122.22686000000002,7.608695983726049,Alto,4384,250653657,5419,5076
10,IMBABURA,1003,Cotacachi,2015,79.27639813516444,5.233550106821635,Medio,2837,102202666,6851,7178
10,IMBABURA,1003,Cotacachi,2016,82.10525215906158,5.5969231586600205,Medio,2898,110114099,6722,6963
10,IMBABURA,1003,Cotacachi,2017,91.73564435702679,6.064509444291357,Medio,3019,134770961,7078,7180
10,IMBABURA,1003,Cotacachi,2018,162.34214,10.358231465227881,Medio,2732,121866527,6934,7096
10,IMBABURA,1003,Cotacachi,2019,160.39850999999996,10.153788146408246,Medio,2860,118922207,6658,7551
10,IMBABURA,1003,Cotacachi,2020,132.38204000000002,10.06231569506807,Medio,2684,86386512,6970,6880
10,IMBABURA,1003,Cotacachi,2021,136.63951,10.1414259728803,Medio,2791,88222380,6771,6998
10,IMBABURA,1003,Cotacachi,2022,149.70353,9.784123855015723,Medio,3548,218244889,8272,7791
10,IMBABURA,1003,Cotacachi,2023,157.98049000000003,9.684231880716137,Medio,2972,151708702,7124,7451
10,IMBABURA,1003,Cotacachi,2024,149.89577,9.331102371250669,Medio,3123,186490326,7840,7449
10,IMBABURA,1004,Otavalo,2015,405.56453333334014,26.77394983474001,Alto,8272,497075323,10355,10240
10,IMBABURA,1004,Otavalo,2016,406.79790549593974,27.730462525756145,Alto,8272,471570351,10340,10454
10,IMBABURA,1004,Otavalo,2017,383.97990515926267,25.38435062595249,Alto,8402,485167944,10034,10875
10,IMBABURA,1004,Otavalo,2018,341.18264999999997,21.769140536276232,Alto,8268,542313992,10479,10751
10,IMBABURA,1004,Otavalo,2019,345.06164,21.843611826644715,Alto,7922,427484883,9708,10526
10,IMBABURA,1004,Otavalo,2020,279.0963,21.21401875908111,Alto,8427,575258207,10740,11232
10,IMBABURA,1004,Otavalo,2021,310.49718,23.04519509589935,Alto,7944,403759601,9826,10743
10,IMBABURA,1004,Otavalo,2022,348.2179799999999,22.758366785762412,Alto,9779,967134188,11959,11414
10,IMBABURA,1004,Otavalo,2023,367.95536999999996,22.555729032329882,Alto,7165,176966839,10083,9987
10,IMBABURA,1004,Otavalo,2024,369.07513,22.975150137409805,Alto,8401,473208729,10237,10675
10,IMBABURA,1005,Pimampiro,2015,15.560321728248015,1.0272379340974267,Bajo,597,6895079,550,564
10,IMBABURA,1005,Pimampiro,2016,15.322618069029378,1.0445070646115557,Bajo,583,7031087,533,561
10,IMBABURA,1005,Pimampiro,2017,13.434645114997037,0.888144763702872,Bajo,621,6742007,525,555
10,IMBABURA,1005,Pimampiro,2018,20.46118,1.3055244836103024,Bajo,628,7548990,534,579
10,IMBABURA,1005,Pimampiro,2019,23.12005,1.4635802392077462,Bajo,563,5387114,531,558
10,IMBABURA,1005,Pimampiro,2020,21.077930000000002,1.6021265864957672,Bajo,580,6322734,545,555
10,IMBABURA,1005,Pimampiro,2021,17.37274,1.2894100444014804,Bajo,631,8652309,577,545
10,IMBABURA,1005,Pimampiro,2022,21.792180000000002,1.4242642654504978,Bajo,616,8131940,550,555
10,IMBABURA,1005,Pimampiro,2023,19.371750000000002,1.1874916892286054,Bajo,590,6688294,536,569
10,IMBABURA,1005,Pimampiro,2024,20.07553,1.2497138884380388,Bajo,618,8342862,580,576
10,IMBABURA,1006,San Miguel De Urcuquí,2015,36.261130722686296,2.3938328308461627,Medio,847,27382000,1729,1735
10,IMBABURA,1006,San Miguel De Urcuquí,2016,35.85525248447614,2.444168767683624,Medio,867,31104275,1752,1725
10,IMBABURA,1006,San Miguel De Urcuquí,2017,40.88323118574065,2.7027306929259014,Medio,837,28364164,1775,1836
10,IMBABURA,1006,San Miguel De Urcuquí,2018,43.23411,2.758550050979514,Medio,888,31988996,1770,1758
10,IMBABURA,1006,San Miguel De Urcuquí,2019,45.93731,2.9079928096332135,Medio,864,29926747,1741,1836
10,IMBABURA,1006,San Miguel De Urcuquí,2020,43.903200000000005,3.3370679166427144,Medio,934,38907033,1895,1880
10,IMBABURA,1006,San Miguel De Urcuquí,2021,40.57175,3.0112476194858013,Medio,886,31376532,1825,1870
10,IMBABURA,1006,San Miguel De Urcuquí,2022,46.576789999999995,3.0441037838523766,Medio,761,12449109,1565,1777
10,IMBABURA,1006,San Miguel De Urcuquí,2023,43.26604999999999,2.6522164905467647,Medio,845,24919316,1701,1666
10,IMBABURA,1006,San Miguel De Urcuquí,2024,31.9736,1.9903759444140443,Medio,877,25896820,1708,1829
11,LOJA,1101,Loja,2015,1081.0915005092334,69.61138694388588,Alto,24724,1419605481,42888,46382
11,LOJA,1101,Loja,2016,1063.227224160545,68.78190685271926,Alto,25864,1459891930,41014,43635
11,LOJA,1101,Loja,2017,1053.1141402437722,68.70023199349724,Alto,24693,1468189652,42740,43976
11,LOJA,1101,Loja,2018,1076.4912500000003,70.50454503892162,Alto,25802,1564486564,42125,42319
11,LOJA,1101,Loja,2019,1133.37428,69.8664742103886,Alto,27168,2008936683,43498,48992
11,LOJA,1101,Loja,2020,976.6663400000001,69.4097864050744,Alto,23923,1201180465,41615,43804
11,LOJA,1101,Loja,2021,1044.69496,71.63337997765169,Alto,28540,2267880638,45760,46555
11,LOJA,1101,Loja,2022,1319.5528700000002,74.1915085718992,Alto,28596,2711072899,47577,48116
11,LOJA,1101,Loja,2023,1385.0363,73.88115458228917,Alto,25153,1629942369,43491,45067
11,LOJA,1101,Loja,2024,1298.3420899999999,73.11054229302975,Alto,25548,1544450662,44043,44592
11,LOJA,1102,Calvas,2015,58.7634096531743,3.7837707960726474,Medio,1733,21302522,1941,1998
11,LOJA,1102,Calvas,2016,59.20904793534492,3.8303300812697625,Medio,1724,20205652,1921,2165
11,LOJA,1102,Calvas,2017,62.45891867179401,4.074527194005741,Medio,1782,25713104,2107,2156
11,LOJA,1102,Calvas,2018,55.034659999999995,3.6044823073775443,Medio,1768,19844461,1931,2080
11,LOJA,1102,Calvas,2019,55.73169,3.435561182918649,Medio,1961,27878780,2177,2093
11,LOJA,1102,Calvas,2020,50.72718999999999,3.6050832086929767,Medio,1804,26887134,2074,2114
11,LOJA,1102,Calvas,2021,50.621919999999996,3.471079472383292,Medio,1749,21353960,2046,2133
11,LOJA,1102,Calvas,2022,54.116749999999996,3.0426998514340124,Medio,1809,29526485,2082,2163
11,LOJA,1102,Calvas,2023,54.45197,2.9045985385943838,Medio,2044,37399969,2216,2292
11,LOJA,1102,Calvas,2024,46.82715,2.6368692480246465,Medio,1791,24905223,2106,2087
11,LOJA,1103,Catamayo,2015,86.84484095284084,5.591931695699053,Medio,2178,119204197,3710,3659
11,LOJA,1103,Catamayo,2016,95.37363928263703,6.169876602362699,Medio,2218,117904314,3607,3607
11,LOJA,1103,Catamayo,2017,90.66265913777376,5.9144070693710855,Medio,2251,111158452,3677,3620
11,LOJA,1103,Catamayo,2018,87.67828,5.742468637060616,Medio,2134,115435889,3640,3755
11,LOJA,1103,Catamayo,2019,98.92225,6.098028648099032,Medio,2194,134745870,3741,3755
11,LOJA,1103,Catamayo,2020,80.38795999999999,5.713016722926751,Medio,2212,126713742,3755,3530
11,LOJA,1103,Catamayo,2021,79.09502,5.423443051740154,Medio,2162,111007121,3757,3587
11,LOJA,1103,Catamayo,2022,87.54482,4.922184181567027,Medio,2154,105801465,3593,3760
11,LOJA,1103,Catamayo,2023,94.8523,5.059648933956219,Medio,2096,74681087,3445,3555
11,LOJA,1103,Catamayo,2024,95.35319,5.369404168565698,Medio,2589,208442584,3942,4036
11,LOJA,1104,Celica,2015,24.68187665288899,1.5892638739424112,Bajo,567,8326670,865,794
11,LOJA,1104,Celica,2016,24.122424268505295,1.5605190512386395,Bajo,551,8418490,798,806
11,LOJA,1104,Celica,2017,23.281556449476906,1.518779653721608,Bajo,568,8575134,817,806
11,LOJA,1104,Celica,2018,32.81064000000001,2.14892526589124,Bajo,559,6772803,803,833
11,LOJA,1104,Celica,2019,30.705239999999996,1.8928141360185022,Bajo,531,6413916,813,804
11,LOJA,1104,Celica,2020,26.47683,1.881657061083385,Bajo,624,9681465,886,817
11,LOJA,1104,Celica,2021,26.56884,1.8217909381753223,Bajo,549,7420481,871,823
11,LOJA,1104,Celica,2022,29.92739,1.6826595297538702,Bajo,594,8856087,821,767
11,LOJA,1104,Celica,2023,29.792020000000004,1.5891777240341287,Bajo,551,7310988,824,764
11,LOJA,1104,Celica,2024,29.10126,1.638712105536419,Bajo,626,13030908,856,859
11,LOJA,1105,Chaguarpamba,2015,13.816195909416289,0.8896236434102798,Bajo,350,4056768,300,301
11,LOJA,1105,Chaguarpamba,2016,14.88097607017881,0.9626746632120009,Bajo,343,4258709,299,319
11,LOJA,1105,Chaguarpamba,2017,15.46944938354189,1.0091543934781722,Bajo,348,3750231,307,302
11,LOJA,1105,Chaguarpamba,2018,13.285219999999999,0.8701124062475956,Bajo,361,4179938,301,302
11,LOJA,1105,Chaguarpamba,2019,14.760710000000001,0.9099189762291281,Bajo,350,4477021,303,310
11,LOJA,1105,Chaguarpamba,2020,13.540109999999999,0.9622694102483472,Bajo,378,4990238,304,300
11,LOJA,1105,Chaguarpamba,2021,12.27577,0.8417336453200244,Bajo,342,3633277,293,312
11,LOJA,1105,Chaguarpamba,2022,13.950469999999997,0.784361459186567,Bajo,347,3890568,299,306
11,LOJA,1105,Chaguarpamba,2023,14.866520000000001,0.7930157947634251,Bajo,342,3463982,291,313
11,LOJA,1105,Chaguarpamba,2024,13.76927,0.7753571300142829,Bajo,349,4617208,306,298
11,LOJA,1106,Espíndola,2015,25.421947010161148,1.6369169393688856,Bajo,463,3382740,808,866
11,LOJA,1106,Espíndola,2016,24.907800449749146,1.611326320009724,Bajo,464,3354279,821,844
11,LOJA,1106,Espíndola,2017,22.82701750863598,1.489127663027967,Bajo,471,3400260,821,795
11,LOJA,1106,Espíndola,2018,13.46721,0.8820317991378149,Bajo,469,3333037,834,849
11,LOJA,1106,Espíndola,2019,16.58546,1.0224050728921004,Bajo,500,4252999,871,869
11,LOJA,1106,Espíndola,2020,15.60492,1.1090114604218608,Bajo,507,4701156,887,912
11,LOJA,1106,Espíndola,2021,16.48885,1.1306190827650797,Bajo,531,5336710,925,841
11,LOJA,1106,Espíndola,2022,17.332420000000003,0.9745106969467294,Bajo,500,4433164,868,866
11,LOJA,1106,Espíndola,2023,18.69642,0.9973118366322982,Bajo,471,3044296,887,852
11,LOJA,1106,Espíndola,2024,19.841440000000002,1.117285228174812,Bajo,424,1787202,731,849
11,LOJA,1107,Gonzanamá,2015,22.22428465426993,1.4310197405961715,Bajo,602,12305991,833,872
11,LOJA,1107,Gonzanamá,2016,19.583074445495207,1.266861092146499,Bajo,590,11417834,872,886
11,LOJA,1107,Gonzanamá,2017,20.216066841078778,1.31880147545704,Bajo,611,13247811,883,921
11,LOJA,1107,Gonzanamá,2018,17.458470000000002,1.1434384482230224,Bajo,582,10538836,815,830
11,LOJA,1107,Gonzanamá,2019,19.465949999999996,1.199971904828927,Bajo,579,11820380,844,856
11,LOJA,1107,Gonzanamá,2020,17.7644,1.2624815242576124,Bajo,603,11567262,858,877
11,LOJA,1107,Gonzanamá,2021,17.831010000000003,1.2226492551618195,Bajo,647,19203351,941,925
11,LOJA,1107,Gonzanamá,2022,19.837180000000004,1.1153401606502567,Bajo,704,24381190,970,1000
11,LOJA,1107,Gonzanamá,2023,24.19547,1.2906443385354882,Bajo,715,23151435,973,949
11,LOJA,1107,Gonzanamá,2024,22.62406,1.2739764875604107,Bajo,552,5509635,782,869
11,LOJA,1108,Macará,2015,54.75965428893002,3.5259693391582365,Medio,1376,55983419,1352,1338
11,LOJA,1108,Macará,2016,56.805973391434115,3.6748712614771124,Medio,1352,56465017,1315,1365
11,LOJA,1108,Macará,2017,52.46895690918856,3.4228288979992936,Medio,1346,51062153,1343,1333
11,LOJA,1108,Macará,2018,37.74136,2.47186163004126,Medio,1439,67657266,1370,1322
11,LOJA,1108,Macará,2019,44.24895000000001,2.727711558808071,Medio,1372,59985566,1327,1312
11,LOJA,1108,Macará,2020,39.56515000000001,2.8118186304902553,Medio,1240,35030803,1195,1289
11,LOJA,1108,Macará,2021,37.10789,2.5444399430613704,Medio,1581,100080884,1479,1480
11,LOJA,1108,Macará,2022,38.99993,2.192760674226314,Medio,1316,42333670,1351,1387
11,LOJA,1108,Macará,2023,39.74225,2.1199468315003593,Medio,1341,50882264,1330,1378
11,LOJA,1108,Macará,2024,38.55993000000001,2.171336364117462,Medio,1211,21567289,1211,1278
11,LOJA,1109,Paltas,2015,44.21466482085864,2.84697839173579,Bajo,1067,19071663,1588,1675
11,LOJA,1109,Paltas,2016,44.787405159888664,2.897370439620442,Bajo,1049,19511081,1592,1662
11,LOJA,1109,Paltas,2017,41.59058101040959,2.713174626539611,Bajo,1130,22321464,1572,1647
11,LOJA,1109,Paltas,2018,34.48216,2.258401081067125,Bajo,997,12736215,1487,1593
11,LOJA,1109,Paltas,2019,39.67259,2.445603394224122,Bajo,1035,18678750,1569,1742
11,LOJA,1109,Paltas,2020,35.54321000000001,2.5259871393240654,Bajo,1093,21653663,1523,1685
11,LOJA,1109,Paltas,2021,32.04713,2.197430186207848,Bajo,1066,17454580,1534,1599
11,LOJA,1109,Paltas,2022,35.50082,1.9960241466789048,Bajo,1197,25775707,1617,1730
11,LOJA,1109,Paltas,2023,38.88813,2.074386024356298,Bajo,1159,25695612,1716,1771
11,LOJA,1109,Paltas,2024,39.43377,2.220542899721142,Bajo,927,9139279,1471,1601
11,LOJA,1110,Puyango,2015,27.079983721045235,1.7436777778308974,Bajo,976,17191249,1173,1040
11,LOJA,1110,Puyango,2016,27.133995154256333,1.7553424939017397,Bajo,990,16915038,1178,1045
11,LOJA,1110,Puyango,2017,31.43141349764375,2.050438140230295,Bajo,963,17908290,1090,1057
11,LOJA,1110,Puyango,2018,35.67363999999999,2.3364367876490166,Bajo,958,15234759,1049,1095
11,LOJA,1110,Puyango,2019,37.64339,2.320514046451274,Bajo,1088,26777502,1329,1088
11,LOJA,1110,Puyango,2020,33.27589,2.3648530954171623,Bajo,998,20285823,1165,1064
11,LOJA,1110,Puyango,2021,33.36236,2.287613803393105,Bajo,936,13571913,1108,1033
11,LOJA,1110,Puyango,2022,40.33406,2.267771778048951,Bajo,924,10247797,1026,1022
11,LOJA,1110,Puyango,2023,40.5703,2.164117002384592,Bajo,977,20833460,1131,1143
11,LOJA,1110,Puyango,2024,39.75592,2.2386833893356313,Bajo,1048,23854707,1202,1133
11,LOJA,1111,Saraguro,2015,54.10235410571612,3.483645837983324,Medio,1426,27796998,1668,1843
11,LOJA,1111,Saraguro,2016,53.26774984506791,3.4459777974460306,Medio,1436,25794004,1638,1953
11,LOJA,1111,Saraguro,2017,56.146053756598995,3.662705466764365,Medio,1417,30253200,1731,1894
11,LOJA,1111,Saraguro,2018,39.84122,2.609391474287955,Medio,1444,27246286,1726,1755
11,LOJA,1111,Saraguro,2019,45.01977,2.7752284970350893,Medio,1480,26465334,1666,1836
11,LOJA,1111,Saraguro,2020,39.43600000000001,2.802640189965505,Medio,1311,21750747,1654,1822
11,LOJA,1111,Saraguro,2021,37.30144000000001,2.5577114158123018,Medio,1456,31254860,1708,1845
11,LOJA,1111,Saraguro,2022,42.975120000000004,2.416264672940612,Medio,1461,30826062,1677,1876
11,LOJA,1111,Saraguro,2023,47.194370000000006,2.5174607664678184,Medio,1489,35930161,1699,1819
11,LOJA,1111,Saraguro,2024,48.472640000000006,2.7295279295573063,Medio,1520,37559482,1786,1872
11,LOJA,1112,Sozoranga,2015,8.772861135422973,0.5648837594368736,Bajo,218,3355212,284,263
11,LOJA,1112,Sozoranga,2016,9.597409287244293,0.6208720926459101,Bajo,225,2984308,290,270
11,LOJA,1112,Sozoranga,2017,9.138860305556449,0.5961764249054332,Bajo,228,3117827,286,266
11,LOJA,1112,Sozoranga,2018,7.5661499999999995,0.4955432414766368,Bajo,227,3162689,299,252
11,LOJA,1112,Sozoranga,2019,8.726760000000002,0.5379581690174327,Bajo,243,4682235,309,279
11,LOJA,1112,Sozoranga,2020,8.49264,0.6035554869385497,Bajo,215,2373136,287,264
11,LOJA,1112,Sozoranga,2021,7.2271600000000005,0.4955569982258602,Bajo,209,2425255,304,257
11,LOJA,1112,Sozoranga,2022,7.9347,0.4461263936059254,Bajo,239,4529911,296,274
11,LOJA,1112,Sozoranga,2023,9.37701,0.5001921793166514,Bajo,190,1645863,276,249
11,LOJA,1112,Sozoranga,2024,11.225240000000001,0.6321010387712297,Bajo,243,3511296,307,263
11,LOJA,1113,Zapotillo,2015,18.941125588719174,1.2196174161835505,Bajo,693,13034528,846,839
11,LOJA,1113,Zapotillo,2016,18.86659364588002,1.2205107782144957,Bajo,668,13424613,871,807
11,LOJA,1113,Zapotillo,2017,20.10436042749657,1.311514272451217,Bajo,738,15453810,800,763
11,LOJA,1113,Zapotillo,2018,22.309649999999994,1.4611653584992697,Bajo,708,15589043,792,817
11,LOJA,1113,Zapotillo,2019,27.234309999999997,1.6788498299544332,Bajo,712,13720255,842,803
11,LOJA,1113,Zapotillo,2020,24.96984,1.7745581986258308,Bajo,651,9090495,768,818
11,LOJA,1113,Zapotillo,2021,22.72491,1.558217637986821,Bajo,702,13226585,828,819
11,LOJA,1113,Zapotillo,2022,26.1015,1.4675498837643592,Bajo,669,14175486,772,796
11,LOJA,1113,Zapotillo,2023,29.842579999999998,1.5918747155683435,Bajo,722,16350646,788,853
11,LOJA,1113,Zapotillo,2024,29.232149999999997,1.646082612088151,Bajo,728,11776611,772,791
11,LOJA,1114,Pindal,2015,13.88992346646717,0.8943709543454587,Bajo,476,15516794,474,438
11,LOJA,1114,Pindal,2016,15.952254227879127,1.0319773981137266,Bajo,452,13613273,479,445
11,LOJA,1114,Pindal,2017,15.912489702786832,1.0380562679773173,Bajo,508,17278083,474,456
11,LOJA,1114,Pindal,2018,42.435080000000006,2.7792757340946723,Bajo,471,14079327,477,450
11,LOJA,1114,Pindal,2019,38.004059999999996,2.342747426631263,Bajo,478,14617864,472,472
11,LOJA,1114,Pindal,2020,32.520860000000006,2.311194574709443,Bajo,451,13159151,466,454
11,LOJA,1114,Pindal,2021,29.911880000000004,2.0510188599798735,Bajo,436,6511861,422,409
11,LOJA,1114,Pindal,2022,31.727850000000004,1.7838899135909057,Bajo,543,25347761,508,485
11,LOJA,1114,Pindal,2023,32.48018,1.7325706188643406,Bajo,494,15040151,471,466
11,LOJA,1114,Pindal,2024,30.109349999999996,1.695478351618898,Bajo,526,25400764,535,500
11,LOJA,1115,Quilanga,2015,9.275278220221038,0.5972343514826193,Bajo,188,2708766,345,343
11,LOJA,1115,Quilanga,2016,8.491874854195933,0.5493532633040045,Bajo,198,2335436,351,343
11,LOJA,1115,Quilanga,2017,8.576628371216323,0.5594990479267342,Bajo,202,3148360,343,353
11,LOJA,1115,Quilanga,2018,5.8408500000000005,0.38254511765941923,Bajo,199,2271769,337,338
11,LOJA,1115,Quilanga,2019,6.39634,0.3943002162100211,Bajo,212,3719396,352,346
11,LOJA,1115,Quilanga,2020,6.32533,0.44952896015809174,Bajo,197,2437859,341,353
11,LOJA,1115,Quilanga,2021,5.78189,0.39645670671081296,Bajo,189,2279506,303,364
11,LOJA,1115,Quilanga,2022,7.01658,0.3945053412035066,Bajo,215,3317936,362,387
11,LOJA,1115,Quilanga,2023,8.06343,0.43012267497499374,Bajo,187,1724240,300,345
11,LOJA,1115,Quilanga,2024,7.668329999999999,0.43180897322824124,Bajo,218,4403832,346,356
11,LOJA,1116,Olmedo,2015,9.158399467916716,0.5897085388679217,Bajo,183,138478,175,175
11,LOJA,1116,Olmedo,2016,9.587480950542522,0.6202298123179559,Bajo,184,156986,170,184
11,LOJA,1116,Olmedo,2017,9.512905988966464,0.6205774126468816,Bajo,189,137949,162,179
11,LOJA,1116,Olmedo,2018,4.72367,0.30937567236519836,Bajo,189,163742,174,171
11,LOJA,1116,Olmedo,2019,5.708729999999999,0.35191273029336045,Bajo,193,188066,167,180
11,LOJA,1116,Olmedo,2020,5.80511,0.41255793166575333,Bajo,186,139531,170,174
11,LOJA,1116,Olmedo,2021,5.350239999999999,0.36685902542463783,Bajo,182,132139,168,178
11,LOJA,1116,Olmedo,2022,5.72422,0.3218427445028684,Bajo,177,135415,171,169
11,LOJA,1116,Olmedo,2023,6.6322,0.3537774377614928,Bajo,197,190329,183,183
11,LOJA,1116,Olmedo,2024,5.54587,0.31229178065593244,Bajo,196,171816,179,171
12,LOS RÍOS,1201,Babahoyo,2015,729.9191292290744,23.8788277952185,Alto,6692,487846711,15241,15923
12,LOS RÍOS,1201,Babahoyo,2016,695.5028781197524,22.769372204596966,Alto,6818,503041451,16169,15722
12,LOS RÍOS,1201,Babahoyo,2017,749.5081814292807,23.377356138107018,Alto,6884,534543495,16083,16310
12,LOS RÍOS,1201,Babahoyo,2018,654.03333,20.822587046132163,Alto,6979,481510288,15266,16378
12,LOS RÍOS,1201,Babahoyo,2019,634.6235399999999,20.197786730588348,Alto,7008,642255572,15670,16081
12,LOS RÍOS,1201,Babahoyo,2020,644.8691500000001,20.02244608367819,Alto,7098,539514360,14882,15950
12,LOS RÍOS,1201,Babahoyo,2021,678.4457899999999,20.1357290412167,Alto,6218,335308305,14221,14746
12,LOS RÍOS,1201,Babahoyo,2022,620.0595,17.763775090876265,Alto,7117,552672495,16259,16682
12,LOS RÍOS,1201,Babahoyo,2023,699.4345699999999,18.006355744058297,Alto,7677,845624834,16589,16946
12,LOS RÍOS,1201,Babahoyo,2024,729.4151999999999,16.65238614668785,Alto,6768,547413133,14853,15600
12,LOS RÍOS,1202,Baba,2015,139.20660862838298,4.554053322187037,Medio,692,69971261,2284,2370
12,LOS RÍOS,1202,Baba,2016,116.75854010491285,3.8224409148402922,Medio,692,81690959,2435,2410
12,LOS RÍOS,1202,Baba,2017,131.77392879883848,4.110063291602193,Medio,694,73165749,2401,2369
12,LOS RÍOS,1202,Baba,2018,139.27539000000002,4.4341378315674,Medio,670,76533189,2291,2315
12,LOS RÍOS,1202,Baba,2019,151.32388,4.81609531137963,Medio,685,85841691,2322,2511
12,LOS RÍOS,1202,Baba,2020,183.94966000000002,5.711425565110277,Medio,649,61467933,2106,2418
12,LOS RÍOS,1202,Baba,2021,195.80942000000002,5.811467154712242,Medio,762,117278032,2431,2476
12,LOS RÍOS,1202,Baba,2022,161.36570999999998,4.622885674390221,Medio,677,67420205,2252,2348
12,LOS RÍOS,1202,Baba,2023,183.38229,4.721023084260856,Medio,742,103335180,2321,2458
12,LOS RÍOS,1202,Baba,2024,220.66559,5.03774614782733,Medio,733,108079399,2413,2415
12,LOS RÍOS,1203,Montalvo,2015,84.46779278877052,2.7633086974656433,Medio,1081,71758965,1301,1276
12,LOS RÍOS,1203,Montalvo,2016,90.04846668991802,2.94800657052488,Medio,1143,78360001,1322,1292
12,LOS RÍOS,1203,Montalvo,2017,81.95810535740263,2.5562947340892728,Medio,1080,88859166,1282,1322
12,LOS RÍOS,1203,Montalvo,2018,71.19107999999999,2.266524337847061,Medio,1074,65686169,1291,1286
12,LOS RÍOS,1203,Montalvo,2019,93.36914000000002,2.9716042000875764,Medio,1092,77516343,1307,1379
12,LOS RÍOS,1203,Montalvo,2020,80.93185999999999,2.5128412536121334,Medio,1081,74577526,1238,1242
12,LOS RÍOS,1203,Montalvo,2021,83.67779999999999,2.483490254343126,Medio,1110,99196588,1330,1308
12,LOS RÍOS,1203,Montalvo,2022,95.55249000000002,2.7374355876060346,Medio,1044,54004702,1239,1315
12,LOS RÍOS,1203,Montalvo,2023,100.73495999999997,2.5933369659201757,Medio,1068,73443099,1307,1330
12,LOS RÍOS,1203,Montalvo,2024,110.61913,2.525410038028632,Medio,1095,80813638,1246,1332
12,LOS RÍOS,1204,Puebloviejo,2015,143.71287764122917,4.701472971087502,Alto,1094,162498364,3132,3352
12,LOS RÍOS,1204,Puebloviejo,2016,139.2088991560231,4.5574207365536346,Alto,1119,168444020,3246,3140
12,LOS RÍOS,1204,Puebloviejo,2017,160.02844448792638,4.991329023103567,Alto,1145,167642705,3095,3454
12,LOS RÍOS,1204,Puebloviejo,2018,179.96106000000003,5.729455464852554,Alto,1132,162361052,3186,3313
12,LOS RÍOS,1204,Puebloviejo,2019,173.47225999999995,5.520998655601668,Alto,1095,149445271,3042,3282
12,LOS RÍOS,1204,Puebloviejo,2020,162.19360999999998,5.035925212645273,Alto,1118,164580240,3387,3378
12,LOS RÍOS,1204,Puebloviejo,2021,178.58516999999998,5.300265175054917,Alto,1198,223593027,3602,3409
12,LOS RÍOS,1204,Puebloviejo,2022,201.60845999999998,5.775780130548639,Alto,1096,158260333,3155,3366
12,LOS RÍOS,1204,Puebloviejo,2023,246.12104000000002,6.336179526181559,Alto,1222,263606690,3595,3208
12,LOS RÍOS,1204,Puebloviejo,2024,243.49629,5.558965931016912,Alto,1107,184061522,3242,3282
12,LOS RÍOS,1205,Quevedo,2015,870.7553190749892,28.486191803087745,Alto,9704,1264555311,23935,22368
12,LOS RÍOS,1205,Quevedo,2016,984.9576563277644,32.24554230936322,Alto,10039,1254309998,22959,22946
12,LOS RÍOS,1205,Quevedo,2017,955.6302302595009,29.806356731845025,Alto,10221,1264512312,22249,22875
12,LOS RÍOS,1205,Quevedo,2018,723.69594,23.040449185643855,Alto,9554,855398835,21852,23697
12,LOS RÍOS,1205,Quevedo,2019,721.01481,22.947310403858765,Alto,10550,1492496244,25031,24279
12,LOS RÍOS,1205,Quevedo,2020,745.3706999999999,23.14290372411747,Alto,9674,1177361779,23291,22778
12,LOS RÍOS,1205,Quevedo,2021,772.1432799999999,22.916595690093853,Alto,10261,1359361761,21679,23502
12,LOS RÍOS,1205,Quevedo,2022,777.34388,22.26973677943667,Alto,10747,1681283890,23781,24537
12,LOS RÍOS,1205,Quevedo,2023,848.2884400000003,21.838473646237215,Alto,9881,1293398463,23547,22925
12,LOS RÍOS,1205,Quevedo,2024,956.2808099999999,21.831677366728076,Alto,10830,1629338014,22887,24812
12,LOS RÍOS,1206,Urdaneta,2015,91.50045219307991,2.9933775587041396,Medio,778,56584415,1304,1336
12,LOS RÍOS,1206,Urdaneta,2016,105.87013516427679,3.4659763298511455,Medio,791,42116081,1236,1326
12,LOS RÍOS,1206,Urdaneta,2017,108.58086912454833,3.3866656965228294,Medio,824,58676795,1340,1352
12,LOS RÍOS,1206,Urdaneta,2018,70.3468,2.239644830358799,Medio,797,56459061,1346,1382
12,LOS RÍOS,1206,Urdaneta,2019,77.10024,2.4538235760954863,Medio,796,50137486,1252,1336
12,LOS RÍOS,1206,Urdaneta,2020,78.64876,2.4419536221389184,Medio,817,55587659,1269,1370
12,LOS RÍOS,1206,Urdaneta,2021,86.51876000000001,2.5678076775184326,Medio,811,59990611,1362,1348
12,LOS RÍOS,1206,Urdaneta,2022,97.97207,2.8067529272071248,Medio,755,47955808,1334,1328
12,LOS RÍOS,1206,Urdaneta,2023,101.81606000000002,2.6211689777049267,Medio,816,54425387,1322,1312
12,LOS RÍOS,1206,Urdaneta,2024,125.28152,2.86014912779991,Medio,845,71423343,1373,1393
12,LOS RÍOS,1207,Ventanas,2015,184.56360364786994,6.037877803568734,Alto,2533,429669167,3036,3292
12,LOS RÍOS,1207,Ventanas,2016,201.8954691375217,6.6096535727382415,Alto,2602,455840635,2961,3524
12,LOS RÍOS,1207,Ventanas,2017,235.43239420998643,7.343197929338897,Alto,2683,393411742,3000,3620
12,LOS RÍOS,1207,Ventanas,2018,167.25598000000002,5.324961347973108,Alto,2817,467826132,3095,3544
12,LOS RÍOS,1207,Ventanas,2019,175.86284000000003,5.597082226347265,Alto,2779,536004602,3195,3559
12,LOS RÍOS,1207,Ventanas,2020,191.15175999999997,5.935042494124881,Alto,2449,318895755,2948,3420
12,LOS RÍOS,1207,Ventanas,2021,220.56389000000001,6.546160048125181,Alto,2807,612270480,3138,3665
12,LOS RÍOS,1207,Ventanas,2022,236.92676,6.787596476870397,Alto,2733,470363710,3023,3551
12,LOS RÍOS,1207,Ventanas,2023,267.98632000000003,6.899082801213338,Alto,2493,320819065,2829,3426
12,LOS RÍOS,1207,Ventanas,2024,302.46679,6.905249278640126,Alto,2698,523868798,2928,3496
12,LOS RÍOS,1208,Vinces,2015,151.72473368586495,4.963575611159422,Alto,1638,146724600,3503,3067
12,LOS RÍOS,1208,Vinces,2016,155.5208765919695,5.0914422299457875,Alto,1747,146516428,3228,3126
12,LOS RÍOS,1208,Vinces,2017,169.2859133505935,5.280071897300499,Alto,1754,173776819,3565,3449
12,LOS RÍOS,1208,Vinces,2018,195.94677000000001,6.2383956406830805,Alto,1774,190902888,3512,3336
12,LOS RÍOS,1208,Vinces,2019,195.11315000000002,6.20975041681135,Alto,1676,170621479,3573,3263
12,LOS RÍOS,1208,Vinces,2020,188.98843,5.86787358352309,Alto,1810,216841489,3713,3400
12,LOS RÍOS,1208,Vinces,2021,184.53575,5.4768736355747825,Alto,1871,269364253,3794,3555
12,LOS RÍOS,1208,Vinces,2022,222.98424000000003,6.38816418129224,Alto,1867,238060355,3814,3536
12,LOS RÍOS,1208,Vinces,2023,240.5955999999999,6.19393171266206,Alto,1466,47803206,3042,2980
12,LOS RÍOS,1208,Vinces,2024,265.52532999999994,6.061883995407169,Alto,1858,232900727,3798,3308
12,LOS RÍOS,1209,Palenque,2015,51.0135413655908,1.6688747022971935,Bajo,355,8343781,498,411
12,LOS RÍOS,1209,Palenque,2016,55.40206700837839,1.8137527885263305,Bajo,366,9367548,490,410
12,LOS RÍOS,1209,Palenque,2017,61.68140083037056,1.923859018535552,Bajo,366,8446153,502,412
12,LOS RÍOS,1209,Palenque,2018,83.82855999999998,2.6688662603049798,Bajo,348,8769180,495,400
12,LOS RÍOS,1209,Palenque,2019,73.15994,2.3284179867368926,Bajo,344,7799891,482,392
12,LOS RÍOS,1209,Palenque,2020,60.75028,1.8862263854122239,Bajo,371,11069878,527,408
12,LOS RÍOS,1209,Palenque,2021,66.63246999999998,1.9775984773477633,Bajo,337,7286515,466,403
12,LOS RÍOS,1209,Palenque,2022,74.20764000000001,2.1259376349926313,Bajo,353,8599129,500,412
12,LOS RÍOS,1209,Palenque,2023,87.72065,2.2582944820700357,Bajo,316,2812929,460,390
12,LOS RÍOS,1209,Palenque,2024,113.68226999999999,2.5953408402676934,Bajo,339,6398389,441,400
12,LOS RÍOS,1210,Buena Fé,2015,224.6974210992522,7.350829440688425,Alto,3056,280141096,3944,4053
12,LOS RÍOS,1210,Buena Fé,2016,182.02375700116178,5.959093489940885,Alto,2909,302225804,3916,4247
12,LOS RÍOS,1210,Buena Fé,2017,195.51299878360612,6.098101549042126,Alto,2923,294496482,4092,4092
12,LOS RÍOS,1210,Buena Fé,2018,282.61942,8.997809750578591,Alto,3055,343023236,4192,4237
12,LOS RÍOS,1210,Buena Fé,2019,273.01231,8.689000745552669,Alto,3031,324279268,3784,4049
12,LOS RÍOS,1210,Buena Fé,2020,288.47015999999996,8.95666698484494,Alto,3212,358214704,4142,4390
12,LOS RÍOS,1210,Buena Fé,2021,290.01342999999997,8.607366912533818,Alto,3073,380504308,4176,4473
12,LOS RÍOS,1210,Buena Fé,2022,329.91781999999995,9.451650935034781,Alto,3592,576271929,4679,4843
12,LOS RÍOS,1210,Buena Fé,2023,345.82039,8.902855582172585,Alto,3065,370853467,4221,4200
12,LOS RÍOS,1210,Buena Fé,2024,394.95421000000005,9.016716425953346,Alto,3268,418171299,4222,4348
12,LOS RÍOS,1211,Valencia,2015,229.9852801380792,7.5238182970387175,Alto,1489,169521520,3362,3705
12,LOS RÍOS,1211,Valencia,2016,199.80549617338835,6.5412320409013835,Alto,1566,171137129,3382,3747
12,LOS RÍOS,1211,Valencia,2017,206.40067486903033,6.4376910127354305,Alto,1612,191935111,3577,3676
12,LOS RÍOS,1211,Valencia,2018,305.95092999999997,9.740619597735314,Alto,1563,159523832,3198,3611
12,LOS RÍOS,1211,Valencia,2019,296.64243000000005,9.441062549276825,Alto,1526,164546429,3597,3715
12,LOS RÍOS,1211,Valencia,2020,299.4057700000001,9.296205109156103,Alto,1567,193867873,3598,3565
12,LOS RÍOS,1211,Valencia,2021,303.33514,9.00274462270528,Alto,1629,227377114,3793,3622
12,LOS RÍOS,1211,Valencia,2022,332.33095,9.52078349180562,Alto,1627,242505785,3677,3634
12,LOS RÍOS,1211,Valencia,2023,368.53366000000005,9.487589647763379,Alto,1527,196484348,3631,3697
12,LOS RÍOS,1211,Valencia,2024,449.11089000000004,10.253101337842496,Alto,1482,161390390,3555,3658
12,LOS RÍOS,1212,Mocache,2015,133.95706675875843,4.382317987012372,Alto,995,124826367,1352,1503
12,LOS RÍOS,1212,Mocache,2016,103.91927891679842,3.4021092008802567,Alto,961,123062893,1402,1572
12,LOS RÍOS,1212,Mocache,2017,122.885078161218,3.832817716219905,Alto,1001,122400071,1447,1516
12,LOS RÍOS,1212,Mocache,2018,152.82774,4.865606649149905,Alto,1034,141538525,1427,1599
12,LOS RÍOS,1212,Mocache,2019,126.62431999999997,4.029997075535163,Alto,957,142044797,1375,1531
12,LOS RÍOS,1212,Mocache,2020,135.58402,4.2097280204183205,Alto,1036,163838168,1475,1493
12,LOS RÍOS,1212,Mocache,2021,162.42449,4.820629103318354,Alto,984,124858279,1326,1593
12,LOS RÍOS,1212,Mocache,2022,182.92865,5.24063157854629,Alto,1035,142373649,1384,1554
12,LOS RÍOS,1212,Mocache,2023,234.53293,6.037853363862646,Alto,964,140407728,1373,1443
12,LOS RÍOS,1212,Mocache,2024,275.18972,6.28251986116948,Alto,1114,213857734,1472,1713
12,LOS RÍOS,1213,Quinsaloma,2015,21.258990955828878,0.6954740104845643,Medio,708,90528906,711,894
12,LOS RÍOS,1213,Quinsaloma,2016,23.6409568691963,0.7739576113369738,Medio,687,81756426,679,895
12,LOS RÍOS,1213,Quinsaloma,2017,27.450724095886994,0.8561952615576826,Medio,736,90635775,760,926
12,LOS RÍOS,1213,Quinsaloma,2018,114.04717,3.630942057173191,Medio,731,101990330,678,895
12,LOS RÍOS,1213,Quinsaloma,2019,150.7261,4.7970701221283605,Medio,654,53902181,660,842
12,LOS RÍOS,1213,Quinsaloma,2020,160.41695,4.980761961218178,Medio,654,57175680,647,870
12,LOS RÍOS,1213,Quinsaloma,2021,146.67754000000002,4.353272207455551,Medio,664,54534567,649,844
12,LOS RÍOS,1213,Quinsaloma,2022,157.38588000000004,4.508869511393088,Medio,713,81091597,694,895
12,LOS RÍOS,1213,Quinsaloma,2023,159.40914,4.10385446589292,Medio,693,58674907,659,844
12,LOS RÍOS,1213,Quinsaloma,2024,193.55658000000005,4.418853502630983,Medio,855,168177082,830,990
13,MANABÍ,1301,Portoviejo,2015,1019.4571714029291,22.485255967076885,Alto,19751,1142210445,42468,42611
13,MANABÍ,1301,Portoviejo,2016,1139.4345689186362,23.807110943220543,Alto,19824,1409350730,42600,44188
13,MANABÍ,1301,Portoviejo,2017,1145.276313531928,22.62667542781643,Alto,20128,1384291187,39404,42918
13,MANABÍ,1301,Portoviejo,2018,1141.28714,22.834697198159287,Alto,19077,1080638134,42032,43892
13,MANABÍ,1301,Portoviejo,2019,1041.99593,21.272848509135482,Alto,20134,1360673931,43007,45091
13,MANABÍ,1301,Portoviejo,2020,882.7932099999999,19.54990900175951,Alto,21071,1482599390,43073,43880
13,MANABÍ,1301,Portoviejo,2021,944.3136099999999,19.2463277260089,Alto,20096,1259275594,42137,43451
13,MANABÍ,1301,Portoviejo,2022,1092.26848,19.871395992844565,Alto,20440,1357424124,41027,43240
13,MANABÍ,1301,Portoviejo,2023,1244.75836,21.143054488192583,Alto,20998,1587022505,44832,45509
13,MANABÍ,1301,Portoviejo,2024,1349.3365900000003,21.158528799903262,Alto,19069,890692679,38688,40924
13,MANABÍ,1302,Bolívar,2015,76.82651848911523,1.694493875510107,Medio,1638,51234099,2421,2536
13,MANABÍ,1302,Bolívar,2016,86.32243691794551,1.8036031981590983,Medio,1616,55525064,2624,2523
13,MANABÍ,1302,Bolívar,2017,92.7901545998708,1.833210628929726,Medio,1738,70249755,2605,2443
13,MANABÍ,1302,Bolívar,2018,65.18488,1.3042090325300166,Medio,1719,64838298,2709,2654
13,MANABÍ,1302,Bolívar,2019,65.65754,1.340430285464266,Medio,1742,69751454,2412,2567
13,MANABÍ,1302,Bolívar,2020,68.0736,1.5075248318031083,Medio,1747,79997870,2600,2794
13,MANABÍ,1302,Bolívar,2021,71.99443,1.4673392181938443,Medio,1819,94042077,2713,2762
13,MANABÍ,1302,Bolívar,2022,79.09308,1.4389227023869944,Medio,1774,76935770,2871,2558
13,MANABÍ,1302,Bolívar,2023,84.07342,1.4280433513768085,Medio,1457,22899987,2216,2345
13,MANABÍ,1302,Bolívar,2024,71.75781,1.1252119750958403,Medio,1534,45581408,2400,2482
13,MANABÍ,1303,Chone,2015,252.42039536956517,5.56741112859576,Alto,5486,167270812,8299,8052
13,MANABÍ,1303,Chone,2016,276.78964049451804,5.783185677296809,Alto,5499,156859786,8595,8506
13,MANABÍ,1303,Chone,2017,277.4205434961326,5.480864766457452,Alto,5686,192708380,8769,8110
13,MANABÍ,1303,Chone,2018,222.93793000000002,4.46050774350654,Alto,5945,192591215,8765,8493
13,MANABÍ,1303,Chone,2019,231.27597999999998,4.721610463816157,Alto,5657,163192031,8011,8332
13,MANABÍ,1303,Chone,2020,214.30408000000003,4.745873909367507,Alto,6009,224048455,8788,8770
13,MANABÍ,1303,Chone,2021,221.84667,4.52152089150102,Alto,6108,251467924,8735,9137
13,MANABÍ,1303,Chone,2022,242.45674000000002,4.410961205869602,Alto,5672,158659594,7929,8721
13,MANABÍ,1303,Chone,2023,260.59449000000006,4.426371959769571,Alto,5660,198175152,8212,8606
13,MANABÍ,1303,Chone,2024,259.42367,4.067942153018765,Alto,6645,320086755,9136,9559
13,MANABÍ,1304,El Carmen,2015,178.15250510531146,3.9293506297633862,Alto,4146,362391412,4907,4719
13,MANABÍ,1304,El Carmen,2016,193.58795255927197,4.04478676491568,Alto,4157,430541001,4629,4661
13,MANABÍ,1304,El Carmen,2017,205.1104065449256,4.052268034294001,Alto,4172,428021376,4436,4678
13,MANABÍ,1304,El Carmen,2018,230.04981000000004,4.602801142439997,Alto,4130,415876789,4733,4808
13,MANABÍ,1304,El Carmen,2019,254.65922,5.198990564689255,Alto,4781,589290842,5086,5185
13,MANABÍ,1304,El Carmen,2020,255.96981000000002,5.668582898023956,Alto,4054,390126120,4614,4757
13,MANABÍ,1304,El Carmen,2021,297.1662,6.056629930699301,Alto,4373,490768744,4865,5023
13,MANABÍ,1304,El Carmen,2022,344.10553000000004,6.260234892027331,Alto,4071,262673916,4401,4675
13,MANABÍ,1304,El Carmen,2023,376.88507999999996,6.40164552277184,Alto,4095,410268160,4487,5154
13,MANABÍ,1304,El Carmen,2024,430.6031100000001,6.752153889388644,Alto,4548,575126562,5291,4883
13,MANABÍ,1305,Flavio Alfaro,2015,45.71332331405193,1.008257928489224,Bajo,777,12995883,946,1100
13,MANABÍ,1305,Flavio Alfaro,2016,47.653075983522506,0.9956535440223676,Bajo,807,14143342,995,1141
13,MANABÍ,1305,Flavio Alfaro,2017,45.76246980178374,0.904107191204339,Bajo,811,13676781,999,1094
13,MANABÍ,1305,Flavio Alfaro,2018,35.146010000000004,0.7031959512603274,Bajo,840,15236570,1014,1079
13,MANABÍ,1305,Flavio Alfaro,2019,34.50474,0.7044308770640855,Bajo,825,14198793,1008,1073
13,MANABÍ,1305,Flavio Alfaro,2020,34.45971000000001,0.7631279750407486,Bajo,778,10881197,970,1032
13,MANABÍ,1305,Flavio Alfaro,2021,32.71292,0.6667314465527093,Bajo,816,14786982,1018,1125
13,MANABÍ,1305,Flavio Alfaro,2022,37.3108,0.6787870337609898,Bajo,742,12262375,957,1080
13,MANABÍ,1305,Flavio Alfaro,2023,43.299380000000006,0.7354689713792772,Bajo,933,19489944,1095,1138
13,MANABÍ,1305,Flavio Alfaro,2024,49.291259999999994,0.7729209687358433,Bajo,767,11434396,987,1044
13,MANABÍ,1306,Jipijapa,2015,109.74788582753942,2.420611060376188,Medio,3058,48253525,4159,4274
13,MANABÍ,1306,Jipijapa,2016,121.8262658056496,2.5454128784120464,Medio,3004,48034115,4130,4221
13,MANABÍ,1306,Jipijapa,2017,109.3231599922943,2.15984529555184,Medio,3032,37553364,4257,4386
13,MANABÍ,1306,Jipijapa,2018,120.48439000000002,2.4106331056660566,Medio,2907,47025047,4355,4260
13,MANABÍ,1306,Jipijapa,2019,117.37713000000002,2.3963106121989384,Medio,3096,54489846,4210,4115
13,MANABÍ,1306,Jipijapa,2020,105.05199,2.326430268934386,Medio,2915,33695832,4063,4083
13,MANABÍ,1306,Jipijapa,2021,118.23585000000001,2.409798920576004,Medio,3037,42419661,4144,4386
13,MANABÍ,1306,Jipijapa,2022,130.26049,2.36979994058967,Medio,3331,60733598,4358,4286
13,MANABÍ,1306,Jipijapa,2023,141.34264000000002,2.4007994122047815,Medio,3106,49779182,4332,4084
13,MANABÍ,1306,Jipijapa,2024,119.61386000000002,1.8756278607086438,Medio,3350,80916439,4593,4701
13,MANABÍ,1307,Junín,2015,86.11041593090567,1.899260506425534,Alto,779,128228844,1267,1272
13,MANABÍ,1307,Junín,2016,107.9233851586789,2.2549289568061717,Alto,753,141489488,1383,1306
13,MANABÍ,1307,Junín,2017,123.63121531047445,2.4425226895243997,Alto,788,162800570,1309,1339
13,MANABÍ,1307,Junín,2018,32.26242,0.6455015269687856,Alto,774,157284669,1318,1362
13,MANABÍ,1307,Junín,2019,40.13149,0.8193036869307979,Alto,740,133160487,1312,1347
13,MANABÍ,1307,Junín,2020,34.63055999999999,0.7669115360322861,Alto,783,159978983,1374,1249
13,MANABÍ,1307,Junín,2021,34.841849999999994,0.7101217821910277,Alto,740,98449059,1213,1226
13,MANABÍ,1307,Junín,2022,37.91053000000001,0.6896977874236687,Alto,732,145323363,1281,1302
13,MANABÍ,1307,Junín,2023,42.50614,0.7219952586642938,Alto,836,199593280,1411,1339
13,MANABÍ,1307,Junín,2024,49.0246,0.7687395559352149,Alto,780,141074434,1301,1333
13,MANABÍ,1308,Manta,2015,1590.791342582574,35.08666330627207,Alto,22849,2787174160,45001,47419
13,MANABÍ,1308,Manta,2016,1503.219358897634,31.407955336335164,Alto,24732,3031468930,47549,48718
13,MANABÍ,1308,Manta,2017,1590.9739203864308,31.432109513981366,Alto,24034,2994493138,46784,46324
13,MANABÍ,1308,Manta,2018,1643.6017499999998,32.884930496644955,Alto,24247,2900975638,47894,47071
13,MANABÍ,1308,Manta,2019,1604.64183,32.75953540529849,Alto,25242,3933987445,48692,50292
13,MANABÍ,1308,Manta,2020,1444.4060200000001,31.987113100466217,Alto,24786,3077175344,45104,47811
13,MANABÍ,1308,Manta,2021,1628.44471,33.18980076157699,Alto,22069,1980079304,42017,47327
13,MANABÍ,1308,Manta,2022,1767.50412,32.155806864905834,Alto,25640,4095061436,46075,47983
13,MANABÍ,1308,Manta,2023,1867.0632200000002,31.71331935730907,Alto,25706,4008508207,46420,49711
13,MANABÍ,1308,Manta,2024,2022.60174,31.715790918057323,Alto,23367,2490678803,43115,44503
13,MANABÍ,1309,Montecristi,2015,385.2617756323385,8.497374762200616,Alto,4700,1689765841,14700,14778
13,MANABÍ,1309,Montecristi,2016,466.0466565743052,9.737482748404982,Alto,4575,1496832441,15267,14920
13,MANABÍ,1309,Montecristi,2017,557.5796761286488,11.015834526432144,Alto,4899,1859205219,15032,15104
13,MANABÍ,1309,Montecristi,2018,488.27939999999995,9.7694189799588,Alto,4551,1459116733,15083,13677
13,MANABÍ,1309,Montecristi,2019,476.61771999999996,9.730380189037353,Alto,4875,2010952690,15775,15510
13,MANABÍ,1309,Montecristi,2020,510.2073000000001,11.298802679999561,Alto,5123,2434897818,15706,15254
13,MANABÍ,1309,Montecristi,2021,567.65893,11.569620185158135,Alto,4986,1900735938,14761,14906
13,MANABÍ,1309,Montecristi,2022,695.2091399999998,12.647784287233952,Alto,4119,496235445,13279,14219
13,MANABÍ,1309,Montecristi,2023,666.1763999999998,11.315452361330573,Alto,4790,1438865368,15012,14967
13,MANABÍ,1309,Montecristi,2024,750.76021,11.772438132064897,Alto,4363,649571406,12882,13222
13,MANABÍ,1310,Paján,2015,48.68517952633387,1.0738055056753733,Medio,832,30398711,1534,1511
13,MANABÍ,1310,Paján,2016,46.90832285803523,0.9800928257789211,Medio,802,30036339,1438,1498
13,MANABÍ,1310,Paján,2017,50.85212947027468,1.0046611588332013,Medio,828,30478598,1490,1521
13,MANABÍ,1310,Paján,2018,56.55849,1.1316135509378649,Medio,863,29539846,1507,1512
13,MANABÍ,1310,Paján,2019,55.35067,1.1300105728715755,Medio,819,29304435,1544,1541
13,MANABÍ,1310,Paján,2020,52.892999999999994,1.1713426486708767,Medio,771,19589414,1467,1484
13,MANABÍ,1310,Paján,2021,59.87626000000001,1.2203553043863444,Medio,848,34093880,1575,1480
13,MANABÍ,1310,Paján,2022,62.229789999999994,1.1321326416391313,Medio,877,39016876,1597,1590
13,MANABÍ,1310,Paján,2023,63.13338,1.0723627462632728,Medio,653,10,1207,1329
13,MANABÍ,1310,Paján,2024,68.16443999999998,1.0688654540000855,Medio,910,38152076,1702,1508
13,MANABÍ,1311,Pichincha,2015,38.05570235805431,0.839360624978663,Bajo,721,14114578,1284,1256
13,MANABÍ,1311,Pichincha,2016,40.578741729282484,0.8478438627697147,Bajo,715,12955991,1211,1245
13,MANABÍ,1311,Pichincha,2017,41.45354545250848,0.8189778372291435,Bajo,719,16158504,1222,1251
13,MANABÍ,1311,Pichincha,2018,55.306689999999996,1.106567729469434,Bajo,744,15306502,1309,1277
13,MANABÍ,1311,Pichincha,2019,57.49492000000001,1.1737864688251365,Bajo,705,14390357,1279,1321
13,MANABÍ,1311,Pichincha,2020,63.4007,1.4040410614937264,Bajo,754,16853094,1280,1267
13,MANABÍ,1311,Pichincha,2021,62.33602,1.270488381561127,Bajo,736,18464200,1265,1299
13,MANABÍ,1311,Pichincha,2022,61.75924,1.1235720308042998,Bajo,735,21942929,1321,1242
13,MANABÍ,1311,Pichincha,2023,65.1646,1.106864378481679,Bajo,743,17996563,1339,1327
13,MANABÍ,1311,Pichincha,2024,80.81215000000002,1.2671902739679668,Bajo,762,19320440,1386,1254
13,MANABÍ,1312,Rocafuerte,2015,47.33264897709566,1.0439739478071202,Medio,1575,33974158,1642,1631
13,MANABÍ,1312,Rocafuerte,2016,48.960874656724656,1.02297841984553,Medio,1590,35987054,1627,1786
13,MANABÍ,1312,Rocafuerte,2017,53.007672636289335,1.047247192449535,Medio,1648,39574042,1734,1770
13,MANABÍ,1312,Rocafuerte,2018,58.48903,1.1702394977166348,Medio,1599,39904876,1665,1657
13,MANABÍ,1312,Rocafuerte,2019,57.73461999999999,1.1786800597124247,Medio,1596,42151208,1918,1773
13,MANABÍ,1312,Rocafuerte,2020,49.158919999999995,1.088649529400861,Medio,1514,26681036,1647,1725
13,MANABÍ,1312,Rocafuerte,2021,55.88142,1.1389353195012706,Medio,1565,26787278,1673,1656
13,MANABÍ,1312,Rocafuerte,2022,55.30402,1.0061336581059226,Medio,1750,52368808,1787,1772
13,MANABÍ,1312,Rocafuerte,2023,58.416810000000005,0.9922486456378516,Medio,1695,45463382,1762,1833
13,MANABÍ,1312,Rocafuerte,2024,59.60517,0.934650194335966,Medio,1536,29306356,1562,1628
13,MANABÍ,1313,Santa Ana,2015,55.456066866062265,1.2231449180888647,Medio,1433,85998827,2322,2340
13,MANABÍ,1313,Santa Ana,2016,56.65221271079193,1.1836796512718943,Medio,1484,93399016,2255,2484
13,MANABÍ,1313,Santa Ana,2017,56.210207625546936,1.1105181419068664,Medio,1524,102732115,2429,2335
13,MANABÍ,1313,Santa Ana,2018,61.40272,1.2285361581690646,Medio,1469,78859087,2256,2224
13,MANABÍ,1313,Santa Ana,2019,70.61794,1.4416992393120185,Medio,1385,63852721,2152,2329
13,MANABÍ,1313,Santa Ana,2020,68.08801000000001,1.5078439486534922,Medio,1402,75202225,2225,2326
13,MANABÍ,1313,Santa Ana,2021,63.07418999999999,1.2855332369852777,Medio,1462,80527761,2216,2351
13,MANABÍ,1313,Santa Ana,2022,72.16326,1.3128500381102275,Medio,1419,67191609,2237,2237
13,MANABÍ,1313,Santa Ana,2023,77.16304,1.3106659184796183,Medio,1139,10,1844,2065
13,MANABÍ,1313,Santa Ana,2024,74.09694,1.161891147541403,Medio,1428,76661659,2205,2366
13,MANABÍ,1314,Sucre,2015,146.6620975290559,3.234794845840389,Alto,2811,137120858,5154,4720
13,MANABÍ,1314,Sucre,2016,156.634483873394,3.272688609620601,Alto,2823,131847502,4841,4459
13,MANABÍ,1314,Sucre,2017,167.31532593167148,3.3055687341338764,Alto,2795,141191114,4801,4498
13,MANABÍ,1314,Sucre,2018,134.80691000000002,2.6971958783917533,Alto,2953,189867106,5380,4539
13,MANABÍ,1314,Sucre,2019,145.29225000000002,2.9662112248379326,Alto,2951,166186040,5298,4819
13,MANABÍ,1314,Sucre,2020,137.80288000000002,3.051715547495416,Alto,3065,182044505,5104,4719
13,MANABÍ,1314,Sucre,2021,146.38085999999996,2.9834304774819733,Alto,3452,297682843,6084,5157
13,MANABÍ,1314,Sucre,2022,148.86198,2.708212684905919,Alto,2978,162581053,5293,4940
13,MANABÍ,1314,Sucre,2023,163.47474000000003,2.7767279548643606,Alto,2819,135094343,4902,4556
13,MANABÍ,1314,Sucre,2024,190.77607,2.991500416828806,Alto,2636,92272155,4752,4725
13,MANABÍ,1315,Tosagua,2015,84.36205171432849,1.8606983990254595,Medio,1581,105675892,1452,1493
13,MANABÍ,1315,Tosagua,2016,92.09382036000127,1.9241892937971172,Medio,1607,114000470,1366,1529
13,MANABÍ,1315,Tosagua,2017,95.56999139217561,1.8881305326233686,Medio,1587,110245493,1372,1476
13,MANABÍ,1315,Tosagua,2018,87.87995,1.7582884952505275,Medio,1687,124787950,1385,1440
13,MANABÍ,1315,Tosagua,2019,88.36273,1.803967669186233,Medio,1618,119469140,1348,1474
13,MANABÍ,1315,Tosagua,2020,72.33151,1.6018184354406824,Medio,1779,175994449,1551,1539
13,MANABÍ,1315,Tosagua,2021,80.31173,1.6368565055657098,Medio,1716,150013112,1453,1483
13,MANABÍ,1315,Tosagua,2022,87.97941,1.6005897152015491,Medio,1646,137199659,1474,1508
13,MANABÍ,1315,Tosagua,2023,92.07767999999999,1.5640010687587267,Medio,1792,174280217,1530,1535
13,MANABÍ,1315,Tosagua,2024,104.73849999999999,1.6423719516185855,Medio,1417,39135421,1283,1403
13,MANABÍ,1316,24 De Mayo,2015,29.221784231351332,0.6445187857695008,Bajo,636,14150807,762,604
13,MANABÍ,1316,24 De Mayo,2016,30.003936697567074,0.6268960668537977,Bajo,637,16196173,735,647
13,MANABÍ,1316,24 De Mayo,2017,35.621154891005425,0.7037500911873055,Bajo,648,16133859,792,670
13,MANABÍ,1316,24 De Mayo,2018,28.513779999999993,0.5704993156016199,Bajo,613,10670783,743,601
13,MANABÍ,1316,24 De Mayo,2019,26.286270000000002,0.5366468557897657,Bajo,628,13341477,790,585
13,MANABÍ,1316,24 De Mayo,2020,27.331440000000008,0.6052687751042513,Bajo,654,16738887,798,604
13,MANABÍ,1316,24 De Mayo,2021,25.018360000000005,0.5099064025215861,Bajo,627,16434143,760,618
13,MANABÍ,1316,24 De Mayo,2022,27.29132,0.4965048766100425,Bajo,649,17643696,760,645
13,MANABÍ,1316,24 De Mayo,2023,31.08553,0.5280085482489509,Bajo,773,26615628,884,639
13,MANABÍ,1316,24 De Mayo,2024,34.57835000000001,0.5422123877394704,Bajo,746,26067953,893,667
13,MANABÍ,1317,Pedernales,2015,120.70494198517363,2.6622810581564726,Alto,3210,228050333,4046,3870
13,MANABÍ,1317,Pedernales,2016,120.59335134039729,2.51965261778943,Alto,3101,242174132,3834,3822
13,MANABÍ,1317,Pedernales,2017,116.11163412948379,2.2939619267415856,Alto,3164,221679955,3778,4241
13,MANABÍ,1317,Pedernales,2018,195.44787999999997,3.9104910599642544,Alto,3115,219794042,3835,4043
13,MANABÍ,1317,Pedernales,2019,195.7231,3.99578130409624,Alto,3332,290907129,4234,4093
13,MANABÍ,1317,Pedernales,2020,171.94660000000002,3.8078457617066874,Alto,3375,371484561,4465,4167
13,MANABÍ,1317,Pedernales,2021,166.75181,3.398616677954232,Alto,3232,246735928,3920,3977
13,MANABÍ,1317,Pedernales,2022,190.68631999999994,3.4691135416983516,Alto,3207,227237292,3908,4062
13,MANABÍ,1317,Pedernales,2023,200.17871999999994,3.4001696396211747,Alto,3165,246667108,3958,3891
13,MANABÍ,1317,Pedernales,2024,194.04857000000004,3.0428154749179694,Alto,3118,255574906,3572,3957
13,MANABÍ,1318,Olmedo,2015,11.126792666667088,0.24541372430418573,Bajo,266,3325982,251,217
13,MANABÍ,1318,Olmedo,2016,12.031664464710877,0.2513871165193952,Bajo,262,2785748,241,216
13,MANABÍ,1318,Olmedo,2017,12.245786649660763,0.2419341399156922,Bajo,290,3927527,255,218
13,MANABÍ,1318,Olmedo,2018,10.77683,0.2156211536792038,Bajo,282,3583180,237,229
13,MANABÍ,1318,Olmedo,2019,11.110719999999999,0.22683069730168887,Bajo,272,4121628,264,227
13,MANABÍ,1318,Olmedo,2020,12.08678,0.2676679503734366,Bajo,266,2827463,236,206
13,MANABÍ,1318,Olmedo,2021,12.064779999999999,0.2458957568367543,Bajo,295,4816362,266,229
13,MANABÍ,1318,Olmedo,2022,13.049790000000002,0.23741190875842458,Bajo,251,2107404,236,214
13,MANABÍ,1318,Olmedo,2023,13.48496,0.2290510778743413,Bajo,287,4627396,276,238
13,MANABÍ,1318,Olmedo,2024,15.58562,0.24439327598338392,Bajo,286,4303641,271,241
13,MANABÍ,1319,Puerto López,2015,33.75811342972794,0.7445725457877412,Medio,1026,20311116,870,930
13,MANABÍ,1319,Puerto López,2016,36.125899768192646,0.7548071009652171,Medio,1021,22701679,883,904
13,MANABÍ,1319,Puerto López,2017,38.33273732995325,0.7573215263221409,Medio,944,20566893,910,906
13,MANABÍ,1319,Puerto López,2018,37.267830000000004,0.745648998798389,Medio,942,16284321,907,873
13,MANABÍ,1319,Puerto López,2019,40.00728,0.8167678799883277,Medio,962,18268866,923,874
13,MANABÍ,1319,Puerto López,2020,37.54999000000001,0.8315638126815449,Medio,897,16461662,852,845
13,MANABÍ,1319,Puerto López,2021,35.60364,0.7256480436396966,Medio,1096,32440677,1003,968
13,MANABÍ,1319,Puerto López,2022,37.35266,0.679548583372181,Medio,939,19633393,892,898
13,MANABÍ,1319,Puerto López,2023,40.06785,0.6805792698389485,Medio,965,17230646,875,930
13,MANABÍ,1319,Puerto López,2024,48.67004,0.7631798104818631,Medio,934,18250275,913,903
13,MANABÍ,1320,Jama,2015,25.83478378234093,0.5698147430760754,Bajo,717,22072062,868,944
13,MANABÍ,1320,Jama,2016,26.191190097390116,0.5472333255390909,Bajo,709,20505332,878,933
13,MANABÍ,1320,Jama,2017,28.888259735333808,0.5707315073076763,Bajo,680,22048252,889,984
13,MANABÍ,1320,Jama,2018,30.59091,0.6120582125074527,Bajo,712,20961920,842,937
13,MANABÍ,1320,Jama,2019,31.645149999999997,0.6460509706586557,Bajo,706,18950072,860,1004
13,MANABÍ,1320,Jama,2020,23.841030000000003,0.5279718531231323,Bajo,786,28783438,889,976
13,MANABÍ,1320,Jama,2021,24.53601,0.5000754882148015,Bajo,776,32111301,968,1029
13,MANABÍ,1320,Jama,2022,26.23476,0.47728311700181897,Bajo,708,21025347,928,884
13,MANABÍ,1320,Jama,2023,31.25605,0.5309049446638556,Bajo,629,6691434,802,900
13,MANABÍ,1320,Jama,2024,32.4613,0.5090155829334618,Bajo,687,22272466,855,899
13,MANABÍ,1321,Jaramijó,2015,103.87192065813987,2.2910101466803665,Alto,1002,750612522,6820,7052
13,MANABÍ,1321,Jaramijó,2016,132.53342946273926,2.7691261481555376,Alto,1041,675091576,6879,6660
13,MANABÍ,1321,Jaramijó,2017,175.07998021757922,3.458971288836707,Alto,1048,861116170,7035,7134
13,MANABÍ,1321,Jaramijó,2018,222.87486,4.459245848667097,Alto,1020,852457731,6879,6928
13,MANABÍ,1321,Jaramijó,2019,217.22650000000002,4.434783566448018,Alto,1015,938738020,6896,6815
13,MANABÍ,1321,Jaramijó,2020,217.37855999999996,4.813959847894071,Alto,988,552945384,6495,6592
13,MANABÍ,1321,Jaramijó,2021,225.79368,4.601966039377089,Alto,1050,955615611,7316,7224
13,MANABÍ,1321,Jaramijó,2022,253.84737,4.618188388089467,Alto,1091,1116657529,7135,7101
13,MANABÍ,1321,Jaramijó,2023,287.27886,4.879623857505844,Alto,1063,1053087600,7017,7177
13,MANABÍ,1321,Jaramijó,2024,325.80148,5.1087920158091205,Alto,1199,1328722914,7654,7574
13,MANABÍ,1322,San Vicente,2015,44.338359951458244,0.9779315901000143,Medio,1130,32422731,1241,1010
13,MANABÍ,1322,San Vicente,2016,43.99894637953719,0.919304913520885,Medio,1193,33612064,1180,1007
13,MANABÍ,1322,San Vicente,2017,43.06364731449698,0.8507878483212146,Medio,1142,35565843,1231,1081
13,MANABÍ,1322,San Vicente,2018,38.88969,0.7780989237119446,Medio,1176,40867607,1224,1012
13,MANABÍ,1322,San Vicente,2019,34.52982,0.7049428973371485,Medio,1199,35329451,1214,1089
13,MANABÍ,1322,San Vicente,2020,31.88161,0.7060346265345493,Medio,1066,22171770,1172,1012
13,MANABÍ,1322,San Vicente,2021,31.617309999999993,0.6444015035162083,Medio,1296,52385127,1311,1097
13,MANABÍ,1322,San Vicente,2022,33.808370000000004,0.6150681086600672,Medio,1115,19473356,1133,1007
13,MANABÍ,1322,San Vicente,2023,37.83432,0.6426412667625822,Medio,1255,47342750,1307,1091
13,MANABÍ,1322,San Vicente,2024,45.5189,0.7137677609334795,Medio,1146,27832243,1199,1058
14,MORONA SANTIAGO,1401,Morona,2015,165.6152231016409,40.21535159259832,Medio,4838,100395368,6993,7204
14,MORONA SANTIAGO,1401,Morona,2016,177.65216763228204,41.691748556761496,Medio,4741,110204085,6875,6931
14,MORONA SANTIAGO,1401,Morona,2017,176.8821464883171,38.49490617808708,Medio,5041,108077997,7463,7633
14,MORONA SANTIAGO,1401,Morona,2018,174.48975000000002,38.510089320185045,Medio,5111,93521222,7357,7484
14,MORONA SANTIAGO,1401,Morona,2019,147.08497,32.97490219005542,Medio,5036,120006002,7521,7554
14,MORONA SANTIAGO,1401,Morona,2020,132.286,31.370252764046146,Medio,5149,115753620,7368,7170
14,MORONA SANTIAGO,1401,Morona,2021,139.4945,32.080999645646216,Medio,4909,97410431,7712,7237
14,MORONA SANTIAGO,1401,Morona,2022,157.2342,32.481082490387784,Medio,4972,108934547,7309,7552
14,MORONA SANTIAGO,1401,Morona,2023,172.34320000000002,32.46584904380111,Medio,4929,111861235,7272,7356
14,MORONA SANTIAGO,1401,Morona,2024,175.06396,31.33866620419341,Medio,5368,164137059,7948,7313
14,MORONA SANTIAGO,1402,Gualaquiza,2015,40.86789563449889,9.923706051963183,Medio,1607,43850188,1901,1932
14,MORONA SANTIAGO,1402,Gualaquiza,2016,42.793024369154566,10.042748342227146,Medio,1641,49247559,1981,1828
14,MORONA SANTIAGO,1402,Gualaquiza,2017,50.636736315720064,11.02008570303575,Medio,1656,50484037,1896,1967
14,MORONA SANTIAGO,1402,Gualaquiza,2018,46.31424,10.221606250203735,Medio,1638,47398168,1889,1971
14,MORONA SANTIAGO,1402,Gualaquiza,2019,50.06286,11.223566295417116,Medio,1722,53663641,1963,2036
14,MORONA SANTIAGO,1402,Gualaquiza,2020,43.97986,10.429367618095359,Medio,1755,63037500,2012,1951
14,MORONA SANTIAGO,1402,Gualaquiza,2021,50.63317,11.644636231736337,Medio,1674,49961120,1893,1966
14,MORONA SANTIAGO,1402,Gualaquiza,2022,54.176759999999994,11.191711539995378,Medio,1604,38702517,1833,1892
14,MORONA SANTIAGO,1402,Gualaquiza,2023,58.883239999999994,11.092369069681371,Medio,1659,53328432,1906,2060
14,MORONA SANTIAGO,1402,Gualaquiza,2024,61.30870999999999,10.975035627548323,Medio,1874,84157795,2092,2085
14,MORONA SANTIAGO,1403,Limón-Indanza,2015,28.138233882490955,6.83263861610512,Bajo,776,14148828,855,863
14,MORONA SANTIAGO,1403,Limón-Indanza,2016,27.921901802395908,6.552765016533011,Bajo,758,12966557,767,902
14,MORONA SANTIAGO,1403,Limón-Indanza,2017,31.792341259623495,6.918975251421244,Bajo,821,16325258,856,899
14,MORONA SANTIAGO,1403,Limón-Indanza,2018,21.34663,4.711225891405895,Bajo,779,13174042,801,901
14,MORONA SANTIAGO,1403,Limón-Indanza,2019,22.342090000000002,5.0088614252796555,Bajo,870,21245565,867,999
14,MORONA SANTIAGO,1403,Limón-Indanza,2020,23.68655,5.617019643864182,Bajo,773,14284904,828,901
14,MORONA SANTIAGO,1403,Limón-Indanza,2021,22.728150000000003,5.227028822614469,Bajo,734,10955573,805,869
14,MORONA SANTIAGO,1403,Limón-Indanza,2022,25.624080000000003,5.293364015082571,Bajo,847,17005914,895,910
14,MORONA SANTIAGO,1403,Limón-Indanza,2023,29.761830000000003,5.606505391841808,Bajo,832,16218794,845,858
14,MORONA SANTIAGO,1403,Limón-Indanza,2024,33.12481,5.929760549614711,Bajo,791,12881810,799,871
14,MORONA SANTIAGO,1404,Palora,2015,16.602097521735885,4.03138779459579,Bajo,842,21657183,767,834
14,MORONA SANTIAGO,1404,Palora,2016,15.025954497671417,3.5263195776982994,Bajo,866,21297825,816,828
14,MORONA SANTIAGO,1404,Palora,2017,14.8037992008303,3.2217545559514247,Bajo,884,22580455,817,805
14,MORONA SANTIAGO,1404,Palora,2018,46.83497,10.336531962526092,Bajo,867,22040277,786,824
14,MORONA SANTIAGO,1404,Palora,2019,51.201539999999994,11.478846366696814,Bajo,941,27177525,867,827
14,MORONA SANTIAGO,1404,Palora,2020,48.11682999999999,11.410407142892206,Bajo,889,26709926,833,792
14,MORONA SANTIAGO,1404,Palora,2021,45.29717000000001,10.417460865616755,Bajo,937,27484606,864,827
14,MORONA SANTIAGO,1404,Palora,2022,53.84835999999999,11.123871416855224,Bajo,899,33104662,883,836
14,MORONA SANTIAGO,1404,Palora,2023,56.890649999999994,10.717006849726145,Bajo,758,6351331,731,767
14,MORONA SANTIAGO,1404,Palora,2024,55.04446,9.853655534411972,Bajo,839,16924116,790,788
14,MORONA SANTIAGO,1405,Santiago,2015,27.688141440209243,6.723345367111809,Bajo,733,10704090,1148,1296
14,MORONA SANTIAGO,1405,Santiago,2016,31.114456545087158,7.301999835111117,Bajo,736,13378209,1223,1247
14,MORONA SANTIAGO,1405,Santiago,2017,35.14847883393182,7.649372318670114,Bajo,739,10177453,1220,1222
14,MORONA SANTIAGO,1405,Santiago,2018,29.868209999999998,6.591948437854052,Bajo,732,10546435,1181,1287
14,MORONA SANTIAGO,1405,Santiago,2019,32.71997,7.33547289306003,Bajo,785,14830201,1251,1298
14,MORONA SANTIAGO,1405,Santiago,2020,31.435089999999995,7.4545055331670715,Bajo,730,13198716,1233,1204
14,MORONA SANTIAGO,1405,Santiago,2021,32.974959999999996,7.583594192424776,Bajo,688,9089469,1237,1235
14,MORONA SANTIAGO,1405,Santiago,2022,36.32128,7.503167197953575,Bajo,699,8985804,1181,1248
14,MORONA SANTIAGO,1405,Santiago,2023,36.81494,6.9351635840381,Bajo,811,18724537,1346,1299
14,MORONA SANTIAGO,1405,Santiago,2024,32.53818,5.824746349345473,Bajo,892,23141222,1468,1470
14,MORONA SANTIAGO,1406,Sucúa,2015,49.664637990993164,12.059766252895363,Medio,1690,33974987,2134,2199
14,MORONA SANTIAGO,1406,Sucúa,2016,47.16128297083613,11.067899578372966,Medio,1728,38500172,2085,2193
14,MORONA SANTIAGO,1406,Sucúa,2017,51.73622714401375,11.259368169463919,Medio,1726,34459376,2090,2096
14,MORONA SANTIAGO,1406,Sucúa,2018,51.648509999999995,11.398885799048198,Medio,1772,41971468,2305,2235
14,MORONA SANTIAGO,1406,Sucúa,2019,52.77932,11.832568036405322,Medio,1553,17559368,1905,1834
14,MORONA SANTIAGO,1406,Sucúa,2020,52.19768,12.378138391793508,Medio,1691,36626368,2008,2137
14,MORONA SANTIAGO,1406,Sucúa,2021,52.051460000000006,11.970815120419575,Medio,1757,36535384,2137,2096
14,MORONA SANTIAGO,1406,Sucúa,2022,55.92484,11.552825920198904,Medio,1940,60477073,2346,2438
14,MORONA SANTIAGO,1406,Sucúa,2023,60.60539,11.416786058171677,Medio,1728,34509182,2174,2195
14,MORONA SANTIAGO,1406,Sucúa,2024,68.99825,12.351560683441,Medio,1869,51396913,2176,2236
14,MORONA SANTIAGO,1407,Huamboya,2015,15.40935614858981,3.7417615586629362,Bajo,306,2183942,491,449
14,MORONA SANTIAGO,1407,Huamboya,2016,15.055144009306211,3.533169827801025,Bajo,317,2295724,504,445
14,MORONA SANTIAGO,1407,Huamboya,2017,18.32895424515032,3.9889349378520502,Bajo,318,2176267,517,447
14,MORONA SANTIAGO,1407,Huamboya,2018,13.1353,2.898975878224518,Bajo,325,2498576,505,455
14,MORONA SANTIAGO,1407,Huamboya,2019,14.377300000000002,3.2232393374869224,Bajo,335,2763541,507,440
14,MORONA SANTIAGO,1407,Huamboya,2020,15.52042,3.6805066175117327,Bajo,322,2667004,514,481
14,MORONA SANTIAGO,1407,Huamboya,2021,15.582960000000002,3.583775232988535,Bajo,315,1973159,503,432
14,MORONA SANTIAGO,1407,Huamboya,2022,16.350179999999998,3.3775829006201485,Bajo,315,2697400,522,460
14,MORONA SANTIAGO,1407,Huamboya,2023,18.298050000000003,3.44696935588944,Bajo,302,1639162,472,445
14,MORONA SANTIAGO,1407,Huamboya,2024,19.686179999999997,3.5240755656142366,Bajo,407,5409858,607,521
14,MORONA SANTIAGO,1408,San Juan Bosco,2015,12.777393578957247,3.1026578691948914,Bajo,249,2172706,383,406
14,MORONA SANTIAGO,1408,San Juan Bosco,2016,14.079161997612609,3.304124513185579,Bajo,248,2141372,414,422
14,MORONA SANTIAGO,1408,San Juan Bosco,2017,15.64314452186649,3.4044214899850336,Bajo,240,1905218,387,407
14,MORONA SANTIAGO,1408,San Juan Bosco,2018,11.36546,2.5083701464698662,Bajo,249,2344157,405,422
14,MORONA SANTIAGO,1408,San Juan Bosco,2019,10.822700000000001,2.4263354300056137,Bajo,262,2958585,424,429
14,MORONA SANTIAGO,1408,San Juan Bosco,2020,10.464139999999999,2.4814622617538196,Bajo,273,2836154,423,438
14,MORONA SANTIAGO,1408,San Juan Bosco,2021,11.47482,2.6389835897032072,Bajo,257,2342312,430,403
14,MORONA SANTIAGO,1408,San Juan Bosco,2022,13.30665,2.7488574134680537,Bajo,253,2509711,392,429
14,MORONA SANTIAGO,1408,San Juan Bosco,2023,13.65551,2.572412060795647,Bajo,244,1860335,394,430
14,MORONA SANTIAGO,1408,San Juan Bosco,2024,14.924509999999998,2.67167632419115,Bajo,264,2786972,419,421
14,MORONA SANTIAGO,1409,Taisha,2015,22.980793648435252,5.580288328214782,Bajo,531,3104511,753,825
14,MORONA SANTIAGO,1409,Taisha,2016,22.60336775981488,5.30460133269417,Bajo,539,3022097,800,784
14,MORONA SANTIAGO,1409,Taisha,2017,26.505261152590347,5.768346673484385,Bajo,549,3393020,792,762
14,MORONA SANTIAGO,1409,Taisha,2018,28.683370000000004,6.3304528816387,Bajo,610,4920749,832,841
14,MORONA SANTIAGO,1409,Taisha,2019,33.851620000000004,7.589176912331178,Bajo,547,3135284,768,789
14,MORONA SANTIAGO,1409,Taisha,2020,30.86148,7.318479871434278,Bajo,595,4639395,853,827
14,MORONA SANTIAGO,1409,Taisha,2021,31.043179999999992,7.139322672791626,Bajo,448,469618,692,735
14,MORONA SANTIAGO,1409,Taisha,2022,34.290229999999994,7.083597520414578,Bajo,508,2253014,767,799
14,MORONA SANTIAGO,1409,Taisha,2023,39.689949999999996,7.476755249154092,Bajo,575,4452653,839,837
14,MORONA SANTIAGO,1409,Taisha,2024,48.82689,8.740631752525587,Bajo,611,5519529,916,855
14,MORONA SANTIAGO,1410,Logroño,2015,13.994221629936666,3.3981329286816706,Bajo,273,3498214,386,396
14,MORONA SANTIAGO,1410,Logroño,2016,13.962030425898476,3.276635853176252,Bajo,270,3306635,383,405
14,MORONA SANTIAGO,1410,Logroño,2017,19.585670290801076,4.262434368010863,Bajo,275,3821658,390,399
14,MORONA SANTIAGO,1410,Logroño,2018,11.061950000000001,2.441385138986221,Bajo,280,3572379,399,388
14,MORONA SANTIAGO,1410,Logroño,2019,11.550040000000001,2.5893974026797415,Bajo,258,2792811,386,402
14,MORONA SANTIAGO,1410,Logroño,2020,12.788279999999999,3.03260795562188,Bajo,263,3916626,391,409
14,MORONA SANTIAGO,1410,Logroño,2021,11.912420000000001,2.7396230087837794,Bajo,263,3666124,396,418
14,MORONA SANTIAGO,1410,Logroño,2022,13.415700000000001,2.7713847137982413,Bajo,294,4913234,439,406
14,MORONA SANTIAGO,1410,Logroño,2023,16.46785,3.1021980105740172,Bajo,280,4445429,426,402
14,MORONA SANTIAGO,1410,Logroño,2024,20.133280000000003,3.6041121285932483,Bajo,244,1987104,410,392
14,MORONA SANTIAGO,1411,Pablo VI,2015,7.235599501791323,1.7569772421777101,Bajo,146,3040229,199,210
14,MORONA SANTIAGO,1411,Pablo VI,2016,7.232049769260332,1.6972311936778006,Bajo,156,3700753,206,213
14,MORONA SANTIAGO,1411,Pablo VI,2017,6.438970721932499,1.4013148231475843,Bajo,154,3284160,205,195
14,MORONA SANTIAGO,1411,Pablo VI,2018,6.58009,1.4522334614775734,Bajo,153,3279535,202,215
14,MORONA SANTIAGO,1411,Pablo VI,2019,6.638700000000001,1.4883266670219326,Bajo,146,2543837,196,198
14,MORONA SANTIAGO,1411,Pablo VI,2020,6.670190000000001,1.581766371983528,Bajo,163,4139564,206,221
14,MORONA SANTIAGO,1411,Pablo VI,2021,7.5013000000000005,1.7251519066478316,Bajo,154,3574943,188,204
14,MORONA SANTIAGO,1411,Pablo VI,2022,8.68961,1.7950798186355044,Bajo,164,4762924,216,207
14,MORONA SANTIAGO,1411,Pablo VI,2023,9.153189999999999,1.7242692767061873,Bajo,160,3909063,223,218
14,MORONA SANTIAGO,1411,Pablo VI,2024,10.171190000000003,1.8207718385293585,Bajo,175,5574610,224,229
14,MORONA SANTIAGO,1412,Tiwintza,2015,10.847306504672277,2.633986397798429,Bajo,323,1628461,457,503
14,MORONA SANTIAGO,1412,Tiwintza,2016,11.508157860409591,2.700756372761135,Bajo,321,1952091,451,490
14,MORONA SANTIAGO,1412,Tiwintza,2017,11.99321097410093,2.6100855308905526,Bajo,341,1624941,440,501
14,MORONA SANTIAGO,1412,Tiwintza,2018,11.772910000000001,2.598294831980101,Bajo,337,2056692,456,492
14,MORONA SANTIAGO,1412,Tiwintza,2019,12.62016,2.8293070435602616,Bajo,297,1298040,456,476
14,MORONA SANTIAGO,1412,Tiwintza,2020,13.68597,3.245485827836299,Bajo,359,2540137,492,514
14,MORONA SANTIAGO,1412,Tiwintza,2021,14.12559,3.248608710626897,Bajo,338,1795757,469,508
14,MORONA SANTIAGO,1412,Tiwintza,2022,14.897420000000002,3.07747505259004,Bajo,338,2041185,476,502
14,MORONA SANTIAGO,1412,Tiwintza,2023,18.280780000000004,3.4437160496203996,Bajo,339,2237011,451,471
14,MORONA SANTIAGO,1412,Tiwintza,2024,18.79927,3.3653074419915274,Bajo,346,2272890,486,526
15,NAPO,1501,Tena,2015,204.29314929683292,66.52482033242919,Medio,5238,94289474,8771,9297
15,NAPO,1501,Tena,2016,224.6725016908601,58.86865085071224,Medio,5362,94457973,8515,8627
15,NAPO,1501,Tena,2017,205.48224129193906,48.60992957437723,Medio,5436,95942093,8596,9044
15,NAPO,1501,Tena,2018,330.84073,62.15649495706666,Medio,5476,104485852,9136,8883
15,NAPO,1501,Tena,2019,279.18319,56.079943076233974,Medio,5202,93720643,7948,8677
15,NAPO,1501,Tena,2020,203.40694,48.40742621689118,Medio,5203,92506836,8843,8825
15,NAPO,1501,Tena,2021,245.65016999999997,54.3829060907595,Medio,5488,106634143,9086,8886
15,NAPO,1501,Tena,2022,280.61502,54.76329491273879,Medio,5077,59830361,7945,8071
15,NAPO,1501,Tena,2023,266.57441000000006,53.8864175100367,Medio,5621,128964532,8893,8781
15,NAPO,1501,Tena,2024,332.91115,56.53271844188343,Medio,6012,146915958,9496,9221
15,NAPO,1503,Archidona,2015,48.06822982133943,15.652655821151873,Medio,1394,24129234,1572,1646
15,NAPO,1503,Archidona,2016,47.09642379677066,12.34019698870009,Medio,1392,19103256,1527,1564
15,NAPO,1503,Archidona,2017,58.958984944851196,13.947638919677363,Medio,1397,22753314,1599,1558
15,NAPO,1503,Archidona,2018,36.52124,6.861405093278029,Medio,1389,25946111,1579,1574
15,NAPO,1503,Archidona,2019,43.734289999999994,8.784971952213557,Medio,1426,25913883,1572,1632
15,NAPO,1503,Archidona,2020,40.189,9.564305191507428,Medio,1410,24487645,1518,1571
15,NAPO,1503,Archidona,2021,40.79896,9.03221850113376,Medio,1330,20081108,1590,1550
15,NAPO,1503,Archidona,2022,46.685649999999995,9.110916511678182,Medio,1419,28133698,1625,1636
15,NAPO,1503,Archidona,2023,48.501039999999996,9.804194225210852,Medio,1358,19417997,1481,1565
15,NAPO,1503,Archidona,2024,76.72804000000001,13.029436478524586,Medio,1325,21232206,1495,1565
15,NAPO,1504,El Chaco,2015,21.97012471655143,7.15422227558907,Medio,744,28034162,1176,1109
15,NAPO,1504,El Chaco,2016,78.49075995566005,20.566135633254447,Medio,761,31027983,1178,1208
15,NAPO,1504,El Chaco,2017,124.84605508995928,29.534221095727432,Medio,700,28977639,1152,1176
15,NAPO,1504,El Chaco,2018,126.33031,23.734227875871476,Medio,747,31471722,1156,1127
15,NAPO,1504,El Chaco,2019,130.12492999999998,26.138388443798956,Medio,770,30270301,1189,1170
15,NAPO,1504,El Chaco,2020,132.10679000000002,31.439191257069886,Medio,733,25757954,1270,1095
15,NAPO,1504,El Chaco,2021,124.24828,27.506525003334588,Medio,740,32827040,1155,1217
15,NAPO,1504,El Chaco,2022,140.61113,27.44090027755269,Medio,803,39769377,1292,1168
15,NAPO,1504,El Chaco,2023,131.70769000000004,26.623919275006504,Medio,822,48722644,1298,1189
15,NAPO,1504,El Chaco,2024,73.10137999999999,12.413581621562175,Medio,821,46171766,1227,1242
15,NAPO,1507,Quijos,2015,25.40910234247006,8.274070735896826,Medio,661,25982973,1303,1232
15,NAPO,1507,Quijos,2016,23.82486855710414,6.242588025223083,Medio,682,22851322,1291,1308
15,NAPO,1507,Quijos,2017,25.93804436027568,6.136036387975371,Medio,681,24972856,1340,1273
15,NAPO,1507,Quijos,2018,26.64784,5.006446251574645,Medio,668,27512010,1307,1340
15,NAPO,1507,Quijos,2019,27.71335,5.566821879396637,Medio,675,23936461,1280,1222
15,NAPO,1507,Quijos,2020,29.71559,7.071809990437836,Medio,641,20097071,1321,1246
15,NAPO,1507,Quijos,2021,28.17767,6.2380725462816144,Medio,629,20872035,1340,1315
15,NAPO,1507,Quijos,2022,31.112579999999994,6.071761212340587,Medio,728,34968671,1403,1359
15,NAPO,1507,Quijos,2023,32.52675,6.575087348949158,Medio,654,23674523,1319,1291
15,NAPO,1507,Quijos,2024,85.42746000000001,14.506713107642263,Medio,808,49978366,1503,1407
15,NAPO,1509,Carlos Julio Arosemena Tola,2015,7.352518277657334,2.394230834933037,Bajo,293,5355164,339,357
15,NAPO,1509,Carlos Julio Arosemena Tola,2016,7.565948336778636,1.982428502110135,Bajo,297,5929779,339,361
15,NAPO,1509,Carlos Julio Arosemena Tola,2017,7.491273763163573,1.7721740222426052,Bajo,302,5459156,341,323
15,NAPO,1509,Carlos Julio Arosemena Tola,2018,11.930449999999999,2.2414258222091816,Bajo,309,5682640,346,332
15,NAPO,1509,Carlos Julio Arosemena Tola,2019,17.074969999999997,3.4298746483568823,Bajo,296,4990338,348,344
15,NAPO,1509,Carlos Julio Arosemena Tola,2020,14.77948,3.5172673440936624,Bajo,310,6011338,326,359
15,NAPO,1509,Carlos Julio Arosemena Tola,2021,12.82967,2.8402778584905293,Bajo,304,5693668,354,351
15,NAPO,1509,Carlos Julio Arosemena Tola,2022,13.39004,2.613127085689743,Bajo,329,6406451,348,357
15,NAPO,1509,Carlos Julio Arosemena Tola,2023,15.386959999999997,3.1103816407967817,Bajo,332,9593876,378,372
15,NAPO,1509,Carlos Julio Arosemena Tola,2024,20.71423,3.5175503503875287,Bajo,300,5965267,332,354
16,PASTAZA,1601,Pastaza,2015,649.7178038377522,92.2843169025614,Alto,6778,197150733,9727,9652
16,PASTAZA,1601,Pastaza,2016,571.8346824617066,91.56451563678505,Alto,6793,203296695,8994,9332
16,PASTAZA,1601,Pastaza,2017,729.7658126858498,92.19835633040593,Alto,6954,175456619,9550,9468
16,PASTAZA,1601,Pastaza,2018,818.09576,93.40395885957297,Alto,6557,165783144,9681,9846
16,PASTAZA,1601,Pastaza,2019,715.0824,91.3977014452491,Alto,6870,158483883,9837,9694
16,PASTAZA,1601,Pastaza,2020,540.15364,88.59094715032488,Alto,7046,209641825,10013,9428
16,PASTAZA,1601,Pastaza,2021,823.83772,92.57481495998047,Alto,6460,139213934,9536,8897
16,PASTAZA,1601,Pastaza,2022,1048.50772,93.9932077072787,Alto,6688,117753412,9366,9048
16,PASTAZA,1601,Pastaza,2023,933.7120799999998,92.77354136408886,Alto,7887,325410980,10822,10314
16,PASTAZA,1601,Pastaza,2024,818.5108699999998,91.6333564900867,Alto,5606,49289106,8659,8488
16,PASTAZA,1602,Mera,2015,21.98413501596663,3.1225724009077513,Medio,866,23412210,878,888
16,PASTAZA,1602,Mera,2016,22.3024251951603,3.5711558307889724,Medio,844,23766100,878,867
16,PASTAZA,1602,Mera,2017,25.940240836556484,3.2772809117257733,Medio,879,29839961,961,883
16,PASTAZA,1602,Mera,2018,30.746430000000004,3.510393798885769,Medio,872,26291996,917,905
16,PASTAZA,1602,Mera,2019,36.40597999999999,4.653202051765935,Medio,936,29621328,953,885
16,PASTAZA,1602,Mera,2020,34.74633999999999,5.698769651181502,Medio,916,30691394,936,854
16,PASTAZA,1602,Mera,2021,32.92666,3.699975593191084,Medio,821,15903507,875,871
16,PASTAZA,1602,Mera,2022,31.25107,2.801494216546833,Medio,881,30138276,969,893
16,PASTAZA,1602,Mera,2023,31.646870000000003,3.1444299221114753,Medio,922,31668875,927,898
16,PASTAZA,1602,Mera,2024,29.841319999999996,3.3407745870189283,Medio,997,34557121,956,888
16,PASTAZA,1603,Santa Clara,2015,13.146647666030098,1.8673174603680847,Bajo,235,5031760,365,423
16,PASTAZA,1603,Santa Clara,2016,12.2486345154012,1.9613016156812473,Bajo,241,5822430,377,393
16,PASTAZA,1603,Santa Clara,2017,13.785525713749575,1.7416584743541543,Bajo,237,5262686,357,416
16,PASTAZA,1603,Santa Clara,2018,10.80023,1.2330882127954383,Bajo,247,6249104,372,398
16,PASTAZA,1603,Santa Clara,2019,11.437289999999999,1.4618483363074424,Bajo,239,5596487,363,401
16,PASTAZA,1603,Santa Clara,2020,13.39213,2.1964518855418254,Bajo,253,5699579,363,399
16,PASTAZA,1603,Santa Clara,2021,10.990600000000002,1.235015994775235,Bajo,236,5419163,337,382
16,PASTAZA,1603,Santa Clara,2022,12.203490000000002,1.0939787551814102,Bajo,235,4908588,370,380
16,PASTAZA,1603,Santa Clara,2023,12.65971,1.2578675530709313,Bajo,238,4696493,360,421
16,PASTAZA,1603,Santa Clara,2024,16.32616,1.8277348465686158,Bajo,231,4632223,330,392
16,PASTAZA,1604,Arajuno,2015,19.190653997963498,2.725793236162764,Bajo,326,1452819,640,723
16,PASTAZA,1604,Arajuno,2016,18.129855911645304,2.903026916744724,Bajo,325,1547535,659,776
16,PASTAZA,1604,Arajuno,2017,22.025581949050277,2.782704283514143,Bajo,323,1518783,672,746
16,PASTAZA,1604,Arajuno,2018,16.22598,1.8525591287458252,Bajo,329,1410745,648,754
16,PASTAZA,1604,Arajuno,2019,19.45987,2.4872481666775177,Bajo,333,1360688,661,770
16,PASTAZA,1604,Arajuno,2020,21.424409999999998,3.513831312951796,Bajo,304,1145377,646,716
16,PASTAZA,1604,Arajuno,2021,22.160619999999998,2.4901934520532056,Bajo,322,1351106,615,703
16,PASTAZA,1604,Arajuno,2022,23.55207,2.1113193209930468,Bajo,341,1696515,682,738
16,PASTAZA,1604,Arajuno,2023,28.423549999999995,2.824161160728742,Bajo,275,447116,575,661
16,PASTAZA,1604,Arajuno,2024,28.567190000000004,3.198134076325756,Bajo,278,574728,610,717
17,PICHINCHA,1701,Quito,2015,24144.22416627065,91.58871409897404,Alto,280651,82565798675,870086,882364
17,PICHINCHA,1701,Quito,2016,24321.763738501166,91.3691390612652,Alto,277662,73943761985,855963,884930
17,PICHINCHA,1701,Quito,2017,25724.906422809698,91.94669606435201,Alto,292307,85291875676,878351,884825
17,PICHINCHA,1701,Quito,2018,25615.001650000002,90.6157538252421,Alto,289751,86521026689,875178,884984
17,PICHINCHA,1701,Quito,2019,25282.105580000003,90.11852728314615,Alto,303967,94214865429,857195,908625
17,PICHINCHA,1701,Quito,2020,21918.040450000004,89.78534626186189,Alto,267188,62457608678,836110,818269
17,PICHINCHA,1701,Quito,2021,24460.635370000004,89.92376485874367,Alto,284093,79020059393,878649,890826
17,PICHINCHA,1701,Quito,2022,25183.672450000002,89.87804714788945,Alto,291802,85868410768,907269,899007
17,PICHINCHA,1701,Quito,2023,27140.555869999997,90.33055851761775,Alto,284366,70399599507,830754,872585
17,PICHINCHA,1701,Quito,2024,26875.922139999995,90.3113371396668,Alto,276475,68673704145,821344,875999
17,PICHINCHA,1702,Cayambe,2015,400.3200347987811,1.5185742545621914,Alto,7134,685869759,21681,23453
17,PICHINCHA,1702,Cayambe,2016,380.6965890524104,1.430156133381739,Alto,7255,743274416,21912,22246
17,PICHINCHA,1702,Cayambe,2017,340.3788398915007,1.216591781670796,Alto,7364,784296531,22161,24057
17,PICHINCHA,1702,Cayambe,2018,484.11151000000007,1.7125952210948319,Alto,7647,904083325,23965,23185
17,PICHINCHA,1702,Cayambe,2019,533.0558,1.9000871388552794,Alto,7678,900172745,23867,24574
17,PICHINCHA,1702,Cayambe,2020,481.56495,1.9726889309270437,Alto,7228,714879050,23516,23141
17,PICHINCHA,1702,Cayambe,2021,525.80187,1.9329867358293278,Alto,6426,390631494,20976,23546
17,PICHINCHA,1702,Cayambe,2022,541.63421,1.933039160985826,Alto,7713,960425382,24023,24057
17,PICHINCHA,1702,Cayambe,2023,609.78747,2.0295252243905155,Alto,7377,742398343,22457,22858
17,PICHINCHA,1702,Cayambe,2024,624.3387100000001,2.097969455129352,Alto,8915,1582931006,26143,26593
17,PICHINCHA,1703,Mejía,2015,396.130622598583,1.5026821358672895,Alto,7355,647065873,14781,15152
17,PICHINCHA,1703,Mejía,2016,364.94580245919724,1.3709854323572297,Alto,7404,615544919,14919,15635
17,PICHINCHA,1703,Mejía,2017,373.3235555930607,1.334343726488443,Alto,7133,640069391,14729,15204
17,PICHINCHA,1703,Mejía,2018,593.65548,2.1001184996092293,Alto,7765,748074263,14229,15920
17,PICHINCHA,1703,Mejía,2019,604.66609,2.155343325991217,Alto,7991,926735405,15575,15472
17,PICHINCHA,1703,Mejía,2020,534.47014,2.1894104400435026,Alto,7507,847435926,14843,15806
17,PICHINCHA,1703,Mejía,2021,601.68258,2.211944294377592,Alto,7364,687914286,14297,15652
17,PICHINCHA,1703,Mejía,2022,632.9484599999998,2.2589307275581247,Alto,7359,840137092,15192,15466
17,PICHINCHA,1703,Mejía,2023,611.0998500000001,2.033893153292016,Alto,8657,1169283398,16466,16007
17,PICHINCHA,1703,Mejía,2024,610.4449299999999,2.051282095224521,Alto,7461,763963053,15108,15780
17,PICHINCHA,1704,Pedro Moncayo,2015,256.00781139360345,0.9711401817412192,Alto,2765,474502617,16479,16887
17,PICHINCHA,1704,Pedro Moncayo,2016,274.1436609854081,1.0298706357256844,Alto,2809,525081284,17415,17002
17,PICHINCHA,1704,Pedro Moncayo,2017,276.778313829749,0.9892689629511283,Alto,2874,547093231,16855,17519
17,PICHINCHA,1704,Pedro Moncayo,2018,303.93782,1.0752119032286198,Alto,2716,419734347,16590,17502
17,PICHINCHA,1704,Pedro Moncayo,2019,304.72447000000005,1.086195941103148,Alto,2918,482352554,17426,17452
17,PICHINCHA,1704,Pedro Moncayo,2020,278.16245000000004,1.1394682817230517,Alto,2778,432680501,16745,16699
17,PICHINCHA,1704,Pedro Moncayo,2021,313.10146,1.1510437746233135,Alto,2927,509260222,17239,16964
17,PICHINCHA,1704,Pedro Moncayo,2022,319.9852,1.14199566998525,Alto,3205,842697153,19338,18036
17,PICHINCHA,1704,Pedro Moncayo,2023,338.49296999999996,1.1265892703467029,Alto,3338,892519542,17854,18385
17,PICHINCHA,1704,Pedro Moncayo,2024,345.19938,1.1599757368393673,Alto,3028,649790219,16977,17825
17,PICHINCHA,1705,Rumiñahui,2015,990.5379451875963,3.757507221653047,Alto,14136,4983551445,44969,48702
17,PICHINCHA,1705,Rumiñahui,2016,1111.1742236283467,4.174328525331215,Alto,13678,4916842163,47918,50431
17,PICHINCHA,1705,Rumiñahui,2017,1097.2512253153136,3.921826702189645,Alto,13684,4610118803,48496,48979
17,PICHINCHA,1705,Rumiñahui,2018,1087.1878399999998,3.846040965265238,Alto,13128,4262891061,46853,49485
17,PICHINCHA,1705,Rumiñahui,2019,1159.0157800000002,4.131332924823856,Alto,14609,5182962247,49857,49576
17,PICHINCHA,1705,Rumiñahui,2020,1043.3267100000003,4.273897118462484,Alto,14475,6453510114,50135,49272
17,PICHINCHA,1705,Rumiñahui,2021,1154.1738300000002,4.2430482497738815,Alto,14094,5547177119,46895,49457
17,PICHINCHA,1705,Rumiñahui,2022,1188.27263,4.240828007739061,Alto,14618,6543235823,50854,50282
17,PICHINCHA,1705,Rumiñahui,2023,1210.4916899999998,4.0288191208161495,Alto,14603,6159774528,46903,49695
17,PICHINCHA,1705,Rumiñahui,2024,1159.32229,3.8956782818585958,Alto,12842,2474722113,43979,47859
17,PICHINCHA,1707,San Miguel De Los Bancos,2015,64.64316268393739,0.2452174112011283,Medio,1027,79454084,1173,1141
17,PICHINCHA,1707,San Miguel De Los Bancos,2016,57.00070274664405,0.21413353043979994,Medio,1044,78121197,1129,1244
17,PICHINCHA,1707,San Miguel De Los Bancos,2017,55.85782296354921,0.19964862792627758,Medio,1058,83709400,1162,1225
17,PICHINCHA,1707,San Miguel De Los Bancos,2018,31.328879999999998,0.11082919753395958,Medio,1033,82416819,1238,1231
17,PICHINCHA,1707,San Miguel De Los Bancos,2019,34.11803999999999,0.12161437696944664,Medio,1095,94465313,1285,1311
17,PICHINCHA,1707,San Miguel De Los Bancos,2020,29.52474,0.12094552933409901,Medio,1146,113861717,1233,1202
17,PICHINCHA,1707,San Miguel De Los Bancos,2021,33.11631,0.12174431401244755,Medio,1103,86171792,1211,1265
17,PICHINCHA,1707,San Miguel De Los Bancos,2022,35.60666,0.12707666336642134,Medio,1093,87564640,1180,1183
17,PICHINCHA,1707,San Miguel De Los Bancos,2023,38.50509,0.12815457067759528,Medio,1135,110121862,1308,1301
17,PICHINCHA,1707,San Miguel De Los Bancos,2024,37.06194000000001,0.12453947964853361,Medio,1077,94767466,1233,1217
17,PICHINCHA,1708,Pedro Vicente Maldonado,2015,37.756454093483335,0.14322535508057374,Medio,1155,67382807,1620,1535
17,PICHINCHA,1708,Pedro Vicente Maldonado,2016,40.5337150493576,0.15227228941262153,Medio,1149,66640857,1628,1603
17,PICHINCHA,1708,Pedro Vicente Maldonado,2017,43.47399332526402,0.1553859899539775,Medio,1195,83064722,1593,1619
17,PICHINCHA,1708,Pedro Vicente Maldonado,2018,100.9223,0.3570232169896124,Medio,1213,80151698,1598,1679
17,PICHINCHA,1708,Pedro Vicente Maldonado,2019,84.24226999999999,0.3002831106517815,Medio,1018,43919572,1473,1555
17,PICHINCHA,1708,Pedro Vicente Maldonado,2020,77.20667999999999,0.3162704491463225,Medio,1171,69899787,1609,1648
17,PICHINCHA,1708,Pedro Vicente Maldonado,2021,64.41401,0.23680293668711694,Medio,1287,97394020,1682,1587
17,PICHINCHA,1708,Pedro Vicente Maldonado,2022,66.19619,0.23624768379762848,Medio,1117,65423905,1516,1613
17,PICHINCHA,1708,Pedro Vicente Maldonado,2023,44.73815999999999,0.14889978669587747,Medio,1164,76166712,1574,1587
17,PICHINCHA,1708,Pedro Vicente Maldonado,2024,47.87722,0.16088213584659533,Medio,993,25275106,1394,1509
17,PICHINCHA,1709,Puerto Quito,2015,71.95109895153271,0.2729393409205083,Medio,1067,41322282,1003,993
17,PICHINCHA,1709,Puerto Quito,2016,68.9742629767769,0.259114392086508,Medio,1068,40368701,1026,1037
17,PICHINCHA,1709,Puerto Quito,2017,66.09486169766195,0.23623814446772037,Medio,1057,40126935,1015,1028
17,PICHINCHA,1709,Puerto Quito,2018,51.56798999999999,0.18242717103641276,Medio,1047,39381708,1001,1017
17,PICHINCHA,1709,Puerto Quito,2019,52.35375,0.18661589845911924,Medio,1034,35105053,931,1021
17,PICHINCHA,1709,Puerto Quito,2020,49.30484,0.20197298850161113,Medio,1090,38534341,956,988
17,PICHINCHA,1709,Puerto Quito,2021,48.59956,0.1786648359526404,Medio,1074,42538003,1009,1006
17,PICHINCHA,1709,Puerto Quito,2022,51.51023,0.18383493867823988,Medio,1051,44734076,1000,1062
17,PICHINCHA,1709,Puerto Quito,2023,52.147630000000014,0.17356035616340823,Medio,978,32084011,964,950
17,PICHINCHA,1709,Puerto Quito,2024,59.02309,0.19833567578622616,Medio,987,22134626,837,937
18,TUNGURAHUA,1801,Ambato,2015,1934.3434143476336,79.73864485963655,Alto,39134,3675446082,66598,66575
18,TUNGURAHUA,1801,Ambato,2016,1845.0557516633958,79.10592627368884,Alto,39827,3174865057,67008,70274
18,TUNGURAHUA,1801,Ambato,2017,1995.009707661539,78.51681902056735,Alto,37949,3600340821,67182,66892
18,TUNGURAHUA,1801,Ambato,2018,1926.3776200000002,76.29509396806054,Alto,42363,4724123119,67775,69693
18,TUNGURAHUA,1801,Ambato,2019,1963.2182200000002,75.48711151817584,Alto,40446,4462011778,65468,66749
18,TUNGURAHUA,1801,Ambato,2020,1605.6169399999997,74.62518969010897,Alto,40270,4196904665,65068,69932
18,TUNGURAHUA,1801,Ambato,2021,1830.58638,76.05520432422549,Alto,40850,4173368363,67950,72042
18,TUNGURAHUA,1801,Ambato,2022,1999.86311,77.25726757965845,Alto,37411,2249718968,62261,64185
18,TUNGURAHUA,1801,Ambato,2023,2105.32416,77.51795803494772,Alto,43195,5546694801,69701,71529
18,TUNGURAHUA,1801,Ambato,2024,2003.7255799999998,78.3434376062561,Alto,38521,2964887785,68199,64302
18,TUNGURAHUA,1802,Baños,2015,116.0245625355033,4.782832933589173,Alto,3178,154194844,3306,3582
18,TUNGURAHUA,1802,Baños,2016,117.66835834973374,5.0449773520221495,Alto,3021,148393292,3725,3530
18,TUNGURAHUA,1802,Baños,2017,132.40781002781057,5.211122540876892,Alto,3073,138393602,3284,3405
18,TUNGURAHUA,1802,Baños,2018,145.20823,5.7510404179144,Alto,3158,167826028,3709,3569
18,TUNGURAHUA,1802,Baños,2019,151.99067,5.844147399983004,Alto,3386,209492716,3744,3624
18,TUNGURAHUA,1802,Baños,2020,144.05613999999997,6.6953807634371945,Alto,2823,102961231,3204,3395
18,TUNGURAHUA,1802,Baños,2021,156.66096000000002,6.50877852725492,Alto,3366,223969091,3753,3744
18,TUNGURAHUA,1802,Baños,2022,160.83241,6.2131615272664025,Alto,2644,43666611,3060,3389
18,TUNGURAHUA,1802,Baños,2023,164.7298,6.065345169223409,Alto,3028,128100389,3427,3728
18,TUNGURAHUA,1802,Baños,2024,125.38320999999999,4.902343807731949,Alto,2863,109834774,3317,3350
18,TUNGURAHUA,1803,Cevallos,2015,24.427699102057485,1.0069730167814797,Medio,961,41001819,819,912
18,TUNGURAHUA,1803,Cevallos,2016,23.650654249352293,1.0140110452960927,Medio,973,43349714,879,919
18,TUNGURAHUA,1803,Cevallos,2017,29.14180166130511,1.1469225228262152,Medio,970,51366524,892,903
18,TUNGURAHUA,1803,Cevallos,2018,26.374920000000003,1.0445911429349348,Medio,907,31135502,830,841
18,TUNGURAHUA,1803,Cevallos,2019,27.907940000000004,1.073079781738456,Medio,935,39737429,821,846
18,TUNGURAHUA,1803,Cevallos,2020,24.63242,1.1448552697920802,Medio,965,49687160,895,919
18,TUNGURAHUA,1803,Cevallos,2021,26.2425,1.0902947390433917,Medio,1041,60480688,958,947
18,TUNGURAHUA,1803,Cevallos,2022,26.484969999999997,1.0231482364456568,Medio,985,42483594,875,893
18,TUNGURAHUA,1803,Cevallos,2023,28.761159999999997,1.0589848519652274,Medio,906,34184262,848,867
18,TUNGURAHUA,1803,Cevallos,2024,28.73647,1.1235639585282187,Medio,971,45713162,894,886
18,TUNGURAHUA,1804,Mocha,2015,11.190515062551873,0.4613020106722752,Bajo,485,14016729,453,429
18,TUNGURAHUA,1804,Mocha,2016,12.113703212960127,0.5193695162879789,Bajo,491,15963044,448,465
18,TUNGURAHUA,1804,Mocha,2017,12.131014542236633,0.4774356083034448,Bajo,512,17430676,465,482
18,TUNGURAHUA,1804,Mocha,2018,14.50221,0.5743668651500152,Bajo,462,13308513,453,456
18,TUNGURAHUA,1804,Mocha,2019,16.338530000000002,0.6282278880607891,Bajo,459,11060256,440,437
18,TUNGURAHUA,1804,Mocha,2020,14.956839999999998,0.6951577268265552,Bajo,446,13352810,435,453
18,TUNGURAHUA,1804,Mocha,2021,14.13256,0.5871641732767486,Bajo,482,15592144,445,454
18,TUNGURAHUA,1804,Mocha,2022,14.526140000000002,0.5611633512653673,Bajo,499,20009254,483,482
18,TUNGURAHUA,1804,Mocha,2023,14.285509999999999,0.5259919520839138,Bajo,506,16254291,458,466
18,TUNGURAHUA,1804,Mocha,2024,13.742230000000001,0.5373058812653482,Bajo,534,21727728,477,490
18,TUNGURAHUA,1805,Patate,2015,26.92707993769252,1.110003967409705,Medio,911,39601707,895,948
18,TUNGURAHUA,1805,Patate,2016,28.419781578099148,1.2184852106526474,Medio,917,46841269,905,979
18,TUNGURAHUA,1805,Patate,2017,34.42089606177003,1.3546897823247417,Medio,909,45787320,894,900
18,TUNGURAHUA,1805,Patate,2018,41.12609,1.628818186274877,Medio,937,40662203,893,917
18,TUNGURAHUA,1805,Patate,2019,37.86121,1.455789963829428,Medio,949,49598380,922,968
18,TUNGURAHUA,1805,Patate,2020,34.98689999999999,1.6261064417823552,Medio,920,46248201,861,997
18,TUNGURAHUA,1805,Patate,2021,35.65625,1.4814069463281292,Medio,973,58704561,934,1009
18,TUNGURAHUA,1805,Patate,2022,37.625659999999996,1.4535273279185852,Medio,855,27427322,875,894
18,TUNGURAHUA,1805,Patate,2023,33.508129999999994,1.2337681125407178,Medio,814,17554936,829,920
18,TUNGURAHUA,1805,Patate,2024,27.93776,1.0923352874591528,Medio,793,15899517,809,895
18,TUNGURAHUA,1806,Quero,2015,24.543246705512573,1.0117361882266054,Medio,964,21087177,856,887
18,TUNGURAHUA,1806,Quero,2016,26.701374386635443,1.144809283801357,Medio,968,21463601,875,860
18,TUNGURAHUA,1806,Quero,2017,28.602219179754115,1.125686385534298,Medio,971,23364194,867,887
18,TUNGURAHUA,1806,Quero,2018,34.028690000000005,1.3477223127000417,Medio,960,16970160,817,853
18,TUNGURAHUA,1806,Quero,2019,40.110060000000004,1.542259816751662,Medio,1018,23282405,858,825
18,TUNGURAHUA,1806,Quero,2020,43.39941,2.017099547846582,Medio,982,25848638,867,903
18,TUNGURAHUA,1806,Quero,2021,40.488980000000005,1.6821919361049105,Medio,1005,26659677,895,853
18,TUNGURAHUA,1806,Quero,2022,39.085390000000004,1.509918563218713,Medio,1067,35984734,914,925
18,TUNGURAHUA,1806,Quero,2023,36.86987000000001,1.3575472555323638,Medio,1002,26603155,892,864
18,TUNGURAHUA,1806,Quero,2024,38.456990000000005,1.5036254598244017,Medio,911,14630731,806,878
18,TUNGURAHUA,1807,San Pedro De Pelileo,2015,184.7333906320105,7.615188761241906,Alto,4824,391236528,5693,6128
18,TUNGURAHUA,1807,San Pedro De Pelileo,2016,169.6714338553228,7.274585564804598,Alto,4753,428900975,5864,5991
18,TUNGURAHUA,1807,San Pedro De Pelileo,2017,180.03930703000236,7.085736792345123,Alto,4416,329600902,5654,5727
18,TUNGURAHUA,1807,San Pedro De Pelileo,2018,203.99062,8.079144691009715,Alto,4740,355839086,5713,5654
18,TUNGURAHUA,1807,San Pedro De Pelileo,2019,227.16929000000005,8.734817837894164,Alto,5155,517216023,6508,5812
18,TUNGURAHUA,1807,San Pedro De Pelileo,2020,167.89875999999998,7.80352804058861,Alto,4489,355735415,5812,5719
18,TUNGURAHUA,1807,San Pedro De Pelileo,2021,187.58392,7.793531908359968,Alto,5156,498943551,6088,6160
18,TUNGURAHUA,1807,San Pedro De Pelileo,2022,195.01815000000002,7.53380034968492,Alto,4602,398388003,5625,5740
18,TUNGURAHUA,1807,San Pedro De Pelileo,2023,202.30794000000003,7.448970900071143,Alto,4920,516055052,6030,6221
18,TUNGURAHUA,1807,San Pedro De Pelileo,2024,195.17104999999995,7.630970593399565,Alto,4879,450162406,5872,5520
18,TUNGURAHUA,1808,Santiago De Píllaro,2015,84.40092939717357,3.479224880704139,Medio,2303,115702495,2554,2546
18,TUNGURAHUA,1808,Santiago De Píllaro,2016,87.93460578833256,3.7701562330170595,Medio,2287,130261666,2574,2585
18,TUNGURAHUA,1808,Santiago De Píllaro,2017,104.3229008220467,4.105795722240611,Medio,2266,116722373,2682,2618
18,TUNGURAHUA,1808,Santiago De Píllaro,2018,84.31772,3.3394430581957324,Medio,2289,123983124,2767,2570
18,TUNGURAHUA,1808,Santiago De Píllaro,2019,92.98888000000001,3.5754873722139107,Medio,2276,110359880,2362,2612
18,TUNGURAHUA,1808,Santiago De Píllaro,2020,74.55196000000001,3.4649946809663192,Medio,2174,104274008,2445,2525
18,TUNGURAHUA,1808,Santiago De Píllaro,2021,72.34204000000001,3.0055880965482182,Medio,2492,166981211,2808,2813
18,TUNGURAHUA,1808,Santiago De Píllaro,2022,71.53091,2.763330463196787,Medio,2129,69574102,2254,2535
18,TUNGURAHUA,1808,Santiago De Píllaro,2023,82.82236999999999,3.0495166131637004,Medio,2520,177108008,2856,2719
18,TUNGURAHUA,1808,Santiago De Píllaro,2024,79.29027,3.1001612109619328,Medio,2244,109756352,2607,2548
18,TUNGURAHUA,1809,Tisaleo,2015,19.26354913663449,0.7940933817381625,Medio,795,32298966,635,663
18,TUNGURAHUA,1809,Tisaleo,2016,21.17059237813579,0.9076795204292869,Medio,747,35768273,624,662
18,TUNGURAHUA,1809,Tisaleo,2017,24.79358930705799,0.9757916249813123,Medio,794,32885082,611,641
18,TUNGURAHUA,1809,Tisaleo,2018,48.977560000000004,1.939779357759733,Medio,810,33992265,674,642
18,TUNGURAHUA,1809,Tisaleo,2019,43.1482,1.6590784213527494,Medio,791,37164949,674,633
18,TUNGURAHUA,1809,Tisaleo,2020,41.475649999999995,1.9276878386513336,Medio,768,33597679,619,682
18,TUNGURAHUA,1809,Tisaleo,2021,43.22438,1.795839348858241,Medio,886,54596307,699,692
18,TUNGURAHUA,1809,Tisaleo,2022,43.609289999999994,1.6846826013451106,Medio,720,23115892,597,619
18,TUNGURAHUA,1809,Tisaleo,2023,47.309039999999996,1.7419171104717968,Medio,701,15765941,594,609
18,TUNGURAHUA,1809,Tisaleo,2024,45.17408,1.7662561945733217,Medio,791,33492589,653,654
19,ZAMORA CHINCHIPE,1901,Zamora,2015,137.58187381812226,46.00573419738563,Medio,3236,118785539,5803,5742
19,ZAMORA CHINCHIPE,1901,Zamora,2016,145.66426968400546,46.74789726530244,Medio,3286,116845367,5839,5742
19,ZAMORA CHINCHIPE,1901,Zamora,2017,124.72173019761938,41.95430332893374,Medio,3233,119716426,5617,5590
19,ZAMORA CHINCHIPE,1901,Zamora,2018,101.41408,32.25798530347019,Medio,3346,144947426,5606,5859
19,ZAMORA CHINCHIPE,1901,Zamora,2019,96.87913999999999,27.923432507458585,Medio,3292,125422908,5382,5844
19,ZAMORA CHINCHIPE,1901,Zamora,2020,99.21357,14.663269706944831,Medio,3428,182433498,5990,5936
19,ZAMORA CHINCHIPE,1901,Zamora,2021,109.64466000000002,10.34188679365588,Medio,3105,123547902,5422,5538
19,ZAMORA CHINCHIPE,1901,Zamora,2022,125.48642999999998,9.557965017309822,Medio,3383,166004920,5953,5997
19,ZAMORA CHINCHIPE,1901,Zamora,2023,120.29538999999998,7.344115017229081,Medio,3399,174172022,5807,5832
19,ZAMORA CHINCHIPE,1901,Zamora,2024,113.90164,6.764632617646892,Medio,3086,100250911,5602,5316
19,ZAMORA CHINCHIPE,1902,Chinchipe,2015,18.752925881519754,6.270754275879263,Bajo,620,6292871,1065,1138
19,ZAMORA CHINCHIPE,1902,Chinchipe,2016,19.908281869416385,6.389146202971364,Bajo,631,6291834,1018,1081
19,ZAMORA CHINCHIPE,1902,Chinchipe,2017,21.764816262520302,7.321320045267589,Bajo,615,5325229,1044,1128
19,ZAMORA CHINCHIPE,1902,Chinchipe,2018,20.70799,6.586837223040505,Bajo,624,6093770,1092,1105
19,ZAMORA CHINCHIPE,1902,Chinchipe,2019,21.520970000000002,6.202979849842196,Bajo,619,6237099,1068,1096
19,ZAMORA CHINCHIPE,1902,Chinchipe,2020,19.354110000000002,2.8604407125746816,Bajo,618,5846625,1054,1135
19,ZAMORA CHINCHIPE,1902,Chinchipe,2021,19.818669999999997,1.8693335502232753,Bajo,596,4892266,983,1136
19,ZAMORA CHINCHIPE,1902,Chinchipe,2022,20.733430000000002,1.5792097888898584,Bajo,631,6510271,1108,1143
19,ZAMORA CHINCHIPE,1902,Chinchipe,2023,23.71319,1.4477063068286034,Bajo,580,4654294,1044,1120
19,ZAMORA CHINCHIPE,1902,Chinchipe,2024,26.75201,1.588805213284162,Bajo,671,8651014,1118,1211
19,ZAMORA CHINCHIPE,1903,Nangaritza,2015,11.008428441336033,3.6810868957385585,Bajo,397,1794103,595,591
19,ZAMORA CHINCHIPE,1903,Nangaritza,2016,10.873848236930963,3.489733902221016,Bajo,407,1986238,594,594
19,ZAMORA CHINCHIPE,1903,Nangaritza,2017,11.470373346903177,3.858441683975919,Bajo,381,1721578,586,596
19,ZAMORA CHINCHIPE,1903,Nangaritza,2018,12.457600000000001,3.9625373292989527,Bajo,404,1930051,603,568
19,ZAMORA CHINCHIPE,1903,Nangaritza,2019,12.29647,3.5442062153420153,Bajo,342,425255,523,552
19,ZAMORA CHINCHIPE,1903,Nangaritza,2020,16.727349999999998,2.472218714964733,Bajo,438,2853870,648,636
19,ZAMORA CHINCHIPE,1903,Nangaritza,2021,15.11752,1.425912401395824,Bajo,403,1758062,594,571
19,ZAMORA CHINCHIPE,1903,Nangaritza,2022,15.92318,1.2128259398592138,Bajo,414,2455807,581,601
19,ZAMORA CHINCHIPE,1903,Nangaritza,2023,17.60679,1.0749064518947802,Bajo,437,2840493,616,618
19,ZAMORA CHINCHIPE,1903,Nangaritza,2024,21.37019,1.2691782516855021,Bajo,454,3335272,653,623
19,ZAMORA CHINCHIPE,1904,Yacuambí,2015,11.819478086488667,3.952292203242236,Bajo,332,892265,360,354
19,ZAMORA CHINCHIPE,1904,Yacuambí,2016,11.836907926687477,3.798807743972031,Bajo,327,802634,346,342
19,ZAMORA CHINCHIPE,1904,Yacuambí,2017,13.147766262566027,4.422688596474789,Bajo,323,802387,383,344
19,ZAMORA CHINCHIPE,1904,Yacuambí,2018,10.004040000000002,3.1821042531306105,Bajo,335,872769,364,360
19,ZAMORA CHINCHIPE,1904,Yacuambí,2019,12.44936,3.588273633736371,Bajo,340,879010,374,348
19,ZAMORA CHINCHIPE,1904,Yacuambí,2020,11.381920000000001,1.682190881175524,Bajo,299,549169,362,329
19,ZAMORA CHINCHIPE,1904,Yacuambí,2021,10.53093,0.9932967633071643,Bajo,311,633301,357,362
19,ZAMORA CHINCHIPE,1904,Yacuambí,2022,12.370470000000001,0.942225541898679,Bajo,369,1254093,389,350
19,ZAMORA CHINCHIPE,1904,Yacuambí,2023,11.9135,0.7273272421973832,Bajo,319,551938,342,331
19,ZAMORA CHINCHIPE,1904,Yacuambí,2024,15.739419999999999,0.9347661185110578,Bajo,335,868179,366,355
19,ZAMORA CHINCHIPE,1905,Yantzaza,2015,62.32126304512592,20.83948548549101,Alto,2544,1110213122,5271,5416
19,ZAMORA CHINCHIPE,1905,Yantzaza,2016,62.35306735957815,20.01091134720533,Alto,2533,1105925172,5504,5877
19,ZAMORA CHINCHIPE,1905,Yantzaza,2017,64.69750505142409,21.763158250385455,Alto,2627,1209758070,5283,5585
19,ZAMORA CHINCHIPE,1905,Yantzaza,2018,91.84112999999999,29.213002985326053,Alto,2596,1139217040,5481,5490
19,ZAMORA CHINCHIPE,1905,Yantzaza,2019,110.62031999999999,31.88404685955585,Alto,2536,1154636854,5673,5614
19,ZAMORA CHINCHIPE,1905,Yantzaza,2020,429.6365399999999,63.49813298703585,Alto,2697,1102044123,5272,5846
19,ZAMORA CHINCHIPE,1905,Yantzaza,2021,299.1456299999999,28.215968203803698,Alto,2607,1152599245,5555,5674
19,ZAMORA CHINCHIPE,1905,Yantzaza,2022,410.24271000000005,31.24708759972197,Alto,2420,794445332,5220,5191
19,ZAMORA CHINCHIPE,1905,Yantzaza,2023,557.6709000000001,34.04618607048581,Alto,2936,1763115408,5872,5852
19,ZAMORA CHINCHIPE,1905,Yantzaza,2024,618.1619300000002,36.712714186253656,Alto,2442,876123875,5497,5573
19,ZAMORA CHINCHIPE,1906,El Pangui,2015,21.81428304951187,7.294435522873263,Alto,1523,1201166653,4709,4919
19,ZAMORA CHINCHIPE,1906,El Pangui,2016,23.969150903683133,7.692397088267875,Alto,1518,1365392229,4834,4962
19,ZAMORA CHINCHIPE,1906,El Pangui,2017,23.09756780321196,7.7696353653941275,Alto,1559,1305245688,4871,4903
19,ZAMORA CHINCHIPE,1906,El Pangui,2018,39.22176,12.475732735101824,Alto,1583,1369629055,4761,4843
19,ZAMORA CHINCHIPE,1906,El Pangui,2019,47.634020000000014,13.729532926581852,Alto,1480,1002693865,4774,4726
19,ZAMORA CHINCHIPE,1906,El Pangui,2020,48.23365,7.128692364364869,Alto,1477,1218868851,4790,4844
19,ZAMORA CHINCHIPE,1906,El Pangui,2021,553.97573,52.2520137879298,Alto,1458,1197413413,4547,4744
19,ZAMORA CHINCHIPE,1906,El Pangui,2022,673.6937999999999,51.313450966598694,Alto,1576,1560058535,4666,4593
19,ZAMORA CHINCHIPE,1906,El Pangui,2023,850.6353399999998,51.93186351263971,Alto,1546,1315663542,4926,4720
19,ZAMORA CHINCHIPE,1906,El Pangui,2024,819.59857,48.676061380668,Alto,1253,441908620,4247,4669
19,ZAMORA CHINCHIPE,1907,Centinela Del Cóndor,2015,13.908896584451824,4.650968775793264,Bajo,596,5504646,737,788
19,ZAMORA CHINCHIPE,1907,Centinela Del Cóndor,2016,14.9855233797918,4.80928994423275,Bajo,605,5778954,780,797
19,ZAMORA CHINCHIPE,1907,Centinela Del Cóndor,2017,17.054735624141173,5.736927722508843,Bajo,576,5572916,746,815
19,ZAMORA CHINCHIPE,1907,Centinela Del Cóndor,2018,12.86276,4.091411400094191,Bajo,604,6536731,775,776
19,ZAMORA CHINCHIPE,1907,Centinela Del Cóndor,2019,15.84641,4.567403881996856,Bajo,590,5413843,761,810
19,ZAMORA CHINCHIPE,1907,Centinela Del Cóndor,2020,18.512010000000004,2.7359825419815036,Bajo,609,5297268,731,738
19,ZAMORA CHINCHIPE,1907,Centinela Del Cóndor,2021,18.952009999999998,1.7875885787071994,Bajo,586,5833312,762,753
19,ZAMORA CHINCHIPE,1907,Centinela Del Cóndor,2022,19.69846,1.5003788981396382,Bajo,589,5264062,736,765
19,ZAMORA CHINCHIPE,1907,Centinela Del Cóndor,2023,18.477799999999995,1.1280822021970707,Bajo,683,10177081,808,868
19,ZAMORA CHINCHIPE,1907,Centinela Del Cóndor,2024,21.694969999999998,1.2884669764269485,Bajo,661,9967795,857,858
19,ZAMORA CHINCHIPE,1908,Palanda,2015,13.53026793921785,4.524359882275956,Bajo,542,4210273,634,728
19,ZAMORA CHINCHIPE,1908,Palanda,2016,13.571292812647549,4.355422256530546,Bajo,554,4089768,614,718
19,ZAMORA CHINCHIPE,1908,Palanda,2017,13.805269516925613,4.643861690605659,Bajo,569,4628087,635,729
19,ZAMORA CHINCHIPE,1908,Palanda,2018,15.07153,4.7939812030125415,Bajo,541,4726791,624,745
19,ZAMORA CHINCHIPE,1908,Palanda,2019,17.243959999999998,4.970219112404544,Bajo,595,6323318,670,746
19,ZAMORA CHINCHIPE,1908,Palanda,2020,17.60132,2.6013871122492844,Bajo,599,6321808,644,734
19,ZAMORA CHINCHIPE,1908,Palanda,2021,18.19984,1.7166425154006588,Bajo,596,6042207,656,687
19,ZAMORA CHINCHIPE,1908,Palanda,2022,19.686269999999997,1.4994504185139046,Bajo,539,4127369,640,742
19,ZAMORA CHINCHIPE,1908,Palanda,2023,20.173399999999997,1.2315997303684634,Bajo,566,5192478,654,700
19,ZAMORA CHINCHIPE,1908,Palanda,2024,25.767799999999994,1.5303528585277748,Bajo,576,5401327,662,728
19,ZAMORA CHINCHIPE,1909,Paquisha,2015,8.316334210198814,2.780882761320814,Bajo,380,5592038,658,670
19,ZAMORA CHINCHIPE,1909,Paquisha,2016,8.432998377734346,2.7063942492966406,Bajo,377,5540711,695,665
19,ZAMORA CHINCHIPE,1909,Paquisha,2017,7.52018173611264,2.529663316453891,Bajo,381,6354723,722,668
19,ZAMORA CHINCHIPE,1909,Paquisha,2018,10.803529999999999,3.4364075675251335,Bajo,377,6213283,690,689
19,ZAMORA CHINCHIPE,1909,Paquisha,2019,12.455020000000001,3.5899050130817316,Bajo,366,6024632,689,711
19,ZAMORA CHINCHIPE,1909,Paquisha,2020,15.952399999999997,2.3576849787087255,Bajo,372,5603819,690,672
19,ZAMORA CHINCHIPE,1909,Paquisha,2021,14.81478,1.3973574055764981,Bajo,416,9768684,781,752
19,ZAMORA CHINCHIPE,1909,Paquisha,2022,15.064280000000002,1.147405829068211,Bajo,383,6552242,717,738
19,ZAMORA CHINCHIPE,1909,Paquisha,2023,17.49716,1.0682134661590938,Bajo,366,4985082,659,689
19,ZAMORA CHINCHIPE,1909,Paquisha,2024,20.79508,1.2350223969960092,Bajo,448,11079702,764,743
20,GALÁPAGOS,2001,San Cristóbal,2015,75.43398730288405,29.67851424294911,Medio,1849,84742631,2783,2801
20,GALÁPAGOS,2001,San Cristóbal,2016,78.41494780337497,27.14077616399345,Medio,1860,93496973,2831,2987
20,GALÁPAGOS,2001,San Cristóbal,2017,74.69590368996715,23.252774586939335,Medio,1899,88712244,2835,2843
20,GALÁPAGOS,2001,San Cristóbal,2018,63.42846,18.68963639362173,Medio,1887,104187467,2810,2801
20,GALÁPAGOS,2001,San Cristóbal,2019,69.63901000000001,19.243015327207765,Medio,2038,152994038,2951,3018
20,GALÁPAGOS,2001,San Cristóbal,2020,61.38705,25.378112358134743,Medio,1884,88266115,2884,2796
20,GALÁPAGOS,2001,San Cristóbal,2021,54.22897,24.41247338571198,Medio,1883,111225910,2910,2847
20,GALÁPAGOS,2001,San Cristóbal,2022,57.58682999999999,23.173295329022167,Medio,1788,83514816,2916,2756
20,GALÁPAGOS,2001,San Cristóbal,2023,64.43814,23.07282382241147,Medio,1902,100169970,2808,2920
20,GALÁPAGOS,2001,San Cristóbal,2024,66.05967999999999,22.2706579726847,Medio,2050,158672889,2984,3038
20,GALÁPAGOS,2002,Isabela,2015,16.7062203822013,6.572843585321805,Bajo,638,15632468,740,785
20,GALÁPAGOS,2002,Isabela,2016,16.86963683022784,5.838874474865974,Bajo,645,16664352,793,818
20,GALÁPAGOS,2002,Isabela,2017,17.6934978405414,5.50797161044144,Bajo,633,14475606,757,717
20,GALÁPAGOS,2002,Isabela,2018,28.80039,8.486234997578363,Bajo,687,18253682,764,782
20,GALÁPAGOS,2002,Isabela,2019,32.94595999999999,9.103799914007588,Bajo,718,23452836,831,802
20,GALÁPAGOS,2002,Isabela,2020,22.04397,9.113230681053276,Bajo,655,17235238,813,814
20,GALÁPAGOS,2002,Isabela,2021,19.14835,8.620089681867423,Bajo,613,11694916,751,745
20,GALÁPAGOS,2002,Isabela,2022,23.19117,9.332269747016099,Bajo,784,33688285,912,924
20,GALÁPAGOS,2002,Isabela,2023,26.08847,9.341279436468323,Bajo,623,14068444,752,762
20,GALÁPAGOS,2002,Isabela,2024,26.740959999999994,9.01516286517347,Bajo,710,23773961,853,825
20,GALÁPAGOS,2003,Santa Cruz,2015,162.03015504055318,63.74864217172909,Alto,3524,289211218,5051,5167
20,GALÁPAGOS,2003,Santa Cruz,2016,193.6347422477148,67.02034936114057,Alto,3671,283564283,5104,5102
20,GALÁPAGOS,2003,Santa Cruz,2017,228.8449673431419,71.23925380261922,Alto,3543,294269663,5032,4875
20,GALÁPAGOS,2003,Santa Cruz,2018,247.14885999999998,72.82412860879991,Alto,3512,219697450,5158,5205
20,GALÁPAGOS,2003,Santa Cruz,2019,259.30742999999995,71.65318475878465,Alto,3735,350107207,5367,5543
20,GALÁPAGOS,2003,Santa Cruz,2020,158.45872,65.50865696081198,Alto,3694,377026182,5212,5212
20,GALÁPAGOS,2003,Santa Cruz,2021,148.759,66.9674369324206,Alto,3710,384481131,5183,5147
20,GALÁPAGOS,2003,Santa Cruz,2022,167.72714,67.49443492396173,Alto,3724,333687167,4959,5397
20,GALÁPAGOS,2003,Santa Cruz,2023,188.75494,67.5858967411202,Alto,4049,511075266,5752,5850
20,GALÁPAGOS,2003,Santa Cruz,2024,203.8214,68.71417916214185,Alto,3377,275996157,5123,5141
21,SUCUMBÍOS,2101,Lago Agrio,2015,1252.7031556180636,41.1932111529953,Alto,9284,421321687,12711,12741
21,SUCUMBÍOS,2101,Lago Agrio,2016,1087.2165923814089,41.86446760745106,Alto,9141,385568986,12748,12649
21,SUCUMBÍOS,2101,Lago Agrio,2017,1198.5561787776296,48.550486919820926,Alto,9346,440689766,13035,13070
21,SUCUMBÍOS,2101,Lago Agrio,2018,960.7986500000003,29.39222117988325,Alto,9244,457227920,13187,13068
21,SUCUMBÍOS,2101,Lago Agrio,2019,864.3688799999999,30.344540646646834,Alto,9043,453598691,13390,12441
21,SUCUMBÍOS,2101,Lago Agrio,2020,670.0499400000001,33.5105779083097,Alto,9566,518159421,13538,13485
21,SUCUMBÍOS,2101,Lago Agrio,2021,908.9781200000001,30.210680765687105,Alto,9498,523693907,13538,13053
21,SUCUMBÍOS,2101,Lago Agrio,2022,1061.7835000000005,27.6957744832997,Alto,9540,513256784,13269,12754
21,SUCUMBÍOS,2101,Lago Agrio,2023,989.9293200000002,29.155737380966407,Alto,8413,294147197,12475,12457
21,SUCUMBÍOS,2101,Lago Agrio,2024,1046.635,32.789910794750604,Alto,8779,466575130,13548,12966
21,SUCUMBÍOS,2102,Gonzalo Pizarro,2015,17.491924252209728,0.5751949501859183,Bajo,584,6004862,596,620
21,SUCUMBÍOS,2102,Gonzalo Pizarro,2016,17.565559789899872,0.6763811497948795,Bajo,590,5353200,607,626
21,SUCUMBÍOS,2102,Gonzalo Pizarro,2017,19.104991032965977,0.7738949860450406,Bajo,595,5605296,633,606
21,SUCUMBÍOS,2102,Gonzalo Pizarro,2018,26.85045,0.8213941237109316,Bajo,634,6111822,653,666
21,SUCUMBÍOS,2102,Gonzalo Pizarro,2019,29.790869999999998,1.0458385147021627,Bajo,618,6487003,620,627
21,SUCUMBÍOS,2102,Gonzalo Pizarro,2020,29.72094,1.4864054392396453,Bajo,570,4369598,602,621
21,SUCUMBÍOS,2102,Gonzalo Pizarro,2021,27.569760000000002,0.9163050240929997,Bajo,576,5390063,600,612
21,SUCUMBÍOS,2102,Gonzalo Pizarro,2022,29.769959999999998,0.7765256274342672,Bajo,600,6571897,615,602
21,SUCUMBÍOS,2102,Gonzalo Pizarro,2023,33.29108,0.9805002902719793,Bajo,569,5196947,594,626
21,SUCUMBÍOS,2102,Gonzalo Pizarro,2024,31.38423,0.9832330297209017,Bajo,591,5195566,617,604
21,SUCUMBÍOS,2103,Putumayo,2015,361.3782824233086,11.883367442006197,Bajo,427,8449699,620,649
21,SUCUMBÍOS,2103,Putumayo,2016,357.0788485728872,13.749712793328396,Bajo,458,8924109,644,647
21,SUCUMBÍOS,2103,Putumayo,2017,301.7109779896596,12.221550520387463,Bajo,438,9025505,617,621
21,SUCUMBÍOS,2103,Putumayo,2018,339.11789,10.374107029537683,Bajo,445,10069944,625,679
21,SUCUMBÍOS,2103,Putumayo,2019,375.02082,13.165483833509633,Bajo,432,8010466,619,633
21,SUCUMBÍOS,2103,Putumayo,2020,136.73512,6.838405047185104,Bajo,470,10917489,657,648
21,SUCUMBÍOS,2103,Putumayo,2021,223.35433999999998,7.423376333162713,Bajo,522,15130190,717,682
21,SUCUMBÍOS,2103,Putumayo,2022,299.42930000000007,7.810374117220968,Bajo,438,9119388,680,652
21,SUCUMBÍOS,2103,Putumayo,2023,259.28311,7.636494959539358,Bajo,377,1854582,550,596
21,SUCUMBÍOS,2103,Putumayo,2024,153.22921000000005,4.80050077347892,Bajo,418,7385410,612,587
21,SUCUMBÍOS,2104,Shushufindi,2015,1017.1988849451873,33.44901644433461,Alto,2916,154739304,4534,4311
21,SUCUMBÍOS,2104,Shushufindi,2016,735.9063384268361,28.336880878267777,Alto,2970,151065167,4739,4423
21,SUCUMBÍOS,2104,Shushufindi,2017,619.3200144477195,25.08709127952019,Alto,2954,144058660,4488,4385
21,SUCUMBÍOS,2104,Shushufindi,2018,1482.1470199999997,45.34102231819833,Alto,3013,152075293,4670,4381
21,SUCUMBÍOS,2104,Shushufindi,2019,1202.97561,42.23167115244799,Alto,3114,188610884,4729,4369
21,SUCUMBÍOS,2104,Shushufindi,2020,952.46837,47.634905419267334,Alto,3051,175427922,4837,4302
21,SUCUMBÍOS,2104,Shushufindi,2021,1536.8600799999995,51.07888543940785,Alto,2977,147309633,4521,4396
21,SUCUMBÍOS,2104,Shushufindi,2022,2035.1499699999995,53.085261363370314,Alto,2950,173048627,4890,4369
21,SUCUMBÍOS,2104,Shushufindi,2023,1757.8588800000005,51.77306179604797,Alto,2908,150127485,4475,4445
21,SUCUMBÍOS,2104,Shushufindi,2024,1667.3472899999997,52.23613666939207,Alto,3123,177561539,4669,4454
21,SUCUMBÍOS,2105,Sucumbíos,2015,8.767173942849876,0.28829499297035666,Bajo,155,1238155,364,341
21,SUCUMBÍOS,2105,Sucumbíos,2016,10.18414069473154,0.39215150983893615,Bajo,156,1334402,347,369
21,SUCUMBÍOS,2105,Sucumbíos,2017,9.188978353700051,0.37222232988930526,Bajo,152,1040700,338,346
21,SUCUMBÍOS,2105,Sucumbíos,2018,7.262809999999999,0.2221798687034664,Bajo,153,1197692,362,360
21,SUCUMBÍOS,2105,Sucumbíos,2019,8.80741,0.30919300419131684,Bajo,164,1373321,351,362
21,SUCUMBÍOS,2105,Sucumbíos,2020,10.717850000000002,0.5360217589670662,Bajo,148,1023215,361,349
21,SUCUMBÍOS,2105,Sucumbíos,2021,11.721290000000002,0.38956729822280056,Bajo,171,1639835,382,373
21,SUCUMBÍOS,2105,Sucumbíos,2022,12.94241,0.33759242692168673,Bajo,162,1436362,350,349
21,SUCUMBÍOS,2105,Sucumbíos,2023,12.50724,0.3683675161785472,Bajo,150,831563,331,335
21,SUCUMBÍOS,2105,Sucumbíos,2024,12.76777,0.40000003759466574,Bajo,155,1263378,368,355
21,SUCUMBÍOS,2106,Cascales,2015,22.243115744016166,0.7314305543452563,Bajo,733,6218911,735,759
21,SUCUMBÍOS,2106,Cascales,2016,23.53150393098194,0.9061063738140631,Bajo,716,5771012,751,737
21,SUCUMBÍOS,2106,Cascales,2017,27.166711013013924,1.1004549232202459,Bajo,705,5621153,696,758
21,SUCUMBÍOS,2106,Cascales,2018,17.82523,0.5452995825319803,Bajo,727,7593675,722,822
21,SUCUMBÍOS,2106,Cascales,2019,21.34992,0.7495104581306286,Bajo,715,5406350,732,764
21,SUCUMBÍOS,2106,Cascales,2020,23.197570000000002,1.1601582663651426,Bajo,717,6172485,767,765
21,SUCUMBÍOS,2106,Cascales,2021,24.971469999999997,0.8299485893235058,Bajo,789,9341271,816,766
21,SUCUMBÍOS,2106,Cascales,2022,27.773080000000004,0.7244386076696813,Bajo,689,3931038,662,779
21,SUCUMBÍOS,2106,Cascales,2023,31.82087,0.9371991618087161,Bajo,659,3627158,628,722
21,SUCUMBÍOS,2106,Cascales,2024,34.258199999999995,1.0732713142487353,Bajo,773,8541980,767,804
21,SUCUMBÍOS,2107,Cuyabeno,2015,361.2601993772259,11.87948446316236,Medio,487,24541301,850,835
21,SUCUMBÍOS,2107,Cuyabeno,2016,365.50834205951685,14.074299687504881,Medio,499,24432690,879,839
21,SUCUMBÍOS,2107,Cuyabeno,2017,293.6321860479495,11.894299041116819,Medio,507,26192634,885,866
21,SUCUMBÍOS,2107,Cuyabeno,2018,434.88547,13.303775897434367,Medio,499,23006159,856,837
21,SUCUMBÍOS,2107,Cuyabeno,2019,346.20178,12.153762390371442,Medio,467,17057514,862,760
21,SUCUMBÍOS,2107,Cuyabeno,2020,176.62792,8.833526160666013,Medio,521,31080952,928,821
21,SUCUMBÍOS,2107,Cuyabeno,2021,275.34215,9.151236550103024,Medio,509,20183127,803,773
21,SUCUMBÍOS,2107,Cuyabeno,2022,366.89003,9.570033374083378,Medio,479,18699926,860,777
21,SUCUMBÍOS,2107,Cuyabeno,2023,310.62516999999986,9.148638895187021,Medio,503,27404192,918,823
21,SUCUMBÍOS,2107,Cuyabeno,2024,246.32050000000004,7.716947380814103,Medio,547,38034997,951,852
22,ORELLANA,2201,Orellana,2015,990.8794658088414,25.185273764614074,Alto,6692,326210427,11395,12350
22,ORELLANA,2201,Orellana,2016,882.714798715556,28.453298484497168,Alto,6747,314160318,12089,11946
22,ORELLANA,2201,Orellana,2017,1135.4668178167974,23.754495767613115,Alto,6961,371062763,11609,12374
22,ORELLANA,2201,Orellana,2018,3074.522719999999,57.18739992976482,Alto,6974,371815610,12454,11714
22,ORELLANA,2201,Orellana,2019,2971.7671399999995,55.02399311848462,Alto,6838,347142659,12288,12719
22,ORELLANA,2201,Orellana,2020,1894.3236799999997,56.796186167133925,Alto,6998,338376575,12196,12985
22,ORELLANA,2201,Orellana,2021,3005.91617,56.87884358127596,Alto,7454,500246538,12132,12992
22,ORELLANA,2201,Orellana,2022,4111.93415,56.899126294804326,Alto,6335,235193015,11209,11965
22,ORELLANA,2201,Orellana,2023,3123.6438200000002,58.06504502468771,Alto,7067,450837066,12219,12323
22,ORELLANA,2201,Orellana,2024,2532.6783599999994,41.89681842566056,Alto,7431,442548846,12186,12066
22,ORELLANA,2202,Aguarico,2015,20.22554240943942,0.5140744562747995,Bajo,222,10706601,597,715
22,ORELLANA,2202,Aguarico,2016,22.682774288718857,0.7311531971963323,Bajo,231,11446570,650,714
22,ORELLANA,2202,Aguarico,2017,21.933554819660166,0.4588602035364736,Bajo,230,13406588,613,762
22,ORELLANA,2202,Aguarico,2018,903.1430100000001,16.79883520478314,Bajo,227,12060142,635,725
22,ORELLANA,2202,Aguarico,2019,1060.9268699999998,19.643676655666706,Bajo,231,13017751,633,718
22,ORELLANA,2202,Aguarico,2020,560.7744799999998,16.813310259552743,Bajo,224,10714219,616,749
22,ORELLANA,2202,Aguarico,2021,915.13472,17.31645250595088,Bajo,215,9403565,631,689
22,ORELLANA,2202,Aguarico,2022,1245.9673999999998,17.241145861202316,Bajo,206,9056098,636,711
22,ORELLANA,2202,Aguarico,2023,924.5416700000001,17.186195606562457,Bajo,222,11018129,623,745
22,ORELLANA,2202,Aguarico,2024,843.89492,13.960127267631941,Bajo,213,8765181,610,665
22,ORELLANA,2203,La Joya De Los Sachas,2015,2856.1207166814766,72.59428077429324,Alto,3033,191704278,4929,4878
22,ORELLANA,2203,La Joya De Los Sachas,2016,2117.8285627871014,68.26577318479153,Alto,2989,184078357,4711,4706
22,ORELLANA,2203,La Joya De Los Sachas,2017,3534.9084299262213,73.9519341472562,Alto,3218,212656443,4586,4834
22,ORELLANA,2203,La Joya De Los Sachas,2018,1353.22253,25.170501266316286,Alto,2899,170311398,4841,4742
22,ORELLANA,2203,La Joya De Los Sachas,2019,1326.3030500000004,24.557270626602726,Alto,2903,204188983,4787,4905
22,ORELLANA,2203,La Joya De Los Sachas,2020,837.9281899999999,25.123016713769612,Alto,2924,166256401,4366,4597
22,ORELLANA,2203,La Joya De Los Sachas,2021,1324.6340699999996,25.06512151666523,Alto,2806,122002001,4421,4484
22,ORELLANA,2203,La Joya De Los Sachas,2022,1823.4405499999996,25.231963927612373,Alto,2493,10,3983,4109
22,ORELLANA,2203,La Joya De Los Sachas,2023,1281.27346,23.81744060173845,Alto,3334,295206585,5082,5298
22,ORELLANA,2203,La Joya De Los Sachas,2024,2600.2040700000007,43.01386212754375,Alto,3074,215432923,4582,4841
22,ORELLANA,2204,Loreto,2015,67.13478700006286,1.70637100481788,Medio,1198,21692431,919,1108
22,ORELLANA,2204,Loreto,2016,79.1024016065097,2.5497751335149617,Medio,1174,24775950,966,1099
22,ORELLANA,2204,Loreto,2017,87.6992806435879,1.8347098815942213,Medio,1214,27309925,1016,1195
22,ORELLANA,2204,Loreto,2018,45.33574,0.8432635991357504,Medio,1149,31256000,1003,1218
22,ORELLANA,2204,Loreto,2019,41.85986,0.7750595992459657,Medio,1286,33517788,1037,1232
22,ORELLANA,2204,Loreto,2020,42.2745,1.26748685954372,Medio,1172,27831552,985,1147
22,ORELLANA,2204,Loreto,2021,39.08523,0.7395823961079376,Medio,1075,17327382,938,1152
22,ORELLANA,2204,Loreto,2022,45.36667,0.6277639163809835,Medio,1305,35603317,968,1164
22,ORELLANA,2204,Loreto,2023,50.100850000000015,0.9313187670113829,Medio,1174,25887668,972,1163
22,ORELLANA,2204,Loreto,2024,68.26008999999999,1.1291921791637405,Medio,1141,25190470,961,1175
23,SANTO DOMINGO,2301,Santo Domingo,2015,1469.1418350735482,93.60297955996656,Alto,30230,2730050531,40338,42730
23,SANTO DOMINGO,2301,Santo Domingo,2016,1518.3863552669093,93.5207047425102,Alto,29501,2654321233,39432,42149
23,SANTO DOMINGO,2301,Santo Domingo,2017,1624.4792603559736,93.21811474488096,Alto,29871,2593259947,40355,40866
23,SANTO DOMINGO,2301,Santo Domingo,2018,1606.73335,88.96423336091497,Alto,30036,2742795428,40335,43734
23,SANTO DOMINGO,2301,Santo Domingo,2019,1595.0146900000002,90.16296871508337,Alto,29178,2161348809,40020,39688
23,SANTO DOMINGO,2301,Santo Domingo,2020,1503.90069,90.05167577026077,Alto,29883,2810680448,39800,40954
23,SANTO DOMINGO,2301,Santo Domingo,2021,1578.8196799999998,90.56060722344341,Alto,33390,4097626356,43309,45911
23,SANTO DOMINGO,2301,Santo Domingo,2022,1732.8993899999996,91.0798500516828,Alto,29856,2754103101,39969,41068
23,SANTO DOMINGO,2301,Santo Domingo,2023,1821.36822,90.45761584965072,Alto,27145,1632573484,38873,39631
23,SANTO DOMINGO,2301,Santo Domingo,2024,1844.4992500000003,90.29472184717983,Alto,31203,3098782563,40468,41143
23,SANTO DOMINGO,2302,La Concordia,2015,100.40417935897896,6.397020440033439,Alto,2810,166312198,3499,3508
23,SANTO DOMINGO,2302,La Concordia,2016,105.19674266575696,6.479295257489784,Alto,2779,153874485,3636,3531
23,SANTO DOMINGO,2302,La Concordia,2017,118.185526205998,6.781885255119039,Alto,2711,172135092,3519,3599
23,SANTO DOMINGO,2302,La Concordia,2018,199.31082000000004,11.035766639085026,Alto,2937,208531722,3614,3761
23,SANTO DOMINGO,2302,La Concordia,2019,174.02055,9.837031284916629,Alto,2975,230905347,3786,3871
23,SANTO DOMINGO,2302,La Concordia,2020,166.14118000000002,9.948324229739223,Alto,2594,111201817,3193,3361
23,SANTO DOMINGO,2302,La Concordia,2021,164.56491999999994,9.439392776556588,Alto,2656,141261084,3494,3640
23,SANTO DOMINGO,2302,La Concordia,2022,169.71616,8.920149948317203,Alto,3012,248053270,3956,3852
23,SANTO DOMINGO,2302,La Concordia,2023,192.13634,9.542384150349278,Alto,2905,200236378,3699,3629
23,SANTO DOMINGO,2302,La Concordia,2024,198.25498000000002,9.705278152820176,Alto,2855,212824880,3628,3663
24,SANTA ELENA,2401,Santa Elena,2015,457.77707798774213,37.99486326567303,Alto,5280,473989570,12023,12130
24,SANTA ELENA,2401,Santa Elena,2016,418.1364127053368,39.44622709846007,Alto,5178,487984650,11520,11827
24,SANTA ELENA,2401,Santa Elena,2017,537.5905684169471,41.40640127373493,Alto,5408,492678712,12081,11908
24,SANTA ELENA,2401,Santa Elena,2018,515.34362,32.666585293418215,Alto,5394,528696362,11567,12126
24,SANTA ELENA,2401,Santa Elena,2019,448.92193999999995,33.20700837940011,Alto,5624,763939642,12455,12666
24,SANTA ELENA,2401,Santa Elena,2020,323.03438000000006,33.7108906062151,Alto,5071,411885709,11153,11876
24,SANTA ELENA,2401,Santa Elena,2021,352.91137000000003,31.465811544584994,Alto,5532,481844561,11861,12248
24,SANTA ELENA,2401,Santa Elena,2022,414.43849000000006,34.62951125936989,Alto,5159,382293206,10528,12116
24,SANTA ELENA,2401,Santa Elena,2023,433.74285,30.679207472453513,Alto,4919,383394382,11196,12147
24,SANTA ELENA,2401,Santa Elena,2024,456.25181000000003,29.891701925468055,Alto,6041,904737726,12846,13856
24,SANTA ELENA,2402,La Libertad,2015,567.481458281484,47.100174844899215,Alto,5242,334719742,7606,7419
24,SANTA ELENA,2402,La Libertad,2016,455.11306175599765,42.93453677796244,Alto,4928,328765777,7628,7611
24,SANTA ELENA,2402,La Libertad,2017,544.0137727363395,41.901130517767484,Alto,4742,226509731,7310,7442
24,SANTA ELENA,2402,La Libertad,2018,863.09227,54.709665861478875,Alto,5237,315759425,7711,7705
24,SANTA ELENA,2402,La Libertad,2019,691.4264599999999,51.14520411044947,Alto,5278,400514139,7822,7469
24,SANTA ELENA,2402,La Libertad,2020,447.90725999999995,46.742246579418385,Alto,5380,363779643,7964,7781
24,SANTA ELENA,2402,La Libertad,2021,549.4526099999999,48.98955870687972,Alto,4569,127489951,6997,7345
24,SANTA ELENA,2402,La Libertad,2022,551.8752799999999,46.113408101954775,Alto,5522,385201804,7911,7912
24,SANTA ELENA,2402,La Libertad,2023,727.6270599999999,51.46602770814869,Alto,5341,350501530,7576,7365
24,SANTA ELENA,2402,La Libertad,2024,795.4098200000002,52.11190997363978,Alto,5466,432807476,8040,7725
24,SANTA ELENA,2403,Salinas,2015,179.5808515890978,14.904961889427751,Alto,3484,249141681,7159,7265
24,SANTA ELENA,2403,Salinas,2016,186.7667640033583,17.619236123577476,Alto,3429,229556326,6999,7027
24,SANTA ELENA,2403,Salinas,2017,216.72285435199805,16.692468208497598,Alto,3487,248775527,6901,7278
24,SANTA ELENA,2403,Salinas,2018,199.15055,12.623748845102902,Alto,3492,244083161,6796,7363
24,SANTA ELENA,2403,Salinas,2019,211.54074,15.64778751015043,Alto,3474,290104540,7395,7197
24,SANTA ELENA,2403,Salinas,2020,187.30768,19.546862814366516,Alto,3815,337217119,7602,7440
24,SANTA ELENA,2403,Salinas,2021,219.20687,19.54462974853528,Alto,3452,201956337,7145,6808
24,SANTA ELENA,2403,Salinas,2022,230.46457000000004,19.257080638675333,Alto,3305,192819458,6820,6736
24,SANTA ELENA,2403,Salinas,2023,252.43078999999997,17.85476481939781,Alto,3347,223365141,7182,7006
24,SANTA ELENA,2403,Salinas,2024,274.68776,17.99638810089215,Alto,3947,362861850,7556,7894
